[
    {
        "advantage": [
            {
                "summary": "吉利银河E8的售后服务被多次提及为优点，用户表示售后服务周到，能够及时解决问题，提供了良好的用户体验。",
                "summary_topic": "售后服务好",
                "uuid": [
                    "5060737c-1568-40c2-8f9e-7bbc265b9667",
                    "5f2dd666-8675-4a8d-8a00-a1ef99b110c9",
                    "5461fb91-e4c0-4e04-953a-88e1da1b1956",
                    "78798cc2-f390-49e3-a479-bf2e516ce1ac"
                ],
                "keywords": [
                    "售后服务",
                    "服务周到",
                    "用户体验"
                ]
            }
        ],
        "disadvantage": [
            {
                "summary": "吉利银河E8的售后服务存在问题，用户反映售后服务态度差，解决问题效率低，影响了用户体验。",
                "summary_topic": "售后服务差",
                "uuid": [
                    "5d1c5773-c31f-4fa8-92c0-c6741f010a19",
                    "7042b48a-6051-4764-b0ab-3e713ddcf20e",
                    "a1218590-5806-46b0-a5cf-f5f65b741ef1",
                    "fc746c77-621b-4b3b-8da9-40729107d911"
                ],
                "keywords": [
                    "售后服务",
                    "服务态度差",
                    "解决效率低"
                ]
            }
        ],
        "theme": "售后服务"
    },
    {
        "advantage": [
            {
                "summary": "吉利银河E8凭借其在安全、三电以及配置等方面的诸多核心优势，赢得了无数用户的认可，其销量也在不断激增，相信随着产品的不断宣传，吉利银河E8也会吸引更多用户及其家庭的关注，成为吉利银河系列的又一爆款。",
                "summary_topic": "品牌认可度高",
                "uuid": [
                    "9b4a7ecc-db4b-47b2-bebd-d0fba7cde1ba"
                ],
                "keywords": [
                    "SEA架构",
                    "安全性",
                    "三电系统",
                    "高压平台",
                    "四驱",
                    "电池管理系统"
                ]
            },
            {
                "summary": "吉利银河E8在设计上独具匠心，完美融合了现代科技与艺术美学。流线型车身线条、精致的内饰设计和丰富的智能科技配置，使得吉利银河E8不仅拥有超高的颜值，还具备强大的实用性和舒适性。",
                "summary_topic": "设计美学出众",
                "uuid": [
                    "d675e265-0749-47d7-bce8-6d074cdc05ac"
                ],
                "keywords": [
                    "电动汽车",
                    "吉利银河E8",
                    "设计",
                    "性能",
                    "安全",
                    "环保"
                ]
            },
            {
                "summary": "吉利银河E8的推出，不仅提升了吉利汽车的品牌形象，更在全球电动汽车市场树立了新的标杆。它凭借卓越的性能、安全、环保等方面的优势，满足了消费者对未来出行的期待。",
                "summary_topic": "品牌形象提升",
                "uuid": [
                    "d675e265-0749-47d7-bce8-6d074cdc05ac"
                ],
                "keywords": [
                    "电动汽车",
                    "吉利银河E8",
                    "设计",
                    "性能",
                    "安全",
                    "环保"
                ]
            },
            {
                "summary": "吉利银河E8的安全性能得到了多重保障，具体包括结构安全、电池安全、电安全、碰撞安全等方面，均通过了多项严苛的测试和认证。",
                "summary_topic": "安全性能可靠",
                "uuid": [
                    "0f724c06-e66a-467b-adb2-9fa60d4a63b2"
                ],
                "keywords": [
                    "安全性能",
                    "结构安全",
                    "电池安全",
                    "电安全",
                    "碰撞安全",
                    "C-NCAP五星认证"
                ]
            },
            {
                "summary": "吉利银河E8在高规格配置下展现出强大的性能表现，尤其是四驱版，在最大功率达到475kW、最大扭矩达到710N·m的情况下，它的官方零百加速时间仅为3.49秒。",
                "summary_topic": "性能表现优异",
                "uuid": [
                    "62b57729-25c0-4f18-81dc-7d735f02d827"
                ],
                "keywords": [
                    "吉利银河E8",
                    "SEA架构",
                    "性能",
                    "四驱版",
                    "国际化形象",
                    "市场竞争",
                    "底盘质量"
                ]
            }
        ],
        "disadvantage": [
            {
                "summary": "吉利银河E8的后排空间较为紧凑，主要表现在座位太矮，副驾还不能调整，中配以下只有主驾座位做的舒服。",
                "summary_topic": "后排空间局促",
                "uuid": [
                    "2c29d697-7981-4518-9ad2-92ed866fe4b9"
                ],
                "keywords": [
                    "操控性",
                    "安全性",
                    "悬架",
                    "内部空间",
                    "电芯品牌",
                    "磷酸铁锂电池",
                    "价格",
                    "市场定位"
                ]
            },
            {
                "summary": "吉利银河E8的电芯品牌不够硬，质量有待验证，查了一下都排不上前八名，看看能不能用终生三点质保打消购买者顾虑。",
                "summary_topic": "电芯质量存疑",
                "uuid": [
                    "2c29d697-7981-4518-9ad2-92ed866fe4b9"
                ],
                "keywords": [
                    "操控性",
                    "安全性",
                    "悬架",
                    "内部空间",
                    "电芯品牌",
                    "磷酸铁锂电池",
                    "价格",
                    "市场定位"
                ]
            },
            {
                "summary": "吉利银河E8的全系磷酸铁锂电池，能量密度低，磷酸铁锂价格相比三元锂低很多，没有体现在车价上。",
                "summary_topic": "电池能量密度低",
                "uuid": [
                    "2c29d697-7981-4518-9ad2-92ed866fe4b9"
                ],
                "keywords": [
                    "操控性",
                    "安全性",
                    "悬架",
                    "内部空间",
                    "电芯品牌",
                    "磷酸铁锂电池",
                    "价格",
                    "市场定位"
                ]
            },
            {
                "summary": "吉利银河E8对比燃油车特别是日系三强中级车，在年底冲销量15-18万价格区间，银河并无优势。",
                "summary_topic": "价格竞争力弱",
                "uuid": [
                    "2c29d697-7981-4518-9ad2-92ed866fe4b9"
                ],
                "keywords": [
                    "操控性",
                    "安全性",
                    "悬架",
                    "内部空间",
                    "电芯品牌",
                    "磷酸铁锂电池",
                    "价格",
                    "市场定位"
                ]
            }
        ],
        "theme": "品牌口碑"
    },
    {
        "advantage": [
            {
                "summary": "销售服务态度好，热情周到。",
                "summary_topic": "销售服务好",
                "uuid": [
                    "8002940a-ccba-4c99-9ac1-76ea15b13ff0",
                    "c835f3e1-51c0-42d9-95af-493e0b5cc5a5",
                    "70260015-559e-4961-a4cb-1aae827a8f0a",
                    "924160ba-af27-4ada-8ae3-43f6fb752151",
                    "7e93ff89-4db0-4613-83d3-c9c801828116",
                    "78798cc2-f390-49e3-a479-bf2e516ce1ac",
                    "afecf32e-a17c-473f-98d4-a82fe011fe39",
                    "e60af6ec-f581-4eaf-a77f-9f644d1e806b",
                    "801c9e45-1fc2-4a40-9229-bc6d32a1fcea",
                    "e4c4fb56-6a85-4a1a-b6ca-96ab38f9bfd2"
                ],
                "keywords": [
                    "销售服务",
                    "热情大方",
                    "服务到位",
                    "服务好",
                    "态度好"
                ]
            },
            {
                "summary": "多种购车方案可选，例如分期、置换等，满足不同消费者需求。",
                "summary_topic": "购车方案多样",
                "uuid": [
                    "ceb618fb-9a02-4b26-9441-b6ff34fadeff",
                    "73fabd12-66a5-4bbf-a613-fa642a587e2e",
                    "749f7f2d-a82b-4998-b25f-3fb3340bc789",
                    "9012c35c-dca1-475c-a74e-d30e59c109a5",
                    "a5633c57-63e9-493b-914e-da360d617610",
                    "70260015-559e-4961-a4cb-1aae827a8f0a",
                    "b0377299-dd00-491b-b796-e4172da64ce4",
                    "129d90e3-797b-4692-abaf-b53c2ac8e12d",
                    "8be858a6-a267-4d8b-9e5c-0c33d2d1cb0f"
                ],
                "keywords": [
                    "分期",
                    "置换",
                    "补贴",
                    "方案",
                    "按揭"
                ]
            },
            {
                "summary": "优惠力度大，性价比高。",
                "summary_topic": "优惠力度大",
                "uuid": [
                    "1d41a811-20dc-404a-bfb2-cf0f66cf186a",
                    "678bf2dc-069f-4b96-b139-2e1c000b6621",
                    "9012c35c-dca1-475c-a74e-d30e59c109a5",
                    "749f7f2d-a82b-4998-b25f-3fb3340bc789",
                    "31ff1983-9193-4e5a-b606-1f4267317fc8",
                    "9cb73fb5-33a2-4bc2-8ca0-a60a82b380cd"
                ],
                "keywords": [
                    "价格",
                    "优惠",
                    "性价比",
                    "补贴",
                    "划算"
                ]
            },
            {
                "summary": "提车速度快，效率高。",
                "summary_topic": "提车速度快",
                "uuid": [
                    "ed70a020-68cc-4861-8bb2-47f81e92888e",
                    "76698c71-955b-4b34-813f-70cd19c219f7",
                    "b847831b-334c-409a-931b-fda80429ae28"
                ],
                "keywords": [
                    "提车",
                    "效率高",
                    "速度快",
                    "现车"
                ]
            },
            {
                "summary": "购车流程便捷，手续办理快速。",
                "summary_topic": "购车流程便捷",
                "uuid": [
                    "8002940a-ccba-4c99-9ac1-76ea15b13ff0",
                    "ceb618fb-9a02-4b26-9441-b6ff34fadeff",
                    "010746a5-38f2-40bf-9952-e1e98291b70b"
                ],
                "keywords": [
                    "提车流程",
                    "手续办理",
                    "快速",
                    "便捷"
                ]
            }
        ],
        "disadvantage": [
            {
                "summary": "部分车型配置需要等待时间较长，例如智驾版、特定颜色等。",
                "summary_topic": "等车时间长",
                "uuid": [
                    "e2a2408d-bc72-4f41-b871-f4122c852572",
                    "712c5e94-3cd6-40f3-ad89-28cd884ba73a",
                    "c7c039de-0997-45f9-8d24-5baa3845cb4b",
                    "a624fce3-63e0-4469-90cd-a77401654626",
                    "41ea626e-e69d-483c-ae11-3562b9a14cae",
                    "7e6c64c9-52dc-433d-b549-e6b60d80e9dc",
                    "2fed7363-ff3c-48b7-b176-df70fb77dcfc",
                    "6cd9251b-ed93-4f31-b6cd-ac88757990fd",
                    "c835f3e1-51c0-42d9-95af-493e0b5cc5a5",
                    "112a67b1-2283-493b-90c9-92ba44dae968",
                    "434bf609-5156-476b-a783-3ca8c081fd5e"
                ],
                "keywords": [
                    "智驾版",
                    "等车",
                    "时间长",
                    "现车",
                    "售罄"
                ]
            },
            {
                "summary": "不同地区、不同时间购车优惠政策不一致，导致部分车主感觉不公平。",
                "summary_topic": "优惠政策不一",
                "uuid": [
                    "d0b6d861-44d1-4ec5-8430-321d93b193ac",
                    "749f7f2d-a82b-4998-b25f-3fb3340bc789",
                    "26d5d2c1-1ae0-4b47-8f3a-e421384c1efc",
                    "167051d3-1dd0-438c-a76e-ebcab0438a2d",
                    "59567e2f-97a1-405d-bd01-21ea2112bc18"
                ],
                "keywords": [
                    "价格",
                    "优惠",
                    "政策",
                    "补贴",
                    "置换补贴"
                ]
            },
            {
                "summary": "退订流程不清晰，部分4S店存在不退定金的情况。",
                "summary_topic": "退订金困难",
                "uuid": [
                    "fafc27bf-c88f-4434-bc9f-916d8b4779a8",
                    "d0ce287d-545f-471e-972f-cd7a5b6536fa",
                    "d5580255-2f32-41ff-9705-7d2a8b3b2607",
                    "c4a3fbba-39d8-41bb-a9eb-f2cee43a43dc",
                    "1e684c3f-d0bc-498d-90ab-9ff99b8e9627"
                ],
                "keywords": [
                    "退订金",
                    "定金",
                    "退订",
                    "退款"
                ]
            },
            {
                "summary": "部分4S店销售人员专业度不足，对车型配置和政策不了解。",
                "summary_topic": "销售不专业",
                "uuid": [
                    "dd711199-3c0c-4a86-8a43-d0aa27e660fb",
                    "1e66472a-bdc6-478e-9d0a-8fa7dd9eb56b",
                    "e31b254f-5fa8-4d68-9bc6-e8a3c6a2a570",
                    "d0ce287d-545f-471e-972f-cd7a5b6536fa"
                ],
                "keywords": [
                    "销售",
                    "专业",
                    "配置",
                    "政策"
                ]
            },
            {
                "summary": "部分4S店存在强制贷款、捆绑销售保险等行为。",
                "summary_topic": "强制贷款捆绑",
                "uuid": [
                    "2c9a3ea2-c918-4650-ac9a-f7f033f6bc6b",
                    "38329cfd-834a-4eca-bc68-5e3f6bcce1c7",
                    "5a62f936-aa89-4530-8923-06c06d600bb1"
                ],
                "keywords": [
                    "强制贷款",
                    "捆绑销售",
                    "保险"
                ]
            }
        ],
        "theme": "购买体验"
    },
    {
        "advantage": [
            {
                "summary": "购车价格实惠，性价比高。",
                "summary_topic": "价格实惠",
                "uuid": [
                    "9ce1062c-734a-4513-bd87-92a105a75915",
                    "ea2d6cf0-1913-4450-8d13-cc4a5d09ae1a",
                    "1d41a811-20dc-404a-bfb2-cf0f66cf186a",
                    "c46ec608-b8b2-468f-9e19-2e4d938f0097",
                    "bd9ed998-20a7-469b-9f97-1d15cb9a2426",
                    "36483dd9-f3f2-4cdf-80fb-b70279a4862f",
                    "95ab751f-ca80-4635-84a5-e99bab3a1262",
                    "c835f3e1-51c0-42d9-95af-493e0b5cc5a5",
                    "d0cc0234-3f3f-42bd-b705-ba8d545534b9",
                    "0f7172d5-aa7b-4543-8c1a-736c60711844",
                    "3abbb4d0-3710-4f21-9660-22c218749ba4",
                    "ceb618fb-9a02-4b26-9441-b6ff34fadeff",
                    "40766fa1-2c7c-41ff-a924-9a6d214d73fd",
                    "9833f203-4db4-4adb-92aa-c71dc1621721"
                ],
                "keywords": [
                    "价格真香",
                    "价格合适",
                    "性价比高",
                    "价格实惠",
                    "性价比"
                ]
            },
            {
                "summary": "用车成本低，充电费用低廉。",
                "summary_topic": "用车成本低",
                "uuid": [
                    "2c42ba5f-e5de-4dfb-9365-f0c4b51633d5",
                    "89425a8c-4c37-4196-bd79-6cbd869b96aa",
                    "457ec081-b2c1-453b-a58f-dad702a21bc7",
                    "a5df3e21-b357-4ce1-9a54-c54841e9e904",
                    "f75e0d49-0695-4e43-ae39-2fa00d144620",
                    "978a145f-661e-465b-957e-d4b65bec235e",
                    "0312e7d8-f3e0-4feb-a381-b78e99353bec",
                    "4b876aab-7c60-423a-b46a-1f2492d26ff3",
                    "f9418efe-debc-4729-bfe4-6d68373186de",
                    "36483dd9-f3f2-4cdf-80fb-b70279a4862f",
                    "5111d892-77c0-4813-bc4e-7b4cc0e3ced9"
                ],
                "keywords": [
                    "电费",
                    "充电便宜",
                    "用车成本低",
                    "充电费用",
                    "维护成本"
                ]
            },
            {
                "summary": "可以享受各种补贴政策，例如置换补贴、国家补贴等，进一步降低购车成本。",
                "summary_topic": "补贴多",
                "uuid": [
                    "1d675012-d271-4f24-8863-a4462e96aa2c",
                    "73fabd12-66a5-4bbf-a613-fa642a587e2e",
                    "678bf2dc-069f-4b96-b139-2e1c000b6621",
                    "749f7f2d-a82b-4998-b25f-3fb3340bc789",
                    "31ff1983-9193-4e5a-b606-1f4267317fc8",
                    "b0377299-dd00-491b-b796-e4172da64ce4",
                    "da0759f8-e983-4e27-a73e-05b24010b616"
                ],
                "keywords": [
                    "补贴",
                    "置换补贴",
                    "以旧换新",
                    "国补政策",
                    "报废补贴"
                ]
            },
            {
                "summary": "吉利银河E8的售价亲民实惠，各种优惠加一起，最终17万出头的价格就能拿下，性价比极高。",
                "summary_topic": "价格实惠，性价比高",
                "uuid": [
                    "670ac954-89e1-4602-9d85-c8238f44f615"
                ],
                "keywords": [
                    "价格",
                    "实惠",
                    "优惠",
                    "性价比"
                ]
            },
            {
                "summary": "吉利银河E8的性价比很高，20万以内就能拥有出色的性能和配置。",
                "summary_topic": "配置出色，价格实惠",
                "uuid": [
                    "2f96154d-4681-47b5-b5a8-1c49d7450ae5"
                ],
                "keywords": [
                    "性价比",
                    "价格",
                    "性能",
                    "配置"
                ]
            }
        ],
        "disadvantage": [
            {
                "summary": "部分地区落地价格较高，优惠力度较小。",
                "summary_topic": "落地价高",
                "uuid": [
                    "84e8a953-bf98-4bf5-b47e-e8f3d2628da9",
                    "e5c36d69-d419-4400-a2a7-d3c8fcbc850e",
                    "ffe80f39-5576-433f-a079-9d3383e659dd",
                    "2087783b-4316-4deb-a252-6659a99cdcc4",
                    "0b5122df-a43a-4706-9ae1-8916019a7287",
                    "80cb4dd7-417a-4f92-8006-6480d6841de8",
                    "d85c9502-09cf-4d93-be14-c02e47c3da58",
                    "26d5d2c1-1ae0-4b47-8f3a-e421384c1efc",
                    "80ad41db-9b02-47af-b64d-08b0522cf9f8"
                ],
                "keywords": [
                    "最低落地价",
                    "落地价格",
                    "预算",
                    "优惠",
                    "砍价"
                ]
            },
            {
                "summary": "不同地区价格和优惠政策差异较大，导致部分消费者感觉价格不透明，购车体验不佳。",
                "summary_topic": "价格不透明",
                "uuid": [
                    "d0b6d861-44d1-4ec5-8430-321d93b193ac",
                    "cd433acf-0e24-4b75-9d4e-c73a04477194",
                    "26d5d2c1-1ae0-4b47-8f3a-e421384c1efc",
                    "c835f3e1-51c0-42d9-95af-493e0b5cc5a5"
                ],
                "keywords": [
                    "价格",
                    "优惠",
                    "价格不透明",
                    "购车体验"
                ]
            },
            {
                "summary": "保养费用较高，部分4S店存在乱收费现象。",
                "summary_topic": "保养贵",
                "uuid": [
                    "f9418efe-debc-4729-bfe4-6d68373186de",
                    "63a77fc8-d992-48a8-9769-ac25bb05d162"
                ],
                "keywords": [
                    "4S店",
                    "保养",
                    "价格",
                    "保养费用"
                ]
            },
            {
                "summary": "吉利银河E8的价格背刺老车主，买了就亏。",
                "summary_topic": "价格背刺，买了就亏",
                "uuid": [
                    "8d4ac894-8d34-434e-8ccb-5145fbd0722f"
                ],
                "keywords": [
                    "价格背刺",
                    "亏"
                ]
            },
            {
                "summary": "E8性能版取消了2000抵7000的优惠。",
                "summary_topic": "取消优惠，价格偏高",
                "uuid": [
                    "fbd752fb-bd4a-433c-bd51-4b50dc93bd7d"
                ],
                "keywords": [
                    "取消2000抵7000",
                    "e8性能版"
                ]
            }
        ],
        "theme": "价格成本"
    },
    {
        "advantage": [
            {
                "summary": "车内空间宽敞，乘坐舒适，尤其是前排和第二排腿部空间充足，可以轻松容纳多人乘坐。",
                "summary_topic": "空间宽敞舒适",
                "uuid": [
                    "0a00ebca-aa1c-4522-9b6f-79c2db3026c8",
                    "95ddcfc6-1052-437c-9144-79d4e6253557",
                    "a47b102c-a187-40a6-966d-6a1771aa9cd6",
                    "d25c5247-63c6-43d9-9532-daf8a5421464",
                    "97cfd854-0067-4784-911b-df178d5870de"
                ],
                "keywords": [
                    "大空间",
                    "宽敞",
                    "舒适",
                    "腿部空间",
                    "乘坐空间"
                ]
            },
            {
                "summary": "储物空间丰富，车内设计了多个储物格、杯架，方便放置物品；后备箱容积大，可以轻松放下多个行李箱。此外，部分车型还配备了前备箱，提供额外的储物空间。",
                "summary_topic": "储物空间丰富",
                "uuid": [
                    "95ddcfc6-1052-437c-9144-79d4e6253557",
                    "d25c5247-63c6-43d9-9532-daf8a5421464",
                    "bc2818bd-76e6-4b39-a5c2-5c970b0218ab",
                    "3abbb4d0-3710-4f21-9660-22c218749ba4",
                    "97cfd854-0067-4784-911b-df178d5870de"
                ],
                "keywords": [
                    "储物空间",
                    "储物格",
                    "杯架",
                    "后备箱",
                    "前备箱"
                ]
            },
            {
                "summary": "银河E8的车内空间宽敞，乘坐舒适，尤其后排空间充裕，可以轻松翘二郎腿。",
                "summary_topic": "空间宽敞舒适",
                "uuid": [
                    "43d0edc4-88bc-4735-a55c-26b2c0fd3d00",
                    "28762077-237d-404d-a3e8-949fd8b386d1",
                    "f1e17193-a0bf-4f2a-b08f-0ab1276ef796",
                    "924160ba-af27-4ada-8ae3-43f6fb752151",
                    "48931f6f-a8ab-4373-9e7e-68eb2d846535"
                ],
                "keywords": [
                    "空间宽敞",
                    "乘坐舒适",
                    "后排翘二郎腿",
                    "乘坐空间很棒",
                    "空间很大"
                ]
            },
            {
                "summary": "后备箱空间大，容积达410L，空间规整，利用率高，可以放置很多物品。",
                "summary_topic": "后备箱空间大",
                "uuid": [
                    "0b729338-dbbb-45b3-9d53-87ede4f6e685",
                    "d46b7b61-5f9a-4ccb-a6ed-b970b760d111"
                ],
                "keywords": [
                    "后备箱容积",
                    "空间规整",
                    "后备箱也比预期要大"
                ]
            },
            {
                "summary": "前排座椅舒适，配备加热、通风和记忆功能。",
                "summary_topic": "前排座椅舒适",
                "uuid": [
                    "f1e17193-a0bf-4f2a-b08f-0ab1276ef796"
                ],
                "keywords": [
                    "座椅加热通风",
                    "记忆功能"
                ]
            }
        ],
        "disadvantage": [
            {
                "summary": "后排座椅高度较低，坐垫偏短，长时间乘坐舒适性欠佳，部分用户称之为“小板凳”，尤其是对身材高大的乘客来说，腿部支撑不足。",
                "summary_topic": "后排座椅偏矮",
                "uuid": [
                    "d662fec6-9f3f-4757-b9ec-f7a13b93820a",
                    "ea2d6cf0-1913-4450-8d13-cc4a5d09ae1a",
                    "fca4a252-8239-4f36-bd61-4a826012b659",
                    "25c34cbe-0b30-4cba-bc50-b65f76a6e7e7",
                    "53b25c3f-ab39-4076-96ca-45566d216541",
                    "662e18d1-0b1c-4558-a73d-f901c90a3c30",
                    "5f2dd666-8675-4a8d-8a00-a1ef99b110c9",
                    "3917d498-71ed-4fa7-80be-99fafeea89db",
                    "40766fa1-2c7c-41ff-a924-9a6d214d73fd",
                    "559f838b-4b0b-4f39-bc22-218a87b573d5",
                    "0053e8d3-6b32-4268-a988-55629bac396d",
                    "47689860-f772-44fe-80cb-f9cfc813a452",
                    "2a1dd0bb-46a6-4101-8b7c-4b3b118daa66"
                ],
                "keywords": [
                    "后排空间",
                    "矮板凳",
                    "小板凳",
                    "坐垫短",
                    "腿部支撑"
                ]
            },
            {
                "summary": "后排座椅纵向空间偏低矮，座椅较短，个子高的人乘坐体验不佳，像小板凳。",
                "summary_topic": "后排座椅偏矮",
                "uuid": [
                    "bd814a79-4673-4be2-87a3-67a1e5b118df",
                    "7858f7bc-e615-4977-8b85-b67468aba77f",
                    "48931f6f-a8ab-4373-9e7e-68eb2d846535",
                    "8ee073a2-6779-4d43-ae46-ace58fba8291",
                    "e213d3c8-38de-4e9c-8797-7beebf62015d",
                    "c4a3fbba-39d8-41bb-a9eb-f2cee43a43dc"
                ],
                "keywords": [
                    "后排座椅短小",
                    "纵向空间不足",
                    "排纵向空间偏低",
                    "地台高",
                    "像小板凳",
                    "后排空间",
                    "坐垫都短"
                ]
            },
            {
                "summary": "头部空间，尤其是后排头部空间，对于身材高大的乘客来说，可能会感到局促。",
                "summary_topic": "后排头部空间小",
                "uuid": [
                    "fca4a252-8239-4f36-bd61-4a826012b659",
                    "89d1f220-696f-4221-847a-aa581a3f3267",
                    "de85762a-c6af-4188-b1b2-cc3b423ea895",
                    "2a1dd0bb-46a6-4101-8b7c-4b3b118daa66",
                    "7024c35c-13a0-4b64-a1b3-a4cfdcc59537"
                ],
                "keywords": [
                    "后排",
                    "头部空间",
                    "局促",
                    "小",
                    "不足"
                ]
            },
            {
                "summary": "后排地台凸起较高，影响后排中间乘客的舒适性。",
                "summary_topic": "后排地台凸起",
                "uuid": [
                    "d46b7b61-5f9a-4ccb-a6ed-b970b760d111",
                    "eb38f336-4d1d-41f4-b4d2-7ebd14173755",
                    "cca6efe3-1163-4fbc-8d56-5933422ffeb2"
                ],
                "keywords": [
                    "地板不平整",
                    "地台高",
                    "后排地台",
                    "突起"
                ]
            },
            {
                "summary": "没有掀背尾门设计。",
                "summary_topic": "没有掀背尾门",
                "uuid": [
                    "7858f7bc-e615-4977-8b85-b67468aba77f",
                    "6925e18f-f8f0-46fe-bcf0-46698e36cbca"
                ],
                "keywords": [
                    "掀背尾门"
                ]
            }
        ],
        "theme": "空间舒适"
    },
    {
        "advantage": [
            {
                "summary": "外观造型时尚动感，线条流畅，回头率高。",
                "summary_topic": "外观设计出色",
                "uuid": [
                    "6e9c5a5c-90ad-42a0-8454-03c23d266d04",
                    "a3c9d3a4-e05d-47bc-bf2e-c22c65211963",
                    "21e097e6-d2e9-4d1e-a385-39a61f20e590",
                    "457ec081-b2c1-453b-a58f-dad702a21bc7",
                    "d23acf0c-8cda-44a5-acf4-566fddad4008",
                    "1676ee81-bd99-4430-8468-c225871d5453",
                    "845cbd71-8f9c-4a9a-b103-1da68cd53da2",
                    "d81a452f-9dfe-4be7-9180-5ef84ee145ef",
                    "c58072d5-b215-427c-a1c1-b1b8ee6a7c62",
                    "540fbea8-8216-431c-a0b1-c5f8fda9724a",
                    "95ab751f-ca80-4635-84a5-e99bab3a1262",
                    "7c4d9db0-ac52-472e-a667-86303bbede60",
                    "f131d7a4-4308-4c64-9044-b1eb5f0b9afc",
                    "de85762a-c6af-4188-b1b2-cc3b423ea895",
                    "a8f2e09b-0b36-48cf-9da7-6d8bb962ec4a"
                ],
                "keywords": [
                    "外观",
                    "造型",
                    "线条",
                    "动感",
                    "回头率",
                    "颜值"
                ]
            },
            {
                "summary": "内饰设计简约大气，科技感十足，45英寸大屏是亮点。",
                "summary_topic": "内饰科技感强",
                "uuid": [
                    "a3c9d3a4-e05d-47bc-bf2e-c22c65211963",
                    "205cc009-2cd6-451a-b332-93aab91015a0",
                    "5562ea60-145a-4cc0-afe7-ef3da19cee3a",
                    "8b0df105-ed15-4499-8a08-734b7ab53962",
                    "80367627-43d2-424d-824e-2c0f4dd46162",
                    "78d576ba-ac36-43fb-9800-0b047dd795fb",
                    "861eb376-06b7-4ac3-953e-afb941a18620",
                    "7a959db5-afba-46a3-bbfc-da2df4a8eb6e",
                    "c90b9fa0-b226-454f-a72e-12ccdc438380",
                    "ea2d6cf0-1913-4450-8d13-cc4a5d09ae1a",
                    "d73aa217-594a-4ec1-b87d-d75c95372b77",
                    "845cbd71-8f9c-4a9a-b103-1da68cd53da2",
                    "4aae6e2c-004f-46e6-b1a1-9d73ef36b838",
                    "00916ef6-8c33-4389-95c5-b8f2a5756165",
                    "d25c5247-63c6-43d9-9532-daf8a5421464"
                ],
                "keywords": [
                    "大屏",
                    "科技感",
                    "内饰",
                    "简约",
                    "大气"
                ]
            },
            {
                "summary": "外观设计时尚前卫，造型动感，具有轿跑风格，辨识度高。",
                "summary_topic": "外观动感，造型前卫",
                "uuid": [
                    "52588b7d-73f8-4983-b25f-08ec10bac077",
                    "e903add7-d2cd-4b48-b934-3b29f8aeb354",
                    "112a67b1-2283-493b-90c9-92ba44dae968",
                    "de5d8b91-d337-4064-8dc9-39a40d496d0f",
                    "26988798-34f1-447e-ab20-0101b7e2ff42",
                    "72a7294a-e03e-4712-87c1-92e4045965e2",
                    "1d61e57b-a528-41c6-8f54-19adb8654d1f",
                    "bc2e1e8d-1da4-4fa0-b72d-4f48300d1e8e",
                    "319406a4-d13a-414b-bf0b-2d0034e55884",
                    "fec62595-4fcb-4898-b5d9-ef4c8a6761a5",
                    "2d91a432-18ee-4ced-8e05-6cf143682fb1",
                    "bf0a5608-c67a-48d1-a954-a7a18d608c8a"
                ],
                "keywords": [
                    "轿跑车设计风格",
                    "涟漪美学",
                    "溜背式造型",
                    "大气上档次",
                    "高级感",
                    "造型优美",
                    "前卫",
                    "颜值高",
                    "动感",
                    "漂亮",
                    "耐看",
                    "帅"
                ]
            },
            {
                "summary": "45英寸8K无界智慧屏，显示效果出色，功能丰富，科技感十足。",
                "summary_topic": "大屏清晰功能多",
                "uuid": [
                    "52588b7d-73f8-4983-b25f-08ec10bac077",
                    "1982736d-ebc6-4f1d-b5ce-5167395bffe7",
                    "e903add7-d2cd-4b48-b934-3b29f8aeb354",
                    "4782fb94-90c2-4daa-91a4-b6efe901a7f9",
                    "54e49806-a7ef-4751-b585-c7845eddaced",
                    "befc1d3b-dfb9-441b-b984-390be046c3f5",
                    "de5d8b91-d337-4064-8dc9-39a40d496d0f",
                    "f03b8a77-875d-41ba-8c32-d0df4bb93c7b",
                    "c66272f0-db3d-43b5-af5e-dad5dac164fa",
                    "00524554-fc20-4c92-96cb-a0f186f4bb3d",
                    "a6c206b6-26f8-4307-9ce0-fef834f8207b"
                ],
                "keywords": [
                    "45英寸8K无界智慧大屏",
                    "8K无界智慧霸屏",
                    "45寸大屏",
                    "大尺寸中控屏",
                    "超宽显示屏",
                    "高清触控大屏",
                    "8K分辨率",
                    "显示效果好",
                    "功能丰富",
                    "科技感十足",
                    "超大屏幕"
                ]
            },
            {
                "summary": "无边框车门设计，时尚动感，提升车辆的运动感和科技感。",
                "summary_topic": "无边框车门很时尚",
                "uuid": [
                    "e903add7-d2cd-4b48-b934-3b29f8aeb354",
                    "112a67b1-2283-493b-90c9-92ba44dae968",
                    "de5d8b91-d337-4064-8dc9-39a40d496d0f",
                    "f4ed4d2e-fe0e-44cb-a9b0-f76d03f8336d",
                    "d2556874-5637-436e-9082-447db2281cb4",
                    "720593fd-bed6-4716-a85c-28f24b5bfc79",
                    "1d61e57b-a528-41c6-8f54-19adb8654d1f",
                    "82e7ac03-507a-4e89-b880-d646f77b8da6",
                    "48931f6f-a8ab-4373-9e7e-68eb2d846535",
                    "61c3465e-d0ab-4f14-8d14-1e2c06ab6014"
                ],
                "keywords": [
                    "无边框车门",
                    "时尚动感",
                    "运动感",
                    "科技感",
                    "超酷"
                ]
            }
        ],
        "disadvantage": [
            {
                "summary": "后排座椅短，腿部支撑不足，乘坐舒适性欠佳，被戏称为“小板凳”。",
                "summary_topic": "后排座椅不舒服",
                "uuid": [
                    "fca4a252-8239-4f36-bd61-4a826012b659",
                    "36483dd9-f3f2-4cdf-80fb-b70279a4862f",
                    "ea2d6cf0-1913-4450-8d13-cc4a5d09ae1a",
                    "40766fa1-2c7c-41ff-a924-9a6d214d73fd",
                    "662e18d1-0b1c-4558-a73d-f901c90a3c30",
                    "3917d498-71ed-4fa7-80be-99fafeea89db",
                    "5f2dd666-8675-4a8d-8a00-a1ef99b110c9",
                    "25c34cbe-0b30-4cba-bc50-b65f76a6e7e7",
                    "f5d28bd3-9236-4e28-8820-1aee47ad130b",
                    "078776f7-8611-4e07-bb80-9cdca7cc0e94",
                    "559f838b-4b0b-4f39-bc22-218a87b573d5",
                    "97bb9e93-a293-4192-bafe-eb2462f18a26",
                    "47689860-f772-44fe-80cb-f9cfc813a452",
                    "8be858a6-a267-4d8b-9e5c-0c33d2d1cb0f",
                    "02f845ea-883b-4415-b138-18d454a69970",
                    "a651c4e4-b953-4ee2-82ad-cc2df30e4f8a",
                    "2a1dd0bb-46a6-4101-8b7c-4b3b118daa66"
                ],
                "keywords": [
                    "后排座椅",
                    "短",
                    "支撑不足",
                    "小板凳",
                    "不舒服"
                ]
            },
            {
                "summary": "底盘低，容易刮蹭，通过性受限。",
                "summary_topic": "底盘低通过性差",
                "uuid": [
                    "a3c9d3a4-e05d-47bc-bf2e-c22c65211963",
                    "cf48d774-7d75-44aa-a197-faf0c26b5b60",
                    "fca4a252-8239-4f36-bd61-4a826012b659",
                    "ea2d6cf0-1913-4450-8d13-cc4a5d09ae1a",
                    "89d1f220-696f-4221-847a-aa581a3f3267",
                    "c7b1cbab-4720-4659-aa50-bdcb4071685b",
                    "7ab7a0c9-f7e5-4f90-8354-c73078ac0517",
                    "1dcbc7ac-dc1b-463c-9825-7fa00005748c",
                    "4c63b791-6eba-4e17-9b4f-51b3cdfc23e9",
                    "1fcdf18a-2294-43b0-be52-79766fa05909"
                ],
                "keywords": [
                    "底盘低",
                    "刮蹭",
                    "通过性",
                    "磕碰",
                    "离地间隙"
                ]
            },
            {
                "summary": "后排座椅舒适性不足，坐垫偏短，地台较高，腿部支撑不足。",
                "summary_topic": "后排座椅不太舒服",
                "uuid": [
                    "ef074062-3622-4027-b667-c6ecb7f61f43",
                    "8ee073a2-6779-4d43-ae46-ace58fba8291",
                    "c907733f-ab6f-42f8-a834-d5ef7d60999d",
                    "b60b06b2-bda7-415e-bdff-9f5f0cc57715",
                    "d4048cd9-e55e-43d9-beef-c9c75435d875",
                    "094d5765-eef6-4664-bfdb-1c1c0d51b7eb",
                    "37de35c5-42e7-411b-98bc-63fc28898e6c",
                    "72dbdad2-52c0-4849-8b21-620d3ad35144",
                    "e213d3c8-38de-4e9c-8797-7beebf62015d",
                    "eeac919b-110a-4daf-b22d-daedc8db2b97"
                ],
                "keywords": [
                    "后排地台较高",
                    "后排座椅短",
                    "后排坐姿偏低",
                    "腿部没有承托",
                    "后排座椅不舒服",
                    "腿部支撑不足",
                    "后排座椅长度不足",
                    "后排地面高",
                    "地台高"
                ]
            },
            {
                "summary": "车机系统存在一些bug，部分功能不够完善，智能化体验有待提升。",
                "summary_topic": "车机系统需优化",
                "uuid": [
                    "c907733f-ab6f-42f8-a834-d5ef7d60999d",
                    "b60b06b2-bda7-415e-bdff-9f5f0cc57715",
                    "d51ee1bd-0cc7-4243-855c-e55828208a87",
                    "abad264b-c22e-44ab-a9ac-47c1a51539c2",
                    "e171b4ed-1c36-4533-9139-1178abb06974",
                    "76f9c6da-18e4-4230-938f-19bd8380a2d4",
                    "3ec0e18b-c052-440c-a3d0-0f18ae57a04c"
                ],
                "keywords": [
                    "车机不成熟",
                    "智障",
                    "车机智障",
                    "语音犯傻",
                    "反应速度",
                    "语音识别准确率",
                    "断网"
                ]
            },
            {
                "summary": "全景天幕透光率高，夏天可能暴晒，影响车内舒适性。",
                "summary_topic": "天幕暴晒不舒适",
                "uuid": [
                    "73a8fc4f-e494-4b6f-ada5-954a5ee680fc",
                    "1982736d-ebc6-4f1d-b5ce-5167395bffe7",
                    "b209592c-c861-40b8-a7d5-0147253184b2",
                    "72dbdad2-52c0-4849-8b21-620d3ad35144",
                    "50f77728-30e1-45ce-a30b-d0006b93d17e",
                    "37de35c5-42e7-411b-98bc-63fc28898e6c",
                    "8052a1d9-27f1-40be-84e5-7155c87d16d2"
                ],
                "keywords": [
                    "全景天幕",
                    "夏天暴晒",
                    "大天幕窗",
                    "炙热",
                    "透光率高",
                    "不可开启全景天窗"
                ]
            }
        ],
        "theme": "外观内饰"
    },
    {
        "advantage": [
            {
                "summary": "45英寸大屏带来沉浸式体验，视觉效果震撼，可用于导航、娱乐、游戏等多种用途。",
                "summary_topic": "大屏体验很棒",
                "uuid": [
                    "2908f122-50d2-4bfc-8db1-3adf8f41ab78",
                    "fac16ef7-7bfc-4b26-89f9-97a3ba981495",
                    "205cc009-2cd6-451a-b332-93aab91015a0",
                    "5562ea60-145a-4cc0-afe7-ef3da19cee3a",
                    "861eb376-06b7-4ac3-953e-afb941a18620",
                    "8b0df105-ed15-4499-8a08-734b7ab53962",
                    "ceb618fb-9a02-4b26-9441-b6ff34fadeff",
                    "ea2d6cf0-1913-4450-8d13-cc4a5d09ae1a",
                    "80367627-43d2-424d-824e-2c0f4dd46162",
                    "c90b9fa0-b226-454f-a72e-12ccdc438380",
                    "0a00ebca-aa1c-4522-9b6f-79c2db3026c8",
                    "509ca924-b6df-4f1c-8d10-0361db642290",
                    "fc2eed11-c633-4d74-b313-964367c5ae0c",
                    "78d576ba-ac36-43fb-9800-0b047dd795fb",
                    "00916ef6-8c33-4389-95c5-b8f2a5756165",
                    "dbb817e4-cdfa-4a95-92c3-2fa76c42fe18",
                    "91e48261-b677-475a-9144-79d4e6253557",
                    "a8f2e09b-0b36-48cf-9da7-6d8bb962ec4a",
                    "cde2f38a-9054-40ac-b17b-87913e0a5908",
                    "f0bbf8f3-f8c2-41af-b9e3-32fffbad6d14",
                    "41389dc8-b8e8-42bd-bfa0-e3654ebd54d0",
                    "24173ea2-6270-4a2d-b242-598a14934a61",
                    "68ffbafd-efa4-4fd2-a1db-b391cc6008d5",
                    "ea59f3d7-d4b0-40a1-93ee-855d6cb3a0ec",
                    "5dc23100-9677-48eb-bc8e-ff2c18828f45",
                    "d73aa217-594a-4ec1-b87d-d75c95372b77",
                    "4f27edd3-5b9f-4a7a-b89d-ba588b8faf77"
                ],
                "keywords": [
                    "45英寸大屏",
                    "大连屏",
                    "沉浸式体验",
                    "视觉效果",
                    "导航",
                    "娱乐",
                    "游戏"
                ]
            },
            {
                "summary": "智能辅助驾驶功能实用，例如自适应巡航、车道保持等，可以减轻驾驶负担，提高驾驶安全性。",
                "summary_topic": "辅助驾驶好用",
                "uuid": [
                    "4083de2b-ca80-4e42-b5ba-8d1d5833f3d4",
                    "89425a8c-4c37-4196-bd79-6cbd869b96aa",
                    "480bb843-ba3b-4b5a-8f51-334a4c23af92",
                    "fca4a252-8239-4f36-bd61-4a826012b659",
                    "db4fc904-b626-40ac-ae38-74e051cd43cf",
                    "bc51275e-1400-42e4-af5d-93e89d01a1ed",
                    "97bb9e93-a293-4192-bafe-eb2462f18a26",
                    "e77fdcea-aa7e-4785-92f6-ad9bf8482ae3",
                    "a47b102c-a187-40a6-966d-6a1771aa9cd6",
                    "40fc79dc-82b5-4f42-ae84-ed2c75a10d0f",
                    "c52854c2-f462-4201-8bd6-625094cdfbd6",
                    "081a45e4-bc14-4087-a12e-48e47e44c030",
                    "e97689a8-64cf-4d74-a3d6-2efcb3e1798b",
                    "656924c9-9c19-4f49-b4a3-343e00d69441",
                    "077c4e08-479f-4618-896d-085bf1d3ae06",
                    "1b700884-bc14-490b-b2a2-a870081dd291",
                    "74648293-a4a9-4631-bd3e-8f6aa88d365d",
                    "8f6435d8-e837-4530-900a-731266727181",
                    "474c55bd-bf4b-4770-81b9-cec85cd73493",
                    "6ead3663-9c59-4663-a2cd-f6dbd3fe43a9",
                    "156d9c0f-c419-4cfc-a407-21eb3400d7a0",
                    "028d6ee8-7f04-4f9d-bfb6-f25450711270",
                    "ea59f3d7-d4b0-40a1-93ee-855d6cb3a0ec"
                ],
                "keywords": [
                    "辅助驾驶",
                    "L2",
                    "自适应巡航",
                    "车道保持",
                    "车道居中",
                    "安全驾驶"
                ]
            },
            {
                "summary": "车机系统流畅，反应迅速，操作便捷。",
                "summary_topic": "车机流畅反应快",
                "uuid": [
                    "4782fb94-90c2-4daa-91a4-b6efe901a7f9",
                    "54e49806-a7ef-4751-b585-c7845eddaced",
                    "befc1d3b-dfb9-441b-b984-390be046c3f5",
                    "a6c206b6-26f8-4307-9ce0-fef834f8207b",
                    "0d7f563c-915b-4a9e-8c00-b24cf418a2cf",
                    "109fcc34-ce3b-492b-b049-298d3f8b0ebe",
                    "d46b7b61-5f9a-4ccb-a6ed-b970b760d111",
                    "4180ba62-944c-497a-92e0-338a1eefeadc",
                    "0aec6caa-543e-45a4-ae45-d634c33934f3",
                    "242da998-c4aa-4742-a7df-bd337176b97d",
                    "f03b8a77-875d-41ba-8c32-d0df4bb93c7b",
                    "48931f6f-a8ab-4373-9e7e-68eb2d846535",
                    "82e7ac03-507a-4e89-b880-d646f77b8da6",
                    "fdb6cb85-233b-458a-a321-746fad1459fe",
                    "6fa5f90a-198e-488f-a058-82f8d27d774f",
                    "9f15ca79-e619-4cff-9294-ed7d4005b47a",
                    "6993244c-01b2-4034-9526-1364629c1ab9",
                    "41a1086a-c4dc-4e54-ad5a-8d22226139f3",
                    "bfadca2d-4b16-401c-aa93-1e9879655358"
                ],
                "keywords": [
                    "8K大屏",
                    "8K智慧屏",
                    "8K无界智慧屏",
                    "骁龙8295",
                    "高通骁龙8295芯片",
                    "高通骁龙8295旗舰座舱芯片",
                    "银河 N OS",
                    "流畅",
                    "丝滑"
                ]
            },
            {
                "summary": "45英寸8K大屏，显示效果出色，带来沉浸式体验。",
                "summary_topic": "大屏显示好",
                "uuid": [
                    "4782fb94-90c2-4daa-91a4-b6efe901a7f9",
                    "befc1d3b-dfb9-441b-b984-390be046c3f5",
                    "7d4ca0a4-d45c-4b13-b33f-adfdd8f6f379",
                    "a6c206b6-26f8-4307-9ce0-fef834f8207b",
                    "6f714027-cf91-4eb8-b551-2b396be216b1",
                    "bd814a79-4673-4be2-87a3-67a1e5b118df",
                    "293820df-cc6d-4dae-b0cd-4bbcd113735d",
                    "f03b8a77-875d-41ba-8c32-d0df4bb93c7b",
                    "41a1086a-c4dc-4e54-ad5a-8d22226139f3",
                    "0c03a38f-a51c-413e-b2bf-3f8c620fa733",
                    "1d61e57b-a528-41c6-8f54-19adb8654d1f",
                    "ac59eec8-94e8-4d33-b603-b781048005ab",
                    "c53f4d33-219d-4105-8a36-85d26d7a97d1",
                    "02ad7202-bd8f-48c9-86b1-f9ba2bd372b9",
                    "c66272f0-db3d-43b5-af5e-dad5dac164fa",
                    "b3921ff6-c43f-426a-a16b-86c4b4b818a4",
                    "2728e405-63fd-4942-9c26-59753438c188",
                    "18070aa1-5b97-453d-8b85-cdb61546e3f7",
                    "40dd162a-5d39-4001-9c63-34cd9362427a"
                ],
                "keywords": [
                    "45英寸8K大屏",
                    "45英寸8K超宽显示屏",
                    "8K无界智慧屏",
                    "超长宽屏",
                    "高清触控大屏",
                    "显示效果好",
                    "沉浸式体验"
                ]
            },
            {
                "summary": "智能语音助手功能强大，识别准确，响应迅速。",
                "summary_topic": "语音助手好用",
                "uuid": [
                    "4782fb94-90c2-4daa-91a4-b6efe901a7f9",
                    "06b91ad8-c969-41cc-9d9b-02df48ef247c",
                    "65ba2da1-3641-4b55-90bf-b5dbf2fcb7c5",
                    "41a1086a-c4dc-4e54-ad5a-8d22226139f3",
                    "7b4f2f00-bb76-498a-bb14-d5f06372ef43",
                    "e0437836-7829-4c37-9090-397ceafcbab0",
                    "0fad9cf9-2e11-4568-a674-a4a461c9d562",
                    "90aab0d1-9723-4679-b111-adaef8f168d1",
                    "abad264b-c22e-44ab-a9ac-47c1a51539c2",
                    "2728e405-63fd-4942-9c26-59753438c188",
                    "3ec0e18b-c052-440c-a3d0-0f18ae57a04c",
                    "34fe581f-a7de-4036-9edb-05d56db82cc4",
                    "5fd4e1de-4f54-41c4-ba83-18987560e3c9",
                    "b1c52e5a-3838-4629-90a5-e80dd86f111e",
                    "fed34fa8-e2b7-4bf5-8379-ead04bcd48bc",
                    "242da998-c4aa-4742-a7df-bd337176b97d",
                    "520d114c-e1f0-4737-afab-01395332c018",
                    "f8764be3-9f51-4c4d-9c59-08e2cb57f56a",
                    "0f0eff0b-9c9a-448c-aa15-d81b8a84011f"
                ],
                "keywords": [
                    "AI智能语音",
                    "语音识别",
                    "语音控制",
                    "语音助手",
                    "智能语音控制系统",
                    "AI语音"
                ]
            }
        ],
        "disadvantage": [
            {
                "summary": "车机系统偶尔会出现卡顿、不稳定等问题，例如钥匙连接不上、系统错误等。",
                "summary_topic": "车机偶尔卡顿",
                "uuid": [
                    "be1bb88d-2140-4188-b5b4-da629f37e66e",
                    "7f4e8ed5-b9ee-48ac-93c9-1be1ed4f611b",
                    "f89b1cd1-194f-4ff3-a096-323df43fb54d",
                    "b3e186a4-c826-4054-a7f7-8068047c4cff",
                    "79a843f0-0616-4983-ab55-90d7cd5c8599",
                    "9367155d-effa-4bf7-b001-b37d4d69d785",
                    "9e5fb4ba-0c88-4141-bf32-049249fea061",
                    "6c2a9f1e-8df6-4993-ad3a-ec974912d8a3",
                    "99e82f98-064c-4d06-b69f-b2b7d84b0e8c",
                    "4c93d474-822a-419d-a7d8-a12031960e5b",
                    "7c4fe5f7-d1c4-480b-84ea-75caabd8eed1",
                    "08e6331f-d50b-48e1-9234-2759ad944147",
                    "e48c2d25-af79-4e67-a56a-c16aa5b7367e",
                    "091947df-87bc-4820-abf1-13a2482479d4",
                    "fb88e1e8-d8bf-404b-ac20-4fbda74acd04",
                    "e1f64fac-1433-4a20-8202-b2b3718fc3ac",
                    "c7c039de-0997-45f9-8d24-5baa3845cb4b",
                    "662e18d1-0b1c-4558-a73d-f901c90a3c30",
                    "58ab591c-0b53-4b99-937d-bf99a19b77f9",
                    "de94123e-94a7-4bcb-981b-5924f08989a4",
                    "4521a3f0-53c2-40d2-8fea-76d716177936"
                ],
                "keywords": [
                    "卡顿",
                    "不稳定",
                    "系统错误",
                    "钥匙连接不上",
                    "BUG"
                ]
            },
            {
                "summary": "车机系统应用商城软件较少，部分用户希望能够安装更多第三方应用。",
                "summary_topic": "应用软件较少",
                "uuid": [
                    "8b0df105-ed15-4499-8a08-734b7ab53962",
                    "b9c16bc9-31cf-4279-9ad7-cc44e9fe9e67",
                    "ea2d6cf0-1913-4450-8d13-cc4a5d09ae1a",
                    "d73aa217-594a-4ec1-b87d-d75c95372b77",
                    "7640856f-0de7-4608-9389-1f0d06f6f821",
                    "078776f7-8611-4e07-bb80-9cdca7cc0e94",
                    "dbb817e4-cdfa-4a95-92c3-2fa76c42fe18",
                    "662e18d1-0b1c-4558-a73d-f901c90a3c30",
                    "02f845ea-883b-4415-b138-18d454a69970",
                    "94286a03-5fdf-46e7-90fc-6024309b00f0",
                    "ca5fb697-2cbe-44dd-8726-04a6576cfbaa",
                    "c2490615-79bb-4f15-a77a-54f4370fe83f",
                    "1e53f43d-acac-401d-b3df-ebd9911e318f",
                    "1976f3f6-cd6f-4652-8ebd-f024c0917a6a",
                    "1e66472a-bdc6-478e-9d0a-8fa7dd9eb56b"
                ],
                "keywords": [
                    "应用商城",
                    "软件少",
                    "第三方应用",
                    "APP"
                ]
            },
            {
                "summary": "部分用户认为 AI 语音助手不够智能，不能理解所有指令，或反应速度较慢。",
                "summary_topic": "语音助手不够智能",
                "uuid": [
                    "f89b1cd1-194f-4ff3-a096-323df43fb54d",
                    "53f92449-8c60-40c8-b603-ffdf83ebc0b2",
                    "103b4eec-b1e4-480e-9e25-6548a8860889",
                    "5dc23100-9677-48eb-bc8e-ff2c18828f45",
                    "47689860-f772-44fe-80cb-f9cfc813a452",
                    "ea9fb41a-824b-4e8b-9dd6-65051ac2119b",
                    "02f845ea-883b-4415-b138-18d454a69970",
                    "662e18d1-0b1c-4558-a73d-f901c90a3c30",
                    "8be858a6-a267-4d8b-9e5c-0c33d2d1cb0f",
                    "0454f29c-c569-440e-a297-a58c2c8caa2c",
                    "4500b617-90f5-443a-945d-5bd93bbbde5d"
                ],
                "keywords": [
                    "AI语音助手",
                    "不够智能",
                    "不能理解指令",
                    "反应慢"
                ]
            },
            {
                "summary": "车机系统部分功能不完善，存在一些bug，例如语音识别偶尔出错，某些功能不支持等。",
                "summary_topic": "车机部分不完善",
                "uuid": [
                    "befc1d3b-dfb9-441b-b984-390be046c3f5",
                    "c907733f-ab6f-42f8-a834-d5ef7d60999d",
                    "b94866d8-0b5d-40b1-9cbe-330ab4c90e52",
                    "abad264b-c22e-44ab-a9ac-47c1a51539c2",
                    "d51ee1bd-0cc7-4243-855c-e55828208a87",
                    "b60b06b2-bda7-415e-bdff-9f5f0cc57715",
                    "7b709145-cd9b-422a-acdf-709547190cbf",
                    "ad791097-9f47-4554-b037-239b2824ecee"
                ],
                "keywords": [
                    "车机不成熟",
                    "不支持这个功能",
                    "返回按键",
                    "语音犯傻",
                    "智障",
                    "车机智障",
                    "系统升级",
                    "下载卡住"
                ]
            },
            {
                "summary": "45英寸大屏在强光下容易反光，影响驾驶视线，部分用户建议增加防反光措施或优化屏幕亮度调节。",
                "summary_topic": "大屏容易反光",
                "uuid": [
                    "5562ea60-145a-4cc0-afe7-ef3da19cee3a",
                    "1c5d57a6-682b-44a3-ac31-f378144778d0",
                    "f9418efe-debc-4729-bfe4-6d68373186de",
                    "577be27f-2190-4cdf-b43a-65dd7d632cf6",
                    "b2e9c513-d453-4471-b188-fa44bd02a673",
                    "1e66472a-bdc6-478e-9d0a-8fa7dd9eb56b"
                ],
                "keywords": [
                    "大屏",
                    "反光",
                    "强光",
                    "驾驶视线",
                    "屏幕亮度"
                ]
            }
        ],
        "theme": "智能系统"
    },
    {
        "advantage": [
            {
                "summary": "操控性好，转向精准，驾驶灵活。",
                "summary_topic": "操控精准易上手",
                "uuid": [
                    "762a7072-3cd8-4fea-a574-f67a9971d05c",
                    "99328be2-1342-492d-b6a6-e6d21cba78a8",
                    "c7c26c99-2669-4ec9-8305-407d5546732a",
                    "ccbd52a2-4a31-4838-8e8e-cccfbd51970e",
                    "660ebad7-4dc1-4c9e-8669-46a9158bf488",
                    "0ac84074-9051-402d-820b-208d92251e3d",
                    "484b5ebd-2144-4182-974a-a60b04252048",
                    "e1818b9b-5ee7-44fa-acbd-d7c3d24179bf",
                    "55e1f121-6499-44f6-8580-db5507c4c7be",
                    "7de154be-e6c0-420c-9ef6-0df0db969666",
                    "ba731b14-96ac-4423-94a1-362f49b8caf8",
                    "d3cbab75-291b-44d1-a96f-f116d50c88c6",
                    "7b7a0df2-ddc6-4fc9-9d13-c683e001624a",
                    "4e80a9bc-a04a-4d0f-bb46-8eacec717e79",
                    "7232ae6b-beab-4f27-ab3e-4ac612ba77b7",
                    "f9e14470-1e6c-4ea0-959c-db2cb06e5a0b",
                    "5461fb91-e4c0-4e04-953a-88e1da1b1956",
                    "aeeb2803-3e18-4276-9edc-e2fe27bfea1e",
                    "1976f3f6-cd6f-4652-8ebd-f024c0917a6a",
                    "41297a2e-ed0a-4d70-a0be-a215037921ce",
                    "075c1c81-c0db-40c5-a077-1ff5e5550a07",
                    "4eebcd64-0b8e-49a7-b395-af4224dcdd27",
                    "c87b6a15-b8e3-461c-8992-5255eea29873",
                    "010746a5-38f2-40bf-9952-e1e98291b70b",
                    "4985d79e-a4e2-4491-b78d-438051486f3a",
                    "0d3f0e4d-7b9b-4acd-a5f6-76b7f95e8bdd",
                    "34296023-cc24-4bba-93a5-61c9c041ab36",
                    "53f92449-8c60-40c8-b603-ffdf83ebc0b2",
                    "9b480474-31d7-4f19-b612-4c2b38b0aad2",
                    "24173ea2-6270-4a2d-b242-598a14934a61",
                    "ec64e0f0-52ae-4a48-976e-8acc38696249",
                    "4af3df83-9c00-4186-92dd-241fe311f3c1",
                    "9ee4da3c-2e16-4234-beea-0347b9599214",
                    "f9e14470-1e6c-4ea0-959c-db2cb06e5a0b"
                ],
                "keywords": [
                    "操控性好",
                    "转向精准",
                    "驾驶灵活",
                    "操控性强",
                    "操控感好",
                    "操控稳定",
                    "操控舒服",
                    "操控灵活",
                    "转向轻盈",
                    "转向精准",
                    "操控出色"
                ]
            },
            {
                "summary": "动力强劲，加速迅速，超车轻松。",
                "summary_topic": "动力强劲超车易",
                "uuid": [
                    "762a7072-3cd8-4fea-a574-f67a9971d05c",
                    "ccbd52a2-4a31-4838-8e8e-cccfbd51970e",
                    "2e5f7d3b-b643-473e-b51f-8d78dcace43f",
                    "660ebad7-4dc1-4c9e-8669-46a9158bf488",
                    "c7c26c99-2669-4ec9-8305-407d5546732a",
                    "0ac84074-9051-402d-820b-208d92251e3d",
                    "484b5ebd-2144-4182-974a-a60b04252048",
                    "55e1f121-6499-44f6-8580-db5507c4c7be",
                    "7de154be-e6c0-420c-9ef6-0df0db969666",
                    "86eff68c-bead-475b-bfa4-4cf02ce722f2",
                    "ca73f2f5-1d07-474d-a319-185cafe097e7",
                    "d3cbab75-291b-44d1-a96f-f116d50c88c6",
                    "7b7a0df2-ddc6-4fc9-9d13-c683e001624a",
                    "d508560a-2a2e-4be3-855d-1d4cb4a31b8d",
                    "4e80a9bc-a04a-4d0f-bb46-8eacec717e79",
                    "9bea8a1a-1a06-4962-ae27-8946ca803b37",
                    "d0269e55-04e6-41ba-b914-44d35a5bb73f",
                    "f9e14470-1e6c-4ea0-959c-db2cb06e5a0b",
                    "5461fb91-e4c0-4e04-953a-88e1da1b1956",
                    "7f8820a3-44ee-456b-933c-98550510e1fa",
                    "aeeb2803-3e18-4276-9edc-e2fe27bfea1e",
                    "1976f3f6-cd6f-4652-8ebd-f024c0917a6a",
                    "010746a5-38f2-40bf-9952-e1e98291b70b"
                ],
                "keywords": [
                    "动力强劲",
                    "加速迅猛",
                    "超车轻松",
                    "提速快",
                    "动力强",
                    "动力足",
                    "动力输出平顺",
                    "加速给力"
                ]
            },
            {
                "summary": "吉利银河E8的操控性能优异，转向精准，操控灵活，转弯半径小，即使是车身较长也容易驾驶。",
                "summary_topic": "操控灵活，转向精准",
                "uuid": [
                    "34fe581f-a7de-4036-9edb-05d56db82cc4",
                    "3cd861b7-e9aa-4ff0-aa5a-64543aa48056",
                    "9d4a775d-af8d-4cf7-867d-d3e014897542",
                    "22614949-58a6-477d-a776-8201d5a8796c",
                    "1cca6dd1-3936-40fb-a7a3-a869b7b39341",
                    "282cd47c-0ded-437b-a88e-846c60197d6c",
                    "c19be767-4258-4cde-952b-9ad5b48febe71",
                    "056c2873-922d-4ebc-9a3a-2a9180547fbd",
                    "8f1f624a-63b6-444e-b087-9a83041a5d93",
                    "08b5ea89-062a-454e-812f-fc347af7fec1",
                    "69c41528-349d-460e-8ef1-cfe94892365f",
                    "8a30e5cd-d2c3-4065-a6d9-fb623e934c6f",
                    "b093d859-650a-438d-84f4-072b059a5f8d",
                    "a43478e3-87e7-489f-ab75-759c39452f72",
                    "07dcd7c2-cc3c-4164-83f1-6082c6079c3e",
                    "fa5b893a-fed8-4ff3-b16b-99afae0b89b3",
                    "8caa73c0-e767-4e81-ac45-9166e9011f84",
                    "62b57729-25c0-4f18-81dc-7d735f02d827",
                    "d8b65d42-0207-49cd-abcb-725ed4d58105",
                    "54ab45c2-897f-471f-af4b-7576b3b5afd0",
                    "2e0176b5-1683-4025-b26d-b0d1a1ffc1c0",
                    "aefcac47-ad9d-4eaf-b490-0cf026bc83f7",
                    "982d76a2-234b-4d30-8905-c5a469dbe955"
                ],
                "keywords": [
                    "操控稳定性",
                    "转向精准",
                    "操控性",
                    "轻巧灵动",
                    "转弯半径小",
                    "操控",
                    "灵活"
                ]
            },
            {
                "summary": "吉利银河E8的加速性能非常出色，动力强劲，响应迅速，推背感十足，带来畅快的驾驶乐趣。",
                "summary_topic": "加速给力，动力强劲",
                "uuid": [
                    "d7ddb0a5-5588-4dd7-85b6-374984084cba",
                    "8cfc9e4f-064e-4bc3-abc3-3e551e89a269",
                    "4a652e5e-e5ec-4fc4-81d1-53b2ddacdc48",
                    "9d4a775d-af8d-4cf7-867d-d3e014897542",
                    "7b7425ec-58ea-4f59-8bba-ebd026444450",
                    "ab0de143-6394-4bec-886c-0f5a26f31943",
                    "282cd47c-0ded-437b-a88e-846c60197d6c",
                    "c19be767-4258-4cde-952b-9ad5b48febe71",
                    "22614949-58a6-477d-a776-8201d5a8796c",
                    "09106d3e-1317-464d-884b-496190211bc7",
                    "69c41528-349d-460e-8ef1-cfe94892365f",
                    "8a30e5cd-d2c3-4065-a6d9-fb623e934c6f",
                    "b093d859-650a-438d-84f4-072b059a5f8d",
                    "08b5ea89-062a-454e-812f-fc347af7fec1",
                    "fd77d635-85c7-40e1-a8da-c6a32a3723f2",
                    "d7609581-0b73-421c-ae50-110c0db263c0",
                    "844b92b5-91fe-485a-bdb3-fab3de55ab06"
                ],
                "keywords": [
                    "加速",
                    "提速",
                    "动力十足",
                    "加速迅猛",
                    "推背感",
                    "零百加速",
                    "动力强劲",
                    "动力澎湃"
                ]
            },
            {
                "summary": "吉利银河 E8 的底盘调校出色，行驶稳定，质感优秀，能够有效过滤路面颠簸，带来舒适的驾驶体验。",
                "summary_topic": "底盘扎实，行驶稳定",
                "uuid": [
                    "34fe581f-a7de-4036-9edb-05d56db82cc4",
                    "3cd861b7-e9aa-4ff0-aa5a-64543aa48056",
                    "1cca6dd1-3936-40fb-a7a3-a869b7b39341",
                    "094d5765-eef6-4664-bfdb-1c1c0d51b7eb",
                    "f259d4b1-bb31-447b-bbe4-df06f113f824",
                    "37de35c5-42e7-411b-98bc-63fc28898e6c",
                    "69c41528-349d-460e-8ef1-cfe94892365f",
                    "b1c52e5a-3838-4629-90a5-e80dd86f111e",
                    "d8b65d42-0207-49cd-abcb-725ed4d58105",
                    "19938750-cd87-4afe-8342-6e6d30268144",
                    "e76626df-6580-43f0-816d-b4f259030fac",
                    "a43478e3-87e7-489f-ab75-759c39452f72",
                    "52e1505b-d7f0-4fc0-96dd-80a7bd67d5db",
                    "62b57729-25c0-4f18-81dc-7d735f02d827",
                    "ebc4c6cb-6ce3-402e-ae9d-6e18b662033c",
                    "61ac8cf9-ca01-41e3-8805-5aec737fdb96"
                ],
                "keywords": [
                    "悬挂系统",
                    "优秀调教",
                    "舒适取向",
                    "底盘质感",
                    "底盘舒适性",
                    "行驶稳定",
                    "底盘扎实"
                ]
            }
        ],
        "disadvantage": [
            {
                "summary": "部分用户反映吉利银河E8的座椅舒适性欠佳，座椅偏短，后排空间不足，头部空间拘谨，地台较高。",
                "summary_topic": "座椅偏短，空间不足",
                "uuid": [
                    "5fd4e1de-4f54-41c4-ba83-18987560e3c9",
                    "3cd861b7-e9aa-4ff0-aa5a-64543aa48056",
                    "094d5765-eef6-4664-bfdb-1c1c0d51b7eb",
                    "c5695e6a-4721-44b5-b723-dbb7138899b8",
                    "6925e18f-f8f0-46fe-bcf0-46698e36cbca",
                    "37de35c5-42e7-411b-98bc-63fc28898e6c",
                    "094d5765-eef6-4664-bfdb-1c1c0d51b7eb",
                    "ca7ed4b1-9350-44cf-a47b-78f94f689226",
                    "8caa73c0-e767-4e81-ac45-9166e9011f84",
                    "d13a0e7e-23b8-4069-bedb-910c6c113bed",
                    "4ce065ef-e5c4-498f-8784-c3031d30097b",
                    "204f5ffb-7ff0-4dca-9377-92f156d1e8cc"
                ],
                "keywords": [
                    "座椅",
                    "腿托",
                    "按摩",
                    "后排空间",
                    "纵向空间",
                    "座椅舒适性",
                    "座椅较矮"
                ]
            },
            {
                "summary": "L2级辅助驾驶系统有时不够智能，例如高速过弯会突然减速。",
                "summary_topic": "辅助驾驶待提升",
                "uuid": [
                    "762a7072-3cd8-4fea-a574-f67a9971d05c",
                    "fb88e1e8-d8bf-404b-ac20-4fbda74acd04",
                    "1976f3f6-cd6f-4652-8ebd-f024c0917a6a",
                    "40de17d4-6eb5-48e1-b881-1f4530d2d2ae",
                    "c7c039de-0997-45f9-8d24-5baa3845cb4b",
                    "004cc0b4-e2e4-47b6-b94f-9baca0526022",
                    "2fed7363-ff3c-48b7-b176-df70fb77dcfc",
                    "b3003d9b-11f8-4858-8df4-49765c660586",
                    "1ddca16b-0b54-4b1d-8eac-f1cb54212e50",
                    "d51ee1bd-0cc7-4243-855c-e55828208a87",
                    "13c4b9e6-54df-4d1a-a96e-71168b634701"
                ],
                "keywords": [
                    "L2级辅助驾驶",
                    "自动跟车",
                    "高速过弯减速",
                    "acc",
                    "辅助驾驶",
                    "居中辅助",
                    "虚空刹车",
                    "急刹车"
                ]
            },
            {
                "summary": "车身较低，容易刮底盘，通过性略差。",
                "summary_topic": "底盘低通过性差",
                "uuid": [
                    "4300a177-8889-4fae-96fc-566bb83d3844",
                    "6236618f-e34c-4961-8998-027fed1adb76",
                    "ef074062-3622-4027-b667-c6ecb7f61f43",
                    "e73dcf22-ae53-46f8-9795-46e379c0fd88",
                    "62a85cad-992f-45db-8fd0-c7e4095a0757",
                    "9e22de1e-2af7-4cea-adad-0373cfa65be8",
                    "4135acf4-33e2-4ac5-94ba-f47ab80da402",
                    "c7c039de-0997-45f9-8d24-5baa3845cb4b"
                ],
                "keywords": [
                    "底盘低",
                    "刮底盘",
                    "通过性差",
                    "容易托底",
                    "磕底盘"
                ]
            },
            {
                "summary": "高速风噪较大，影响车内静谧性。",
                "summary_topic": "风噪大静谧性差",
                "uuid": [
                    "762a7072-3cd8-4fea-a574-f67a9971d05c",
                    "fb88e1e8-d8bf-404b-ac20-4fbda74acd04",
                    "4eebcd64-0b8e-49a7-b395-af4224dcdd27",
                    "1976f3f6-cd6f-4652-8ebd-f024c0917a6a",
                    "dcaf4e4c-6864-4410-b403-9cbbae0d9b17",
                    "b3003d9b-11f8-4858-8df4-49765c660586",
                    "c7b1cbab-4720-4659-aa50-bdcb4071685b",
                    "4a1a3ec7-d06b-473d-a4a4-7b7cc98ca593"
                ],
                "keywords": [
                    "风噪",
                    "胎噪",
                    "噪音",
                    "风噪大",
                    "静谧性差"
                ]
            },
            {
                "summary": "底盘低，容易刮蹭，通过性差。",
                "summary_topic": "底盘低通过性差",
                "uuid": [
                    "a3c9d3a4-e05d-47bc-bf2e-c22c65211963",
                    "7f4e8ed5-b9ee-48ac-93c9-1be1ed4f611b",
                    "fca4a252-8239-4f36-bd61-4a826012b659",
                    "ea2d6cf0-1913-4450-8d13-cc4a5d09ae1a",
                    "cf48d774-7d75-44aa-a197-faf0c26b5b60",
                    "89d1f220-696f-4221-847a-aa581a3f3267",
                    "25c34cbe-0b30-4cba-bc50-b65f76a6e7e7"
                ],
                "keywords": [
                    "底盘高度",
                    "底盘太低",
                    "容易刮蹭",
                    "通过性差",
                    "底盘较低",
                    "拖地",
                    "磕碰",
                    "离地高度",
                    "底盘低"
                ]
            }
        ],
        "theme": "驾驶性能"
    }
]