[
    {
        "overall_score": 85,
        "dimensions": [
            {
                "dimension": "豪华感",
                "score": 90
            },
            {
                "dimension": "空间舒适性",
                "score": 85
            },
            {
                "dimension": "智能配置",
                "score": 80
            },
            {
                "dimension": "性价比",
                "score": 80
            }
        ],
        "keywords": [
            "商务",
            "豪华",
            "舒适",
            "智能",
            "空间"
        ],
        "uuid": [
            "33900c6f-df05-401d-bcf2-f59cd8d409fd",
            "d7dc2945-d70b-46b9-bde6-ab61e962ced5",
            "8251f95e-0630-4eb6-949d-892a075840c6",
            "5f291ad1-68b4-4d10-b01b-f1ea534248ce",
            "6501f66c-fa1d-4a67-8dae-157be5f4f71d"
        ],
        "scenario": "商务接待",
        "description": "用于接送客户、商务会议、出差等正式场合。"
    },
    {
        "overall_score": 85,
        "dimensions": [
            {
                "dimension": "安全性",
                "score": 90
            },
            {
                "dimension": "智能化配置",
                "score": 80
            },
            {
                "dimension": "舒适性",
                "score": 85
            },
            {
                "dimension": "性价比",
                "score": 80
            }
        ],
        "keywords": [
            "老年人",
            "代步车",
            "安全",
            "新能源",
            "智能化"
        ],
        "uuid": [
            "6704bd18-371f-487a-82cd-7f9531ea1075",
            "d4c377c1-2390-425e-86c8-505e15a1cc1b",
            "4fcd26f3-aa35-4181-88c0-60299bee4eae",
            "85a0e4cb-9d45-450f-9bca-b36dc5ebd981"
        ],
        "scenario": "老年人代步",
        "description": "用于老年人日常出行、购物、就医等。"
    },
    {
        "overall_score": 85,
        "dimensions": [
            {
                "dimension": "外观设计",
                "score": 90
            },
            {
                "dimension": "内饰豪华感",
                "score": 88
            },
            {
                "dimension": "驾驶体验",
                "score": 80
            },
            {
                "dimension": "品牌影响力",
                "score": 75
            },
            {
                "dimension": "智能科技配置",
                "score": 85
            }
        ],
        "keywords": [
            "豪华",
            "高端",
            "舒适",
            "科技",
            "动力"
        ],
        "uuid": [
            "50319818-40a7-4f2c-9d0b-2bebe884624b",
            "0873041a-1fc6-4a6f-8e92-de1bd41dceb6",
            "1bfc376e-d982-42a7-a283-b3f9c805d606",
            "928e5e32-1056-43fe-934d-b682e81a9b34",
            "b9b025c0-dd68-4d52-bc02-d885886e9477"
        ],
        "scenario": "高端奢华",
        "description": "用于展示身份、享受驾驶乐趣、参加高端社交活动。"
    },
    {
        "overall_score": 95,
        "dimensions": [
            {
                "dimension": "外观",
                "score": 98
            },
            {
                "dimension": "动力",
                "score": 95
            },
            {
                "dimension": "科技感",
                "score": 92
            },
            {
                "dimension": "舒适性",
                "score": 90
            },
            {
                "dimension": "性价比",
                "score": 88
            }
        ],
        "keywords": [
            "时尚",
            "运动",
            "炫酷",
            "大气",
            "年轻"
        ],
        "uuid": [
            "4d556353-44ba-4686-bfd7-436756316216",
            "7ab61c69-0021-49f6-842c-c2326c57d841",
            "47569cd1-eca2-41a2-b7c9-d40e82f8126c",
            "a0af48eb-56e1-4ba1-8373-0431bef3023a",
            "88a46d57-6840-46aa-9899-d95e9f2f55f4"
        ],
        "scenario": "年轻个性",
        "description": "用于展示个性、社交、短途旅行等。"
    },
    {
        "overall_score": 85,
        "dimensions": [
            {
                "dimension": "动力",
                "score": 90
            },
            {
                "dimension": "续航",
                "score": 75
            },
            {
                "dimension": "舒适性",
                "score": 80
            },
            {
                "dimension": "经济性",
                "score": 95
            },
            {
                "dimension": "智能化",
                "score": 80
            }
        ],
        "keywords": [
            "通勤",
            "代步",
            "省油",
            "续航",
            "舒适"
        ],
        "uuid": [
            "410e08d5-1d75-4e04-a20e-fad61d06f3c2",
            "9453ef21-00c9-4f5c-b207-2bc73389f673",
            "dac0ee51-68eb-4340-a2c3-c168e53474ae",
            "5247990e-bcdb-471a-a8e8-8531a28d41bc",
            "2f2e497d-0e3f-458d-a7ef-53e519edc217"
        ],
        "scenario": "城市通勤",
        "description": "用于日常上下班、短途出行等城市内活动。"
    },
    {
        "overall_score": 95,
        "dimensions": [
            {
                "dimension": "空间",
                "score": 95
            },
            {
                "dimension": "舒适性",
                "score": 90
            },
            {
                "dimension": "续航",
                "score": 85
            },
            {
                "dimension": "动力",
                "score": 92
            },
            {
                "dimension": "科技感",
                "score": 88
            }
        ],
        "keywords": [
            "空间大",
            "舒适",
            "续航里程",
            "动力强劲",
            "智能化"
        ],
        "uuid": [
            "97346e6d-db18-4b11-b798-0f15379fd111",
            "1838c13b-159f-493e-97b2-3bba8718b02c",
            "fe09c692-21c0-454b-809c-9c70975de0c7",
            "71b25404-df68-46f2-9fbb-efda6c4cc792",
            "1cd05585-474e-406e-988b-1ae8c12eb017"
        ],
        "scenario": "家庭出行",
        "description": "用于日常通勤、周末郊游、长途旅行等家庭活动。"
    },
    {
        "overall_score": 75,
        "dimensions": [
            {
                "dimension": "空间",
                "score": 85
            },
            {
                "dimension": "舒适性",
                "score": 70
            },
            {
                "dimension": "续航",
                "score": 75
            },
            {
                "dimension": "动力",
                "score": 80
            },
            {
                "dimension": "智能化",
                "score": 70
            }
        ],
        "keywords": [
            "自驾游",
            "露营",
            "越野"
        ],
        "uuid": [
            "63617b2f-1b3f-45b2-8a89-e40454bb80bd",
            "822b0307-6840-4b5f-b151-a3f3e3c286dc",
            "5a2931cb-6dde-4d71-bdb2-9404eafc54a7",
            "1578f60c-2281-4c1f-b200-6d5d5344e12c",
            "5d361b96-be43-417f-ae73-ae2404ee09de"
        ],
        "scenario": "户外探险",
        "description": "用于越野、露营、长途自驾等户外活动。"
    }
]