[
    {
        "advantage": [
            {
                "summary": "吉利为极越用户提供全面的售后保障，包括继续保修和服务器接盘。",
                "summary_topic": "售后保障全面",
                "uuid": [
                    "6cec6892-1181-4eb7-8424-a158dc7c13e5"
                ],
                "keywords": [
                    "吉利",
                    "保障",
                    "保修",
                    "服务器接盘"
                ]
            }
        ],
        "disadvantage": [],
        "theme": "售后服务"
    },
    {
        "advantage": [
            {
                "summary": "吉利银河E8的空间表现出色，车内空间宽敞，特别是轴距达到2925mm，提供了越级的舒适体验。",
                "summary_topic": "空间宽敞舒适",
                "uuid": [
                    "24201dda-4759-44dc-a012-2590dfbdb04e",
                    "f9ea2d53-7242-4bc7-ae5b-8bfc9a5d0fc9",
                    "8c73dbd4-332d-4122-8293-0186040985c4"
                ],
                "keywords": [
                    "空间大",
                    "2925mm轴距",
                    "宽敞舒适"
                ]
            },
            {
                "summary": "吉利银河E8的座椅设计人性化，乘坐体验极佳，适合长途旅行。",
                "summary_topic": "座椅舒适性好",
                "uuid": [
                    "f9ea2d53-7242-4bc7-ae5b-8bfc9a5d0fc9",
                    "f93538f3-8901-4859-acac-3004e128cd30"
                ],
                "keywords": [
                    "人性化座椅设计",
                    "乘坐体验",
                    "舒适性"
                ]
            }
        ],
        "disadvantage": [
            {
                "summary": "吉利银河E8的后排座位较低，可能不适合所有家庭使用。",
                "summary_topic": "后排座位偏低",
                "uuid": [
                    "58b88fd4-bc81-4165-bb5d-0d1e3f48d719"
                ],
                "keywords": [
                    "后排座位",
                    "不适合",
                    "座位低"
                ]
            }
        ],
        "theme": "空间舒适"
    },
    {
        "advantage": [
            {
                "summary": "吉利银河E8的购车体验中心提供了良好的服务，许多消费者在购车过程中感到满意。",
                "summary_topic": "购车体验好",
                "uuid": [
                    "d9c1513d-b38d-47fe-957f-fa8e6efd1fa5",
                    "288a0f2f-5950-4e86-a105-716fedae8dc3",
                    "542c0242-5739-4b53-b63a-0cb6bc80c476",
                    "9ca47c81-e408-4943-a473-dad10ef83911",
                    "e78b4bbd-3207-4d2b-90ae-b159f4951813"
                ],
                "keywords": [
                    "体验中心",
                    "购车",
                    "吉利银河E8"
                ]
            },
            {
                "summary": "吉利银河E8提供了置换补贴，吸引了不少消费者。",
                "summary_topic": "置换补贴好",
                "uuid": [
                    "d9c1513d-b38d-47fe-957f-fa8e6efd1fa5",
                    "4408e25e-9651-415d-9591-546a6de5c94e"
                ],
                "keywords": [
                    "置换补贴",
                    "购车盛典"
                ]
            }
        ],
        "disadvantage": [
            {
                "summary": "一些消费者对吉利银河E8的销售策略感到不满，认为竞争不够正当。",
                "summary_topic": "销售策略差",
                "uuid": [
                    "61c21268-2e6e-4da8-a51d-2859cb04d337"
                ],
                "keywords": [
                    "竞争",
                    "消费者",
                    "朋友圈"
                ]
            },
            {
                "summary": "吉利银河E8的后排座位设计不符合部分消费者的期望，导致购车体验不佳。",
                "summary_topic": "后排设计差",
                "uuid": [
                    "58b88fd4-bc81-4165-bb5d-0d1e3f48d719"
                ],
                "keywords": [
                    "后排座位",
                    "试驾"
                ]
            }
        ],
        "theme": "购买体验"
    },
    {
        "advantage": [
            {
                "summary": "吉利银河E8价格实惠，提供了较高的性价比，吸引了预算有限的消费者。",
                "summary_topic": "性价比高",
                "uuid": [
                    "db41bc38-5ee2-4c0d-b9b6-652b0c873bdc",
                    "5dd9a2c4-2557-482c-8726-514c826c11e2",
                    "ef7d972e-fbca-4712-8b3a-450422c39b8e",
                    "87270f4a-a20e-402a-81c2-477cefdc6805",
                    "6f06c4d9-03f4-4153-b0ed-0eea6b20e4b2"
                ],
                "keywords": [
                    "价格实惠",
                    "性价比",
                    "直降",
                    "置换补贴",
                    "预算"
                ]
            },
            {
                "summary": "吉利银河E8提供了置换补贴，降低了购车成本，吸引了更多消费者。",
                "summary_topic": "置换补贴",
                "uuid": [
                    "d9c1513d-b38d-47fe-957f-fa8e6efd1fa5",
                    "ef7d972e-fbca-4712-8b3a-450422c39b8e",
                    "0746fbc6-3809-410c-ba1b-abc94642f20d"
                ],
                "keywords": [
                    "置换补贴",
                    "购车成本",
                    "补贴"
                ]
            }
        ],
        "disadvantage": [
            {
                "summary": "吉利银河E8的产品定位和配置策略存在问题，导致市场表现不佳。",
                "summary_topic": "配置策略差",
                "uuid": [
                    "907a0a4a-c256-431d-88bb-24ea5f3f7d4a",
                    "ed5688fb-66f3-4f16-873a-8feb53ed782f"
                ],
                "keywords": [
                    "产品定位",
                    "配置策略",
                    "市场表现"
                ]
            },
            {
                "summary": "吉利银河E8的市场竞争激烈，价格区间与其他品牌相比缺乏竞争力。",
                "summary_topic": "竞争力不足",
                "uuid": [
                    "c0808c79-ca89-45d2-9f38-922d60baed12",
                    "cb1c849f-5c2b-4f97-8542-9e51b170fc66"
                ],
                "keywords": [
                    "市场竞争",
                    "价格区间",
                    "竞争力"
                ]
            }
        ],
        "theme": "价格成本"
    },
    {
        "advantage": [
            {
                "summary": "吉利银河E8的外观设计被广泛称赞，许多用户认为其设计语言时尚动感，流线型车身和独特的前脸设计让人印象深刻。",
                "summary_topic": "外观设计好",
                "uuid": [
                    "6516b889-6d12-45a2-ba1d-2282d192f612",
                    "b9631a2b-5084-401f-a8fe-b3078e805f97",
                    "c3f2c6f8-005f-46bd-808b-536525b3ae45",
                    "a72c7fc2-2e50-4178-b931-495826ecf1a9",
                    "c274d2a9-afc2-4255-91cd-fc3bc664e163"
                ],
                "keywords": [
                    "外观设计",
                    "流线型",
                    "前脸设计",
                    "时尚动感"
                ]
            },
            {
                "summary": "吉利银河E8的内饰豪华感受到用户的高度评价，尤其是一体式智慧三联屏和座椅的舒适性。",
                "summary_topic": "内饰豪华好",
                "uuid": [
                    "fddd3b99-1422-458f-b4e1-c2c891f885b6",
                    "5f613960-67b3-4e31-a292-d62247aea191",
                    "975d3725-fb89-436a-bdb5-49c5814be376"
                ],
                "keywords": [
                    "内饰豪华",
                    "智慧三联屏",
                    "座椅舒适"
                ]
            },
            {
                "summary": "吉利银河E8的颜色选择受到用户喜爱，特别是初雪银和其他个性化颜色。",
                "summary_topic": "颜色选择好",
                "uuid": [
                    "3ba28465-1e10-4b25-b354-90d23114c2b1",
                    "c1ec732b-b642-43a9-8aa3-a290a084ff29",
                    "43158190-927e-4162-85ae-928a6f9e3fe1"
                ],
                "keywords": [
                    "初雪银",
                    "颜色选择",
                    "个性化"
                ]
            }
        ],
        "disadvantage": [
            {
                "summary": "有用户反映吉利银河E8的内饰座椅需要改进，特别是后排座椅的舒适性不佳。",
                "summary_topic": "座椅舒适差",
                "uuid": [
                    "bbe7b3d2-1577-47f5-a3aa-8372be70a67c",
                    "58b88fd4-bc81-4165-bb5d-0d1e3f48d719"
                ],
                "keywords": [
                    "内饰座椅",
                    "后排座椅",
                    "舒适性"
                ]
            },
            {
                "summary": "吉利银河E8的内饰设计在某些方面不符合年轻时尚的风格，有用户指出门板设计不够搭配整体风格。",
                "summary_topic": "内饰设计差",
                "uuid": [
                    "ca13d90c-223a-4b8b-955d-4a90507eca48"
                ],
                "keywords": [
                    "内饰设计",
                    "门板",
                    "年轻时尚"
                ]
            }
        ],
        "theme": "外观内饰"
    },
    {
        "advantage": [
            {
                "summary": "吉利品牌在设计和技术创新方面获得了广泛认可，特别是在国际设计论坛上展示的产品和理念，提升了品牌的全球影响力。",
                "summary_topic": "品牌设计好",
                "uuid": [
                    "51e8a67e-f26e-4ce0-873c-d0a5e7a0ce8f",
                    "e1848f52-52bc-45d0-8ba0-fd4c0e0abf1d",
                    "eb6e5cf6-76bc-43d0-8c41-446e6493df55"
                ],
                "keywords": [
                    "吉利",
                    "设计",
                    "国际汽车设计论坛",
                    "全球影响力"
                ]
            },
            {
                "summary": "吉利银河E8在安全性能方面表现出色，尤其是在极端碰撞测试中展现了其卓越的安全性，进一步巩固了品牌的安全形象。",
                "summary_topic": "安全性能强",
                "uuid": [
                    "87303751-9ad2-4c67-a67a-8d83430f5b89",
                    "68eab207-8ee8-498c-adcf-edf77d09d113"
                ],
                "keywords": [
                    "吉利银河E8",
                    "安全",
                    "碰撞测试",
                    "安全形象"
                ]
            },
            {
                "summary": "吉利银河E8的设计和技术获得了国际认可，赢得了多个奖项，提升了品牌的国际声誉和市场竞争力。",
                "summary_topic": "国际声誉高",
                "uuid": [
                    "d311d794-20e2-4a55-ac8e-a48ffcf8a94d",
                    "3bd2baa5-df1b-426f-8584-2d91d019e180"
                ],
                "keywords": [
                    "吉利银河E8",
                    "国际认可",
                    "奖项",
                    "市场竞争力"
                ]
            }
        ],
        "disadvantage": [
            {
                "summary": "吉利银河E8的市场销量不佳，主要由于缺乏话题感和品牌影响力不足，导致在竞争激烈的市场中难以脱颖而出。",
                "summary_topic": "销量表现差",
                "uuid": [
                    "b5c2f4e2-71e3-4112-b923-77a599a8b698",
                    "6fa6489b-4f4e-42eb-92e0-22084e349463"
                ],
                "keywords": [
                    "吉利银河E8",
                    "市场销量",
                    "话题感",
                    "品牌影响力"
                ]
            },
            {
                "summary": "吉利银河E8在品牌战略上面临挑战，与其他品牌的竞争中缺乏明确的市场定位和差异化优势。",
                "summary_topic": "战略定位弱",
                "uuid": [
                    "cb1c849f-5c2b-4f97-8542-9e51b170fc66",
                    "c2e5cda4-f990-4746-9b48-dbe5fbf9b116"
                ],
                "keywords": [
                    "吉利银河E8",
                    "品牌战略",
                    "市场定位",
                    "差异化优势"
                ]
            }
        ],
        "theme": "品牌口碑"
    },
    {
        "advantage": [
            {
                "summary": "吉利银河E8的智能系统通过OTA升级，搭载了Flyme Auto车机系统和Ai银河精灵，提升了智能座舱的体验，增加了多项新功能，使得车机系统更加智能和便捷。",
                "summary_topic": "车机体验好",
                "uuid": [
                    "6abb4005-aaba-4a66-a58c-b8cf58df9d47",
                    "8d14a06a-2580-48de-bbf1-91564c37108c",
                    "6e769856-49c3-41b8-bdda-97631c9ec0aa",
                    "56e36b15-221e-4fbc-850e-f2f696294171",
                    "cb64b28b-cc59-4276-8a1a-19f446845fd3"
                ],
                "keywords": [
                    "OTA升级",
                    "Flyme Auto",
                    "Ai银河精灵",
                    "智能座舱",
                    "新功能"
                ]
            },
            {
                "summary": "吉利银河E8配备了高通骁龙8295芯片和45英寸8K长屏，提供了强大的计算能力和视觉体验，进一步提升了车内的科技感和用户体验。",
                "summary_topic": "科技配置优",
                "uuid": [
                    "ab2f38b3-26a1-4be1-947d-e24cf662cba3",
                    "9bb10fe3-10b8-4648-ae87-da0d6946849d",
                    "b1269c2c-5cad-4de8-953f-6b5b1af5a5d7",
                    "d8652f54-9e2e-4a27-8f12-694148dc9936",
                    "a3a4d588-4e25-49f1-9ca1-7a301e1f893e"
                ],
                "keywords": [
                    "高通骁龙8295",
                    "45英寸8K长屏",
                    "计算能力",
                    "视觉体验",
                    "科技感"
                ]
            }
        ],
        "disadvantage": [
            {
                "summary": "部分用户对吉利银河E8的Flyme Auto更新后的UI设计表示不满，认为界面不够美观，影响了使用体验。",
                "summary_topic": "UI设计差",
                "uuid": [
                    "81148ad9-bc78-4e14-83df-12ed421e2f67"
                ],
                "keywords": [
                    "Flyme Auto",
                    "UI设计",
                    "不美观",
                    "使用体验"
                ]
            }
        ],
        "theme": "智能系统"
    },
    {
        "advantage": [
            {
                "summary": "吉利银河E8在赛道上的表现非常出色，操控灵活，加速迅猛，零百加速时间仅为3.49秒，表现超越了许多同级别车型。",
                "summary_topic": "操控加速优秀",
                "uuid": [
                    "c93dec77-6f68-4779-9944-77da46e7b307",
                    "d9d0c01b-745d-4f3f-b8d8-d8e36cf5d056",
                    "81bb4455-0fe4-4219-908d-1cf8394c9b63",
                    "e90c0aec-7ab9-4a10-b878-6782bc957e18",
                    "d67dbb97-fbc2-4d90-abaf-845924df38c1"
                ],
                "keywords": [
                    "操控灵活",
                    "加速迅猛",
                    "零百加速",
                    "赛道表现"
                ]
            },
            {
                "summary": "吉利银河E8在赛道上表现出色，转弯半径小，操控稳定，适合赛道驾驶。",
                "summary_topic": "转弯操控佳",
                "uuid": [
                    "81bb4455-0fe4-4219-908d-1cf8394c9b63",
                    "e95803ed-0d38-4f90-b166-6f3db510efe2",
                    "d67dbb97-fbc2-4d90-abaf-845924df38c1",
                    "b640037e-0d2e-48b2-a2f7-50e6a9bb474e",
                    "41ec5405-37c6-4d3a-b763-8596f966d269"
                ],
                "keywords": [
                    "转弯半径",
                    "操控稳定",
                    "赛道驾驶"
                ]
            },
            {
                "summary": "吉利银河E8的动力系统强劲，搭载475kW四驱电机，具备出色的加速性能。",
                "summary_topic": "动力系统强劲",
                "uuid": [
                    "31f22cac-a532-455d-9396-f37f9b864e0b",
                    "e90c0aec-7ab9-4a10-b878-6782bc957e18",
                    "d9d0c01b-745d-4f3f-b8d8-d8e36cf5d056",
                    "c274d2a9-afc2-4255-91cd-fc3bc664e163",
                    "d67dbb97-fbc2-4d90-abaf-845924df38c1"
                ],
                "keywords": [
                    "动力强劲",
                    "475kW四驱电机",
                    "加速性能"
                ]
            }
        ],
        "disadvantage": [
            {
                "summary": "吉利银河E8的电子系统在追求更快速度时可能会过度干预，影响行驶的平稳性。",
                "summary_topic": "电子系统干预",
                "uuid": [
                    "552c33c7-c190-40ef-95e3-7d256ad7d574"
                ],
                "keywords": [
                    "电子系统",
                    "过度干预",
                    "行驶平稳性"
                ]
            }
        ],
        "theme": "驾驶性能"
    }
]