[
    {
        "advantage": [
            {
                "summary": "华为售后服务有保障，用户普遍认为有华为参与的售后服务可以放心。",
                "summary_topic": "售后服务好",
                "uuid": [
                    "03e53f71-f737-4d2b-9251-a3d5e699a819",
                    "bb2f658a-4ef7-4c2c-85d9-f13e44391b15",
                    "d6324388-1f31-478a-958e-3508fc8689b5"
                ],
                "keywords": [
                    "华为",
                    "售后",
                    "服务"
                ]
            }
        ],
        "disadvantage": [
            {
                "summary": "售后服务存在问题，用户反映售后服务质量不佳，问题难以解决。",
                "summary_topic": "售后服务差",
                "uuid": [
                    "a0637db3-9d5c-4bf5-98b1-b932a20aa3ac",
                    "d2965033-c927-4ecc-bdd9-d08096769ebb",
                    "6bdb529b-da19-4900-ba15-c1fd59911e62",
                    "0e56bbc4-bfe3-41e1-b705-247601243e6a",
                    "3a7331c6-8d8d-4575-bad0-9e2614cb0db8"
                ],
                "keywords": [
                    "售后",
                    "问题",
                    "服务"
                ]
            },
            {
                "summary": "售后信息泄露，用户投诉后个人信息被泄露，导致隐私问题。",
                "summary_topic": "信息泄露问题",
                "uuid": [
                    "0300fbbe-5b9f-4884-9c63-3a1929f640ae",
                    "04bd2862-a2b1-46ab-bd6c-df7460b3ed54"
                ],
                "keywords": [
                    "信息泄露",
                    "投诉",
                    "隐私"
                ]
            }
        ],
        "theme": "售后服务"
    },
    {
        "advantage": [
            {
                "summary": "M7的空间大，后排座椅舒适，适合家庭出行，尤其是长途旅行时提供了更好的乘坐体验。",
                "summary_topic": "后排空间大",
                "uuid": [
                    "e9c716e0-8d64-44f2-9c0e-fbae38a5be30",
                    "4c7cf5fd-43ff-4268-aa3e-78c910b9181d",
                    "94221cb6-0402-4117-a03d-255917a00466"
                ],
                "keywords": [
                    "后排空间",
                    "舒适",
                    "家庭出行",
                    "长途旅行"
                ]
            },
            {
                "summary": "M7的空间较大，适合家庭用户使用，特别是后排空间宽敞，乘坐舒适。",
                "summary_topic": "空间宽敞舒适",
                "uuid": [
                    "24966a1e-d0d4-492c-8711-52443c0bc65e",
                    "902813b2-c626-4482-a5ba-9f0a133ec260",
                    "15f73a49-6394-4fe2-bacd-cd5f8c446eb0"
                ],
                "keywords": [
                    "空间",
                    "宽敞",
                    "舒适",
                    "家庭用户"
                ]
            },
            {
                "summary": "M7的零重力座椅设计提供了极佳的舒适性，特别是在长途旅行中能有效缓解疲劳。",
                "summary_topic": "座椅舒适好",
                "uuid": [
                    "24c0f057-374b-4a0f-8b18-3739961b2a7c",
                    "8bb94a29-d2a8-4be5-a877-6f61af3aff17"
                ],
                "keywords": [
                    "零重力座椅",
                    "舒适",
                    "长途旅行"
                ]
            },
            {
                "summary": "M7的储物空间设计合理，后备箱空间规整，适合长途旅行和露营使用。",
                "summary_topic": "储物空间合理",
                "uuid": [
                    "b668d549-1068-4f05-807b-ebf82a47ace4",
                    "93b28c4c-461c-4f9f-915a-e2b46b707b27"
                ],
                "keywords": [
                    "储物空间",
                    "后备箱",
                    "长途旅行",
                    "露营"
                ]
            }
        ],
        "disadvantage": [
            {
                "summary": "M7在行驶过程中容易产生晃动，特别是在通过减速带或不平路面时，影响乘坐舒适性。",
                "summary_topic": "行驶晃动大",
                "uuid": [
                    "a2746f5c-34f3-44d9-8324-e0116ac907d7",
                    "e4d41816-14c4-4624-93c0-35cda836911b",
                    "c2eeb748-0037-4aa4-bbc5-b7eebb1b35d1"
                ],
                "keywords": [
                    "晃动",
                    "减速带",
                    "舒适度",
                    "路面"
                ]
            },
            {
                "summary": "M7的第三排空间较小，仅适合短途或儿童乘坐，长时间乘坐舒适性欠佳。",
                "summary_topic": "第三排空间小",
                "uuid": [
                    "c6a41509-6d36-4847-9701-763fe880aa9a",
                    "9baa3444-8ae8-471f-b248-a1ee2bfee44d"
                ],
                "keywords": [
                    "第三排",
                    "空间",
                    "短途",
                    "儿童乘坐"
                ]
            },
            {
                "summary": "M7的第三排空间较为局促，六座版本后备箱储物空间不理想。",
                "summary_topic": "第三排空间局促",
                "uuid": [
                    "4fc915f7-f7b1-4ade-a522-ce6f5e547352",
                    "aad6ce6f-f6b4-4cb0-b24b-42c5912f9623"
                ],
                "keywords": [
                    "第三排空间",
                    "局促",
                    "后备箱储物"
                ]
            },
            {
                "summary": "M7的轴距较短，导致空间利用不如同价位的其他车型。",
                "summary_topic": "轴距短空间差",
                "uuid": [
                    "ac48301d-a091-43d9-9e9d-8c7310cdccaf",
                    "f86dbbdb-73f6-4da5-b539-46f69af12541"
                ],
                "keywords": [
                    "轴距",
                    "短",
                    "空间利用"
                ]
            },
            {
                "summary": "M7的后排在行驶过程中容易摇晃，影响乘坐舒适度。",
                "summary_topic": "后排摇晃不适",
                "uuid": [
                    "2cb72e32-f2e6-4a11-9def-3ba001490885"
                ],
                "keywords": [
                    "后排",
                    "摇晃",
                    "晕"
                ]
            }
        ],
        "theme": "空间舒适"
    },
    {
        "advantage": [
            {
                "summary": "外观设计帅气，吸引年轻消费者。",
                "summary_topic": "外观设计好",
                "uuid": [
                    "a7b3cf56-4df5-4cb0-a8c1-f14d52c11695",
                    "1044ba29-1625-46a6-8883-42e138b914f9",
                    "21a3f1c7-4cc1-47ed-80b3-e0cf08b4198d"
                ],
                "keywords": [
                    "帅",
                    "外观",
                    "年轻"
                ]
            },
            {
                "summary": "外观耐看，越来越好看。",
                "summary_topic": "外观耐看好",
                "uuid": [
                    "d2b9be30-f32e-43e6-be0b-2fc9dde92f42",
                    "315913e0-5e67-4350-8877-39f02cd367a3"
                ],
                "keywords": [
                    "耐看",
                    "好看"
                ]
            },
            {
                "summary": "M7外观耐看，虽然没有眼前一亮，但这种设计不会轻易看腻。",
                "summary_topic": "外观耐看",
                "uuid": [
                    "09d398d5-bdf3-408a-958d-c709e83790e7"
                ],
                "keywords": [
                    "外观",
                    "耐看",
                    "设计",
                    "不易看腻"
                ]
            },
            {
                "summary": "黑色外观一体性好，显得精致好看。",
                "summary_topic": "黑色外观好",
                "uuid": [
                    "c5bb64fa-318b-4141-9d27-4b640dd40b23"
                ],
                "keywords": [
                    "黑色",
                    "车头",
                    "一体性",
                    "精致",
                    "好看"
                ]
            },
            {
                "summary": "M7外观稳重大气，适合商务风格。",
                "summary_topic": "外观稳重大气",
                "uuid": [
                    "b6330331-f56e-4f8d-b6cf-63b80bf9585b"
                ],
                "keywords": [
                    "M7",
                    "外观",
                    "耐看",
                    "稳重",
                    "大气"
                ]
            }
        ],
        "disadvantage": [
            {
                "summary": "外观设计丑陋，缺乏吸引力。",
                "summary_topic": "外观设计丑",
                "uuid": [
                    "d64c0ec1-f67d-4309-b134-c0ad4f85fe19",
                    "62500313-b138-41b1-8e06-4883ec206289",
                    "254eb7c3-c4d2-4063-82d8-fd6898f4e40d",
                    "e3a23206-27ba-4e1f-8069-abd150fd2e9d"
                ],
                "keywords": [
                    "丑",
                    "外观"
                ]
            },
            {
                "summary": "M7外观设计老气，显得不够现代。",
                "summary_topic": "外观设计老气",
                "uuid": [
                    "ec952a1d-a2b7-40ee-a0e6-d9efffc14fc2",
                    "f3258641-9629-442c-816b-a7699cf781d2"
                ],
                "keywords": [
                    "M7",
                    "车头",
                    "老气",
                    "新平台",
                    "外观"
                ]
            },
            {
                "summary": "M7外观丑陋，难以接受。",
                "summary_topic": "外观丑陋",
                "uuid": [
                    "0d8f92ce-eb36-47af-ad58-9d978ec2294a",
                    "37fe1b7d-6b98-45cb-859b-57171471c3db"
                ],
                "keywords": [
                    "问界",
                    "丑",
                    "外观"
                ]
            },
            {
                "summary": "外观设计不协调，车轴距短。",
                "summary_topic": "外观设计差",
                "uuid": [
                    "d2535660-c603-4b6b-9a3d-a34d63cce6a0",
                    "adbda90a-8fc6-4d7b-8c6d-79a12593094e"
                ],
                "keywords": [
                    "外观",
                    "轴距",
                    "不协调"
                ]
            },
            {
                "summary": "外观像低价车，缺乏高级感。",
                "summary_topic": "外观低价感",
                "uuid": [
                    "941353e8-3265-4099-b03c-25be0c5147cb",
                    "6fe4ad28-f55f-41ec-8a0b-1bf6099b9346"
                ],
                "keywords": [
                    "外观",
                    "低价",
                    "车"
                ]
            }
        ],
        "theme": "外观内饰"
    },
    {
        "advantage": [
            {
                "summary": "试驾体验免费且热情，销售人员积极主动，提供了良好的试驾体验，甚至有赠品。",
                "summary_topic": "试驾体验好",
                "uuid": [
                    "f015089e-d6d4-4d33-b9bd-001eb0619d2e",
                    "ad0b1b2f-5403-4dfd-a966-f4e4f7b610ce",
                    "078039bc-af11-40a0-91d0-9b81d4bbeb50",
                    "ad820c36-6506-45a1-ad8e-3990baa51acc"
                ],
                "keywords": [
                    "试驾",
                    "不收费",
                    "热情",
                    "赠品"
                ]
            },
            {
                "summary": "购车时提供优惠政策和赠品，增加了购买的吸引力。",
                "summary_topic": "购车优惠多",
                "uuid": [
                    "e339070e-8601-4a7b-89cc-b756ba1c050f",
                    "91a9194a-7db1-49c3-bf52-f4c349e7d484",
                    "df44641c-e617-4376-a92d-183f52e09857"
                ],
                "keywords": [
                    "优惠政策",
                    "赠品",
                    "消费补贴"
                ]
            },
            {
                "summary": "购车过程便捷，部分用户表示购买汽车如同购买手机一样简单。",
                "summary_topic": "购车便捷",
                "uuid": [
                    "95efcf67-a035-4734-b0c6-9d9cf5c25024"
                ],
                "keywords": [
                    "买车",
                    "手机",
                    "便捷"
                ]
            },
            {
                "summary": "购车优惠力度大，用户通过与多家店谈判获得了优惠。",
                "summary_topic": "购车优惠大",
                "uuid": [
                    "bd0531a6-7d97-4994-980c-0a2f0ad98943"
                ],
                "keywords": [
                    "优惠",
                    "车行",
                    "购车",
                    "谈判"
                ]
            },
            {
                "summary": "购车体验满意，用户对购车后的使用体验表示满意并推荐给他人。",
                "summary_topic": "购车体验好",
                "uuid": [
                    "44a1766b-c6bc-4845-8ece-d7b3f7dafbae"
                ],
                "keywords": [
                    "满意",
                    "家用",
                    "推荐"
                ]
            }
        ],
        "disadvantage": [
            {
                "summary": "试驾后频繁电话联系，给顾客带来困扰。",
                "summary_topic": "电话骚扰多",
                "uuid": [
                    "5b537521-83d4-422f-8920-dc324011ac55",
                    "72d49721-492e-49ce-a416-97eac2f1de6e",
                    "f4c9f6ba-6063-4480-8738-3eb14c263581"
                ],
                "keywords": [
                    "电话联系",
                    "试驾",
                    "骚扰"
                ]
            },
            {
                "summary": "试驾后销售人员施压，要求交定金，给顾客带来不适。",
                "summary_topic": "销售施压大",
                "uuid": [
                    "f3ee0515-12fb-4acd-b0ee-d9e7ca45d357",
                    "6f3ce479-8aba-4e43-80dd-b7a70404709a"
                ],
                "keywords": [
                    "试驾",
                    "定金",
                    "销售策略"
                ]
            },
            {
                "summary": "试驾后被要求购买，给顾客带来不便。",
                "summary_topic": "强制购买感",
                "uuid": [
                    "6f3ce479-8aba-4e43-80dd-b7a70404709a",
                    "f3ee0515-12fb-4acd-b0ee-d9e7ca45d357"
                ],
                "keywords": [
                    "试驾",
                    "购买",
                    "强制"
                ]
            },
            {
                "summary": "提车等待时间长，用户反映交付时间长，导致部分消费者弃单。",
                "summary_topic": "提车等待长",
                "uuid": [
                    "bdf61e40-310c-42b4-8726-e50b53a998b0",
                    "89a83105-73df-49ab-8f6d-4776e23902d8"
                ],
                "keywords": [
                    "交付时间",
                    "弃单",
                    "提车"
                ]
            },
            {
                "summary": "购车定金不退，用户对大定的不可退还政策表示不满。",
                "summary_topic": "定金不退",
                "uuid": [
                    "59b8fb31-6ec8-4a38-be66-9b9f206fb280",
                    "a03b29df-80d2-442c-ab91-c415d66b753f"
                ],
                "keywords": [
                    "定金",
                    "不可退还",
                    "大定"
                ]
            }
        ],
        "theme": "购买体验"
    },
    {
        "advantage": [
            {
                "summary": "华为智驾系统在高速和城市环境中表现出色，提供了良好的安全性和用户体验。",
                "summary_topic": "智驾表现好",
                "uuid": [
                    "9882045f-05f3-4cfa-9ba7-71d8586cdd01",
                    "4a6d9a4b-35a5-41c0-bff7-8cf745684739",
                    "e576fbbf-6cae-4a85-b6b1-498974ec01ab",
                    "e34e11d5-0ba3-4b1f-9dd0-a9bc00b6a43e",
                    "c32aeff3-32df-4871-8c4a-e8550a6cc04c"
                ],
                "keywords": [
                    "智驾",
                    "安全",
                    "高速",
                    "城市",
                    "用户体验"
                ]
            },
            {
                "summary": "智能驾驶系统通过OTA更新不断提升，保持技术领先。",
                "summary_topic": "智驾更新快",
                "uuid": [
                    "669a4b2d-2fc5-4944-bb8d-b3c352bf6a76",
                    "494f42e9-913e-466a-8a7a-0e8260a93204",
                    "f0562abd-f539-497a-9b61-b2f13919a152",
                    "bcd6a34d-8f19-4a78-b943-6a52b6ebd2f8",
                    "dbb4c73f-848f-4d78-847a-c15d55c44b5d"
                ],
                "keywords": [
                    "OTA",
                    "更新",
                    "技术",
                    "领先"
                ]
            },
            {
                "summary": "智能驾驶系统在长途驾驶中有效缓解驾驶疲劳。",
                "summary_topic": "智驾缓解疲劳",
                "uuid": [
                    "17285698-f040-43b2-b733-ce546e5d6ed5",
                    "9ff4834e-b264-49cb-a8d5-933c602b5d42",
                    "2704847c-5894-4651-8dad-3d53124aefaf",
                    "c7549302-a9e1-4958-9435-05a946131d4a",
                    "bcd6a34d-8f19-4a78-b943-6a52b6ebd2f8"
                ],
                "keywords": [
                    "长途驾驶",
                    "驾驶疲劳",
                    "缓解",
                    "智驾"
                ]
            },
            {
                "summary": "华为智驾技术在高速和长途驾驶中表现出色，提供了更轻松的驾驶体验。",
                "summary_topic": "智驾体验好",
                "uuid": [
                    "5781291e-e8ba-497f-a687-6955b180bb84",
                    "7014eca2-1567-4ab5-8faf-c5b78a19c9d0",
                    "c257f068-d0c8-4095-866f-4d5c729666eb"
                ],
                "keywords": [
                    "智驾",
                    "高速",
                    "长途",
                    "轻松"
                ]
            },
            {
                "summary": "智能驾驶系统的安全性高，能够在多种路况下表现良好。",
                "summary_topic": "智驾安全高",
                "uuid": [
                    "b5d2c59b-c39b-40ba-a9aa-942b93c9d3dd",
                    "0e43c044-1c27-4079-a243-f047e7d4ae6f",
                    "af25f976-362a-4cc0-a13a-415daada8307"
                ],
                "keywords": [
                    "智能驾驶",
                    "安全",
                    "路况",
                    "表现良好"
                ]
            }
        ],
        "disadvantage": [
            {
                "summary": "智能驾驶系统在复杂路况和城区表现不佳，需人工接管。",
                "summary_topic": "城区表现差",
                "uuid": [
                    "d16a464d-b66e-4de5-8824-95e51d2204de",
                    "295f4161-1ac5-49fe-b863-680ba00e1b93",
                    "d3964104-2833-491f-9199-fb99e3508763",
                    "561b2dcd-24df-4eda-91e2-28f04ac173a5",
                    "91372817-011f-44f5-8bc0-2644446fcb71"
                ],
                "keywords": [
                    "复杂路况",
                    "城区",
                    "人工接管",
                    "表现不佳"
                ]
            },
            {
                "summary": "智能驾驶系统在识别障碍物时存在误判，影响驾驶体验。",
                "summary_topic": "识别误判多",
                "uuid": [
                    "266d5979-ab87-4d28-a0c1-c3d0c3ba67bf",
                    "5e1290d7-93a1-4669-b4ae-f1fb3d8807e8",
                    "8979159d-bd31-42e0-acc0-15c88f06d282",
                    "49de194f-46b4-4f46-84fe-89bd1aa3d488",
                    "5aecff6a-330e-4d43-8253-fdf0f42e252a"
                ],
                "keywords": [
                    "识别",
                    "误判",
                    "障碍物",
                    "驾驶体验"
                ]
            },
            {
                "summary": "智能驾驶系统在某些情况下会自动退出，存在安全隐患。",
                "summary_topic": "系统退出隐患",
                "uuid": [
                    "271c4d51-ac74-4e0b-a771-dae5b8b49b6e",
                    "5ab92e39-4b3f-4d4b-8f8c-bcf63562cbab",
                    "889c72d9-a529-4b8f-b102-00152d2c8778",
                    "334c505f-4602-481c-8868-cb40cde5ace7",
                    "84597e1c-3ffe-4a63-9a6a-1c3ab9edbce3"
                ],
                "keywords": [
                    "自动退出",
                    "安全隐患",
                    "系统",
                    "智能驾驶"
                ]
            },
            {
                "summary": "智能驾驶系统在某些情况下存在误触发和小毛病，影响使用体验。",
                "summary_topic": "智驾误触发",
                "uuid": [
                    "8ca6662f-68b9-4507-aca9-24e2a5ebab73",
                    "952552f7-0762-4562-8952-d7f3bbc9f768",
                    "4bd8207a-63fe-4014-a0a9-fedc4be07932"
                ],
                "keywords": [
                    "误触发",
                    "小毛病",
                    "使用体验"
                ]
            },
            {
                "summary": "智能驾驶在城市环境中实用性不高，用户不太信任。",
                "summary_topic": "城市智驾差",
                "uuid": [
                    "5ea16557-f55f-4d9c-a1a2-c7a28683568d",
                    "ecbc7604-6feb-45d1-9a0c-18bebc8a8b5e",
                    "82536f21-6095-4ae6-8a3a-72924d8be832"
                ],
                "keywords": [
                    "城市",
                    "实用性",
                    "信任"
                ]
            }
        ],
        "theme": "智能系统"
    },
    {
        "advantage": [
            {
                "summary": "M7智驾版在优惠后起售价为24万，价格相对合理，性价比高。",
                "summary_topic": "价格性价比高",
                "uuid": [
                    "60c71e93-0bbd-4183-bc05-cadec64b4e6d"
                ],
                "keywords": [
                    "M7智驾版",
                    "优惠",
                    "起售价"
                ]
            },
            {
                "summary": "M7在同价位家用车中是首选，性价比高，适合家庭选车。",
                "summary_topic": "家用性价比高",
                "uuid": [
                    "ca823759-8c32-487b-b271-cbf25de6600f"
                ],
                "keywords": [
                    "M7",
                    "家用车",
                    "性价比"
                ]
            },
            {
                "summary": "M7价格在同尺寸竞品中具有优势，性价比高。",
                "summary_topic": "价格优势明显",
                "uuid": [
                    "0ba5e5b8-4529-4964-85a0-a811e40190d8"
                ],
                "keywords": [
                    "购车需求",
                    "横向比较",
                    "同尺寸竞品",
                    "价格区间"
                ]
            },
            {
                "summary": "M7的价格较同类车型便宜，尤其是智驾版的价格优势明显。",
                "summary_topic": "智驾版便宜",
                "uuid": [
                    "e3cf9c29-1218-40c8-b7e9-5124a30e6b4e"
                ],
                "keywords": [
                    "智驾版",
                    "便宜"
                ]
            },
            {
                "summary": "M7在家用车中价格实惠，性价比高，适合家庭使用。",
                "summary_topic": "家用价格实惠",
                "uuid": [
                    "5f758a9c-cba3-4d36-8f3b-400089c0f79f"
                ],
                "keywords": [
                    "奶爸车",
                    "理想",
                    "便宜",
                    "M7"
                ]
            }
        ],
        "disadvantage": [
            {
                "summary": "M7车型溢价明显，智驾功能需额外付费。",
                "summary_topic": "智驾溢价高",
                "uuid": [
                    "245980b4-4b1d-412d-803d-fa0e2747a571",
                    "349d7968-ad90-4806-8f40-5018b4f9d8cd"
                ],
                "keywords": [
                    "性价比",
                    "溢价",
                    "东风ix7",
                    "智驾",
                    "cdc",
                    "驾驶体验"
                ]
            },
            {
                "summary": "M7的价格在降价前过高，不符合市场预期。",
                "summary_topic": "价格过高",
                "uuid": [
                    "33eb60e0-a479-4b73-a8dd-59e7d5a5dcc5"
                ],
                "keywords": [
                    "降价",
                    "贵"
                ]
            },
            {
                "summary": "M7的价格较高，普通消费者难以承受。",
                "summary_topic": "价格难承受",
                "uuid": [
                    "a2a27d9c-4cea-4365-b219-06b51a8e0e59"
                ],
                "keywords": [
                    "智驾版",
                    "价格",
                    "普通人",
                    "贵"
                ]
            },
            {
                "summary": "M7的价格不符合其产品力，市场接受度低。",
                "summary_topic": "产品力不足",
                "uuid": [
                    "be5f3130-c2c3-405e-8048-2af0572605d8"
                ],
                "keywords": [
                    "价格",
                    "产品力",
                    "降价"
                ]
            },
            {
                "summary": "M7的价格较高，性价比不如预期。",
                "summary_topic": "性价比低",
                "uuid": [
                    "709e91db-e659-4ea9-9e2a-46dc8d52127c"
                ],
                "keywords": [
                    "价格",
                    "价值"
                ]
            }
        ],
        "theme": "价格成本"
    },
    {
        "advantage": [
            {
                "summary": "智驾在高速路上表现良好，能够有效缓解驾驶疲劳，提供更安全的驾驶体验。",
                "summary_topic": "高速智驾好",
                "uuid": [
                    "d16a464d-b66e-4de5-8824-95e51d2204de",
                    "9ff4834e-b264-49cb-a8d5-933c602b5d42",
                    "82670525-a08d-486a-9953-1eabf75ad656",
                    "e6fa4cd5-3e04-4dc8-a40a-0a4fffdc5f9b",
                    "e34e11d5-0ba3-4b1f-9dd0-a9bc00b6a43e"
                ],
                "keywords": [
                    "智驾",
                    "高速",
                    "驾驶体验",
                    "安全",
                    "疲劳驾驶"
                ]
            },
            {
                "summary": "智驾系统在高速上能够提供安全的驾驶体验，减少驾驶员的疲劳感。",
                "summary_topic": "高速智驾好",
                "uuid": [
                    "d16a464d-b66e-4de5-8824-95e51d2204de",
                    "9ff4834e-b264-49cb-a8d5-933c602b5d42",
                    "82670525-a08d-486a-9953-1eabf75ad656",
                    "e6fa4cd5-3e04-4dc8-a40a-0a4fffdc5f9b",
                    "e34e11d5-0ba3-4b1f-9dd0-a9bc00b6a43e"
                ],
                "keywords": [
                    "智驾",
                    "高速",
                    "驾驶体验",
                    "安全",
                    "疲劳驾驶"
                ]
            },
            {
                "summary": "四驱系统提供了更好的稳定性和驾驶性能，尤其在雨天和高速行驶时表现出色。",
                "summary_topic": "四驱性能好",
                "uuid": [
                    "6dc3b1c1-9bc8-46fb-9295-4d1175fe1628",
                    "8eaf8282-423c-41fa-8399-60d973ef4af0",
                    "b2f125fe-fa1d-403d-bbb7-446e9c492baa"
                ],
                "keywords": [
                    "四驱",
                    "稳定性",
                    "雨天",
                    "高速"
                ]
            },
            {
                "summary": "DMP系统在越野和雪地驾驶中表现出色，提供了强大的动力和操控能力。",
                "summary_topic": "越野性能强",
                "uuid": [
                    "b3b495b1-5460-43f9-a0e8-465666a1b5fb",
                    "ee0d1985-7407-4a1e-99e5-86ad273d5e1b"
                ],
                "keywords": [
                    "DMP",
                    "越野",
                    "雪地",
                    "动力"
                ]
            },
            {
                "summary": "领克车型的底盘调校良好，驾驶感受舒适且操控性强。",
                "summary_topic": "操控性强",
                "uuid": [
                    "9d4038ec-3099-47ce-8dba-3211634fb269",
                    "3a8d5d86-951f-41a1-a610-cff5016300c1"
                ],
                "keywords": [
                    "领克",
                    "底盘",
                    "驾驶感受",
                    "操控性"
                ]
            }
        ],
        "disadvantage": [
            {
                "summary": "M7的底盘表现不佳，导致车辆在行驶过程中出现明显的晃动，影响驾驶体验。",
                "summary_topic": "底盘晃动差",
                "uuid": [
                    "2312a754-94e9-4dbc-81f9-ed2eaa57eb14",
                    "8b8ea692-b0a3-480a-b454-7e23e3ca2a1d",
                    "b6ec68c0-e04b-47db-9a00-ed631acf7fed",
                    "d7024cee-7234-413d-b377-01a9b5756467",
                    "e4d41816-14c4-4624-93c0-35cda836911b"
                ],
                "keywords": [
                    "底盘",
                    "晃动",
                    "驾驶体验",
                    "舒适性"
                ]
            },
            {
                "summary": "M7的底盘设计导致车辆在行驶时晃动明显，尤其是在通过减速带时。",
                "summary_topic": "底盘晃动差",
                "uuid": [
                    "2312a754-94e9-4dbc-81f9-ed2eaa57eb14",
                    "8b8ea692-b0a3-480a-b454-7e23e3ca2a1d",
                    "b6ec68c0-e04b-47db-9a00-ed631acf7fed",
                    "d7024cee-7234-413d-b377-01a9b5756467",
                    "e4d41816-14c4-4624-93c0-35cda836911b"
                ],
                "keywords": [
                    "底盘",
                    "晃动",
                    "驾驶体验",
                    "舒适性"
                ]
            },
            {
                "summary": "M7在碰撞测试中表现不佳，安全性受到质疑，尤其在大货车碰撞时表现糟糕。",
                "summary_topic": "安全性差",
                "uuid": [
                    "5b4a005d-6064-4ea5-ace8-b859f8adbd0b",
                    "7d334056-000b-441d-9c89-e092073793f7"
                ],
                "keywords": [
                    "M7",
                    "碰撞测试",
                    "安全性",
                    "大货车"
                ]
            },
            {
                "summary": "后驱车型在雨雪天气下容易打滑，影响驾驶安全和稳定性。",
                "summary_topic": "后驱打滑",
                "uuid": [
                    "c8fb1262-fb13-48d4-a434-4f01ed92c449",
                    "98410f24-e02b-407c-8eb6-9b98fe95b681"
                ],
                "keywords": [
                    "后驱",
                    "打滑",
                    "雨雪天气",
                    "稳定性"
                ]
            },
            {
                "summary": "M7的底盘调校被认为较差，影响驾驶体验和舒适性。",
                "summary_topic": "底盘调校差",
                "uuid": [
                    "945a0d68-ba59-4dc5-ba47-08a4fb2cfb7e",
                    "74675431-b9c3-4dc9-9a2f-9d349e83c2da"
                ],
                "keywords": [
                    "M7",
                    "底盘",
                    "驾驶体验",
                    "舒适性"
                ]
            }
        ],
        "theme": "驾驶性能"
    },
    {
        "advantage": [
            {
                "summary": "问界品牌的知名度和市场影响力较高，许多消费者因其与华为的合作而选择购买。",
                "summary_topic": "品牌知名度高",
                "uuid": [
                    "f7256e27-7141-47d8-b81c-0b84403c9f46",
                    "6451e98b-ec0a-46b4-8aae-4deef7e79dc3",
                    "37da8185-bfa8-42ff-8d90-027cfe390996"
                ],
                "keywords": [
                    "问界",
                    "华为",
                    "品牌影响力",
                    "知名度"
                ]
            },
            {
                "summary": "问界品牌在市场上有较高的销量和认可度，尽管面临竞争和质疑，但仍然有消费者选择。",
                "summary_topic": "品牌销量高",
                "uuid": [
                    "9f82fd7a-c620-4916-831e-648b62bde117",
                    "0d3d540e-9695-4586-8343-71b513376db4",
                    "b76fa183-2153-47ea-bd8e-6110416cbeca"
                ],
                "keywords": [
                    "问界",
                    "销量",
                    "认可度"
                ]
            },
            {
                "summary": "华为的品牌影响力为问界提供了强大的市场背书，吸引了消费者的关注。",
                "summary_topic": "品牌影响力强",
                "uuid": [
                    "8dd6f22e-38a1-4d5a-9cd5-05ca7f9ea698",
                    "24c5f929-fb4a-4fd7-b4d7-af07a035a406",
                    "86a34a30-82be-434c-b6f8-9c68b944e8a6"
                ],
                "keywords": [
                    "华为",
                    "品牌影响力",
                    "市场背书"
                ]
            },
            {
                "summary": "问界品牌在市场上表现出色，销量高且受到消费者的广泛认可，尤其是在高端市场中具有竞争力。",
                "summary_topic": "品牌销量高",
                "uuid": [
                    "9c050b5b-05dc-48d6-8650-96899ade8626",
                    "d7bf2f20-fa21-492a-8d85-71afd002f9d4",
                    "4dc06199-bbfe-4212-91cc-e52a48d71611"
                ],
                "keywords": [
                    "销量",
                    "问界",
                    "高端市场",
                    "认可"
                ]
            },
            {
                "summary": "华为品牌力强，问界车型因其与华为的合作而获得了市场的信任和支持，提升了品牌的整体形象。",
                "summary_topic": "品牌力强",
                "uuid": [
                    "457634c9-8ca5-4e10-9571-a21756626b6b",
                    "4c67ab92-759a-4beb-ae9c-99042dff7aae",
                    "1c58f17e-a8aa-43cd-86fe-b2719bf7b4f4"
                ],
                "keywords": [
                    "华为",
                    "品牌力",
                    "信任",
                    "支持"
                ]
            }
        ],
        "disadvantage": [
            {
                "summary": "问界M7的推出导致M5的口碑受损，消费者对其表现不满。",
                "summary_topic": "M7口碑受损",
                "uuid": [
                    "e984f28b-d427-4558-91bc-93ce216a952c",
                    "2bbfd603-4960-4a8e-8dd2-77b1a2e7edbc",
                    "72fbf36a-abb8-4768-8492-000235c0c611"
                ],
                "keywords": [
                    "M7",
                    "M5",
                    "口碑",
                    "受损"
                ]
            },
            {
                "summary": "问界品牌与华为的合作模式导致消费者对品牌责任和产品来源的混淆，影响品牌口碑。",
                "summary_topic": "品牌责任混淆",
                "uuid": [
                    "1c81c0d9-4c2b-4edc-9e88-feaadf310772",
                    "0e56bbc4-bfe3-41e1-b705-247601243e6a",
                    "8dd6f22e-38a1-4d5a-9cd5-05ca7f9ea698"
                ],
                "keywords": [
                    "合作模式",
                    "品牌责任",
                    "混淆"
                ]
            },
            {
                "summary": "问界在安全性测试中表现不佳，影响了品牌的市场形象和消费者信心。",
                "summary_topic": "安全性表现差",
                "uuid": [
                    "e58fab3f-37d8-4437-9c13-fef39ff63e55",
                    "d0777649-1eb8-4ae8-93a2-d4ec3db2daa1",
                    "8988e29c-f569-4057-b00a-52db40dc56a7"
                ],
                "keywords": [
                    "安全性",
                    "测试",
                    "市场形象"
                ]
            },
            {
                "summary": "问界品牌在市场推广中遭遇质疑，部分消费者对其品牌宣传的真实性表示怀疑。",
                "summary_topic": "品牌宣传质疑",
                "uuid": [
                    "d0d0fadb-f395-4e78-858c-c5f20714b256",
                    "f873ba18-7831-4df8-8168-6cf09d280e84",
                    "f8d8f6c4-ccf4-40ad-86e7-c641621226c1"
                ],
                "keywords": [
                    "市场推广",
                    "质疑",
                    "宣传真实性"
                ]
            },
            {
                "summary": "问界M7在碰撞测试中表现不佳，安全性受到质疑。",
                "summary_topic": "安全性差",
                "uuid": [
                    "0f18bd46-77a4-4ec9-8212-3de454df1a1b",
                    "5b4a005d-6064-4ea5-ace8-b859f8adbd0b",
                    "7ef336e5-42ef-425c-b628-44c951795573"
                ],
                "keywords": [
                    "问界M7",
                    "碰撞测试",
                    "安全性"
                ]
            }
        ],
        "theme": "品牌口碑"
    }
]