[
    {
        "overall_score": 82.5,
        "dimensions": [
            {
                "dimension": "安全性",
                "score": 90
            },
            {
                "dimension": "舒适性",
                "score": 85
            },
            {
                "dimension": "使用方便",
                "score": 80
            },
            {
                "dimension": "能耗节省",
                "score": 75
            }
        ],
        "keywords": [
            "能耗节省",
            "使用方便",
            "舒适性",
            "智驾系统",
            "安全出行"
        ],
        "uuid": [
            "cbf117e4-0eea-4ed8-b052-b139c771c637",
            "eaa1d053-b6a9-4a58-abae-834c3fd4eab5",
            "bc545fbf-3821-44a5-aaf5-38fe9fb1add7"
        ],
        "scenario": "老年人代步",
        "description": "用于老年人日常出行、购物、就医等。"
    },
    {
        "overall_score": 85.0,
        "dimensions": [
            {
                "dimension": "舒适性",
                "score": 90
            },
            {
                "dimension": "商务形象",
                "score": 90
            },
            {
                "dimension": "空间利用",
                "score": 85
            },
            {
                "dimension": "智能化",
                "score": 80
            },
            {
                "dimension": "安全性",
                "score": 80
            }
        ],
        "keywords": [
            "空间",
            "安全性",
            "智能化",
            "商务接待",
            "舒适性"
        ],
        "uuid": [
            "cffe89bb-bd1c-49db-853c-026f303a828b",
            "1d91caa1-95b2-49d6-b765-69c19dc203ed",
            "cba64c78-8c4c-4ed7-a50b-63a27e2c4f72",
            "9d24b9bb-71fe-45eb-aef7-7f8c8c35fa40",
            "ed3a761d-d9c8-4cf1-a599-dca857d65bfc"
        ],
        "scenario": "商务接待",
        "description": "用于接送客户、商务会议、出差等正式场合。"
    },
    {
        "overall_score": 85.75,
        "dimensions": [
            {
                "dimension": "豪华感",
                "score": 90
            },
            {
                "dimension": "驾驶体验",
                "score": 88
            },
            {
                "dimension": "智能科技",
                "score": 85
            },
            {
                "dimension": "社交活动适应性",
                "score": 80
            }
        ],
        "keywords": [
            "社交",
            "驾驶乐趣",
            "舒适",
            "智能",
            "豪华"
        ],
        "uuid": [
            "7c898fd9-1995-4f49-8d79-d4f23377e720",
            "326d59a7-fe18-4a3f-b11e-6e482133384c",
            "37310632-d3d3-4a85-af26-418cae44ed76",
            "2857f94e-08fa-4690-a339-4a6a9c7e51da",
            "e83cb724-4d16-4fef-a9a6-e228c1555d53"
        ],
        "scenario": "高端奢华",
        "description": "用于展示身份、享受驾驶乐趣、参加高端社交活动。"
    },
    {
        "overall_score": 85.55555555555556,
        "dimensions": [
            {
                "dimension": "个性展示",
                "score": 90
            },
            {
                "dimension": "科技感",
                "score": 90
            },
            {
                "dimension": "科技体验",
                "score": 90
            },
            {
                "dimension": "短途旅行适应性",
                "score": 85
            },
            {
                "dimension": "短途旅行",
                "score": 85
            }
        ],
        "keywords": [
            "社交",
            "驾驶乐趣",
            "科技感",
            "科技",
            "娱乐"
        ],
        "uuid": [
            "e1882349-056b-4e29-91d0-35bea8f0010c",
            "e991b379-4552-43dd-b967-91ca2b2820e0",
            "eb1ae349-529a-48b4-80a0-4e0179e74e13",
            "f934f91e-4595-4f5c-8ccd-f998e26aba9d",
            "c2fef9a0-4a09-4940-8bf6-23705e59ad56",
            "58082acf-fd4a-47b3-9c50-095734af9731",
            "d5e5ef6b-6d1b-4e1e-8c3b-1e4b5c0f7f9",
            "139eab59-0a2d-4dcd-bbd2-3eb38dea7a1a",
            "59f84715-6bf5-423f-b368-4b17e691054e",
            "9bc17dfe-6c07-45b9-9c42-55a7ba17fcf5"
        ],
        "scenario": "年轻个性",
        "description": "用于展示个性、社交、短途旅行等。"
    },
    {
        "overall_score": 85.0,
        "dimensions": [
            {
                "dimension": "空间舒适性",
                "score": 95
            },
            {
                "dimension": "用电便利性",
                "score": 90
            },
            {
                "dimension": "智能驾驶辅助",
                "score": 90
            },
            {
                "dimension": "续航能力",
                "score": 80
            },
            {
                "dimension": "越野能力",
                "score": 70
            }
        ],
        "keywords": [
            "充电",
            "空间",
            "自驾游",
            "长途旅行",
            "露营"
        ],
        "uuid": [
            "355f15d8-5940-4675-a8aa-4483943e915d",
            "c021f3ae-bc64-490b-be59-6f3de04b9056",
            "4cc86ca0-5551-435f-8507-f2b960f9c7a6",
            "2a5a68e5-4998-4e42-b47a-0e9ffc5e22cd",
            "73c17e8c-3eed-459d-ac30-9ed9403d0f8a"
        ],
        "scenario": "户外探险",
        "description": "用于越野、露营、长途自驾等户外活动。"
    },
    {
        "overall_score": 84.10526315789474,
        "dimensions": [
            {
                "dimension": "智能驾驶辅助",
                "score": 95
            },
            {
                "dimension": "智能化",
                "score": 95
            },
            {
                "dimension": "泊车辅助",
                "score": 90
            },
            {
                "dimension": "智能驾驶体验",
                "score": 90
            },
            {
                "dimension": "操控性能",
                "score": 88
            }
        ],
        "keywords": [
            "城市通勤",
            "自动驾驶",
            "服务体验",
            "智能泊车",
            "智能驾驶"
        ],
        "uuid": [
            "3a9a2fe1-3a95-46f8-8fb6-791a6427f4e0",
            "161adfb0-3cad-47e3-ae0c-207708b9fd9e",
            "c4c88ef3-f81c-41e0-bad0-3e4a461384c7",
            "9f19ba3b-b8d2-40c9-9a49-4d158f5e6451",
            "d85ff77c-8e33-4d7a-94f0-c78b40093664",
            "ae549f01-2b5f-4043-88cf-915f97b23026",
            "e57ba8ac-2ef3-4af6-9a72-d3c724fa0992",
            "1701ac00-8802-47bd-9d07-7bfb2c683994",
            "57dba17f-f7af-4808-b6e2-310e7c23e89f",
            "c1ddb7a3-bf54-40f3-8803-6423c9a4e665",
            "5fca75a9-9031-426b-bc79-c8872f7621a6",
            "7a7b9e00-87db-4c83-a420-190da9c07bc0",
            "fbc20cac-885e-48a9-af3f-8a76170b3271",
            "059cb35c-0d7f-4df6-8bca-367ef5430000",
            "2cb796ae-e0ea-43f6-b248-7f82dbc0cb56",
            "26f0b1d2-b65e-4eb5-b20d-aa581f6ace2b",
            "1b641041-c0a6-4b6c-8bb0-f9a08f27f1c0",
            "85657167-2687-48b7-8bf6-1bacfa7117d8",
            "54bc375c-29f6-406d-93c1-ec181bde9be7",
            "0291008d-7745-4cdc-8ffe-630d6ac5a569"
        ],
        "scenario": "城市通勤",
        "description": "用于日常上下班、短途出行等城市内活动。"
    },
    {
        "overall_score": 86.49019607843137,
        "dimensions": [
            {
                "dimension": "座椅舒适度",
                "score": 98
            },
            {
                "dimension": "智能驾驶辅助",
                "score": 95
            },
            {
                "dimension": "智能科技",
                "score": 95
            },
            {
                "dimension": "安全性",
                "score": 92
            },
            {
                "dimension": "空间舒适性",
                "score": 90
            }
        ],
        "keywords": [
            "空间",
            "舒适座椅",
            "动力",
            "六座SUV",
            "智驾"
        ],
        "uuid": [
            "1e61a428-1f9c-46e1-82ac-fcffa8690caa",
            "579dce90-bc43-4abd-b075-5fe8ef4ae0f1",
            "a7711b69-c1d4-48d3-a171-785e6a0c963e",
            "84d2c4e1-4a96-49c2-b582-2302383741e9",
            "4fc2f036-ab73-4c2a-a5e4-eeb3690752e7",
            "f1db3a8a-de2a-49b1-a100-ab113338a2d1",
            "4b8ab01a-9f69-45ce-8b3d-8267a3fefb15",
            "89069dc3-44fa-42ea-b9bc-a68adcd55166",
            "c23af5f7-63e8-424f-b38a-fd788b667084",
            "a40d081e-0795-457e-b8f2-123b874b43a0",
            "fd9def0c-c299-4e71-985c-57fabd125b4b",
            "db3bc879-b989-4582-be3f-c5224493fc97",
            "5507800f-ae91-4a7d-8abc-7c9c41b5c7be",
            "634f15b2-8086-4d59-bf24-dc89f143bc36",
            "065bd5e7-0312-4ce7-b2bc-c5ff44912512",
            "d6359589-84f5-4454-805c-0d68267f4802",
            "4decb7d9-a5d8-43f6-aafa-4680cd6d4ccd",
            "5bd9eb13-c51c-4bab-a9d7-d4cf13a2a387",
            "4eb0d45f-24c2-4420-8c1a-52adba80e88c",
            "20c6249c-dcd1-4111-abc9-3324fa865a79",
            "e0746a96-21c0-4b38-9c27-07ab48725867",
            "916340fd-16fd-476e-8f26-b3639eb17d79",
            "7708b638-fea6-4ce6-9f29-9727027ed0cb",
            "36d8cddc-0702-425f-8410-317b85302cce",
            "1b6f482e-a113-47c4-9509-7382e9e5ad86",
            "7e0bd377-0589-4fd8-90a3-7bd074b03de5",
            "775c08ab-3517-4cf0-9631-4b2a6b4f2a7c",
            "a285e95d-d4a9-4ece-970e-dec31b1e87ce",
            "be3f6085-bb24-4365-8f25-fdd55bc41b59",
            "12af3734-3298-4bce-8403-fcb49a7a6e6e",
            "a9eec69e-bc10-4274-9ff6-02f7d7bb3ed8",
            "236b1b43-c56a-4f0e-9e59-efb218c72164",
            "a98159af-b950-43a5-8575-a4cd0611c55e",
            "47a01c1d-c5b4-488c-93a0-08ea83f937d7",
            "ee377200-2ff5-480c-b36b-483a32e6bbc5",
            "98e1fe98-a291-4052-964c-da09d37e9dc4",
            "9073792b-3343-4159-a778-d74c08c035f8",
            "2d696a91-3e30-4faf-8c03-44eb186aaccc",
            "d6ac6833-cc6e-4269-a6aa-7f6e0ddd74d4",
            "f3ba2497-5bac-4675-9427-d27e959861c9",
            "86a8ee06-682f-4a8a-b096-7a30ccd054d7",
            "bbbd9288-7de9-4824-bc47-2f8dc0254666",
            "c1f140ea-cafe-4c22-8ed0-7920465542c2",
            "0c88ca40-fdd3-43cc-80b9-f2983cd3d5d1",
            "c93e9251-1a6a-4687-a99d-a94c1fa10cfa",
            "7c1a184a-b938-40bf-a571-56a2c9d94d20",
            "0e1c16cd-8da7-4a4a-a75a-e7a546ed14f6",
            "0d805e34-d2aa-4c38-bf38-7aceb7a3862a",
            "a8638e3c-3c8f-4ec9-a860-6751bc3c7303",
            "752bfaf1-58c1-4e71-a60f-efca46b2570f",
            "d815ea26-452b-4c2f-95c8-6f30db86874a",
            "753e7656-57be-49d7-8bb4-b91534f9d898",
            "57cc7830-eafc-4ce4-a45f-a939e8e2f433",
            "ac3a9067-6c63-4dc5-ab6f-e87acd3b2843",
            "33d37e3f-bd6a-4ba5-bd7d-4698270038ee"
        ],
        "scenario": "家庭出行",
        "description": "用于日常通勤、周末郊游、长途旅行等家庭活动。"
    }
]