[
    {
        "advantage": [
            {
                "summary": "理想售后服务态度好，提供管家式服务，洗车时不需自己操心。",
                "summary_topic": "售后服务好",
                "uuid": [
                    "02d06b13-c95e-4b74-be05-a8687f445c40"
                ],
                "keywords": [
                    "售后服务",
                    "管家式服务",
                    "洗车"
                ]
            },
            {
                "summary": "售后服务迅速，反馈问题后客服快速联系，提供检查和改善服务。",
                "summary_topic": "售后服务好",
                "uuid": [
                    "c6e7159c-3f45-459a-97fb-eccbf7b6eb74"
                ],
                "keywords": [
                    "售后服务",
                    "反馈",
                    "检查",
                    "改善"
                ]
            }
        ],
        "disadvantage": [
            {
                "summary": "售后服务态度差，问题推诿不解决，用户体验差。",
                "summary_topic": "售后服务差",
                "uuid": [
                    "a97e97f7-5fa7-48ef-8a32-c3b501e05e1f",
                    "6248e36b-2c1c-41ca-b19a-cf83f44dfb64"
                ],
                "keywords": [
                    "售后",
                    "推诿",
                    "不解决",
                    "体验差"
                ]
            },
            {
                "summary": "售后服务不负责任，维修问题推诿，未能提供有效解决方案。",
                "summary_topic": "售后服务差",
                "uuid": [
                    "329b2bec-ec8a-49cf-aa38-a47132722bfe",
                    "e5555372-7cc4-4f8c-a722-7c8cba181ceb"
                ],
                "keywords": [
                    "售后",
                    "不负责任",
                    "推诿",
                    "解决方案"
                ]
            },
            {
                "summary": "售后服务不及时，问题反馈后无回复，客户体验差。",
                "summary_topic": "售后服务差",
                "uuid": [
                    "d256b70b-c2b9-40ae-9f98-c0a3b8938795"
                ],
                "keywords": [
                    "售后",
                    "不及时",
                    "无回复",
                    "体验差"
                ]
            }
        ],
        "theme": "售后服务"
    },
    {
        "advantage": [
            {
                "summary": "理想L6的智能驾驶系统表现出色，尤其是在高速和城市道路上的表现，用户体验良好。",
                "summary_topic": "智能驾驶出色",
                "uuid": [
                    "8754fe14-35d0-4c2e-8b5b-c237bdef57c2",
                    "b31ef72a-b3c6-435d-b3e6-168f1148a5d7",
                    "d7c58742-f6f9-44c7-8e93-9e3fe69c4287",
                    "d31410ef-4d1d-4442-9b22-e81655a5f02c",
                    "f2f95a55-4631-45f1-a0f2-a38728f34e64"
                ],
                "keywords": [
                    "智能驾驶",
                    "城市NOA",
                    "高速",
                    "智驾",
                    "体验"
                ]
            },
            {
                "summary": "理想L6的车机系统流畅，语音交互便捷，用户体验良好。",
                "summary_topic": "车机体验好",
                "uuid": [
                    "b31ef72a-b3c6-435d-b3e6-168f1148a5d7",
                    "d31410ef-4d1d-4442-9b22-e81655a5f02c",
                    "f2f95a55-4631-45f1-a0f2-a38728f34e64",
                    "e5ff2cad-e9a3-43d7-a0cd-7afa08315f65",
                    "d7c58742-f6f9-44c7-8e93-9e3fe69c4287"
                ],
                "keywords": [
                    "车机流畅",
                    "语音交互",
                    "理想同学",
                    "智能化",
                    "车机"
                ]
            },
            {
                "summary": "理想L6的智能驾驶系统在业内属于顶尖级别，Pro版本配备高速智能驾驶系统，Max版本配备全场景智能驾驶，满足消费者的日常使用需求。",
                "summary_topic": "智驾系统优",
                "uuid": [
                    "6951fcca-0999-446f-9042-4b9c0764a64f"
                ],
                "keywords": [
                    "智驾",
                    "智能驾驶",
                    "顶尖级别"
                ]
            },
            {
                "summary": "理想L6在智能驾驶方面首次实现了高速收费口的ETC自动选择和自动识别抬杆动作的功能，成为一个亮点。",
                "summary_topic": "智驾功能优",
                "uuid": [
                    "73187bf9-d5d5-4748-978d-c00fae6951d5"
                ],
                "keywords": [
                    "智能驾驶",
                    "ETC自动选择",
                    "亮点"
                ]
            }
        ],
        "disadvantage": [
            {
                "summary": "理想L6的智能驾驶在某些情况下表现不佳，特别是在复杂路况下的表现需要改进。",
                "summary_topic": "智能驾驶欠佳",
                "uuid": [
                    "7238fd44-b7c0-421c-823d-0c96fbe0f276",
                    "d568f295-e59a-4f73-ba8b-d7b3ac64e377",
                    "f10fc9cc-1233-427c-b27a-022493b2779b",
                    "e493e57e-5ba7-4aae-9641-a36c31644f80",
                    "690178bf-973a-4a54-b9e6-83686b49a206"
                ],
                "keywords": [
                    "智驾",
                    "复杂路况",
                    "退出",
                    "不成熟",
                    "改进"
                ]
            },
            {
                "summary": "理想L6的智能驾驶系统在某些情况下会出现误判或不稳定的情况，影响驾驶安全。",
                "summary_topic": "智能驾驶不稳",
                "uuid": [
                    "7238fd44-b7c0-421c-823d-0c96fbe0f276",
                    "d568f295-e59a-4f73-ba8b-d7b3ac64e377",
                    "f10fc9cc-1233-427c-b27a-022493b2779b",
                    "e493e57e-5ba7-4aae-9641-a36c31644f80",
                    "690178bf-973a-4a54-b9e6-83686b49a206"
                ],
                "keywords": [
                    "误判",
                    "不稳定",
                    "驾驶安全",
                    "误操作",
                    "智能驾驶"
                ]
            },
            {
                "summary": "理想L6的智能驾驶系统在城市使用中无法识别红绿灯，并且需要高精地图，存在一定的局限性。",
                "summary_topic": "智驾功能差",
                "uuid": [
                    "d2abd6a9-d49b-4272-8b09-f9620f171a4d"
                ],
                "keywords": [
                    "智能驾驶",
                    "红绿灯",
                    "高精地图"
                ]
            },
            {
                "summary": "理想L6的高配版图片中取消了激光雷达，导致用户对智能驾驶的期待落空。",
                "summary_topic": "智驾配置差",
                "uuid": [
                    "5b2f4886-1d2d-4036-a644-4fe5b7219ec6"
                ],
                "keywords": [
                    "激光雷达",
                    "高配版",
                    "智能驾驶"
                ]
            },
            {
                "summary": "理想L6的智能驾驶功能在低配版本中不具备激光雷达等高阶硬件配置，影响了智能驾驶的性能。",
                "summary_topic": "智驾性能差",
                "uuid": [
                    "73187bf9-d5d5-4748-978d-c00fae6951d5"
                ],
                "keywords": [
                    "智能驾驶",
                    "激光雷达",
                    "低配版"
                ]
            }
        ],
        "theme": "智能系统"
    },
    {
        "advantage": [
            {
                "summary": "理想L6的空间非常宽敞，尤其是后排腿部空间较大，提供了舒适的乘坐体验。",
                "summary_topic": "空间舒适宽敞",
                "uuid": [
                    "b4488f44-fbcb-45ad-8dd0-28913ea5ee6b",
                    "c78889e2-2b08-4a63-becf-e9fddf24d341",
                    "c534e539-9d37-4174-888e-c5babfd61cfe",
                    "c7d148ee-5a3c-4b1d-bb13-9cdd89ae6ef6",
                    "c605d0b7-d7f7-4a34-9bb0-1b9b2e09a6b7"
                ],
                "keywords": [
                    "空间",
                    "舒适",
                    "后排腿部空间",
                    "乘坐体验"
                ]
            },
            {
                "summary": "理想L6的空间表现出色，后排空间宽敞，适合家庭使用，特别是对于有小孩的家庭，乘坐舒适，后备箱空间也令人满意。",
                "summary_topic": "空间表现好",
                "uuid": [
                    "ab22229e-60fe-4747-b956-63131483f90c",
                    "b86dd8d1-dcbc-42ea-a0c0-cd19f525d359",
                    "57b71feb-6c7b-403a-8db0-415f463cb9f2",
                    "d33293bf-db33-4d0e-9bea-e67270f8b208",
                    "781489e4-88dd-446e-9bf3-240d270821a1"
                ],
                "keywords": [
                    "空间",
                    "后排",
                    "家庭",
                    "舒适",
                    "后备箱"
                ]
            },
            {
                "summary": "理想L6的后排座椅舒适性高，适合长途旅行和家庭出行。",
                "summary_topic": "后排舒适性高",
                "uuid": [
                    "c78889e2-2b08-4a63-becf-e9fddf24d341",
                    "c534e539-9d37-4174-888e-c5babfd61cfe",
                    "c7d148ee-5a3c-4b1d-bb13-9cdd89ae6ef6"
                ],
                "keywords": [
                    "后排座椅",
                    "舒适性",
                    "长途旅行",
                    "家庭出行"
                ]
            }
        ],
        "disadvantage": [
            {
                "summary": "理想L6的后门密封不严，容易进灰。",
                "summary_topic": "后门进灰问题",
                "uuid": [
                    "067fe1f2-1946-482c-afef-5573831bdb86",
                    "8c23792d-6682-455d-8b08-4b5996fcb78c",
                    "e93a886f-73f1-472c-9df8-2eb75ce62df2"
                ],
                "keywords": [
                    "后门",
                    "密封",
                    "进灰",
                    "问题"
                ]
            },
            {
                "summary": "理想L6的后排座椅较低，长途乘坐容易疲劳。",
                "summary_topic": "后排座椅低",
                "uuid": [
                    "cb1e44c6-bebe-46a9-9309-83c3abf0df75",
                    "067fe1f2-1946-482c-afef-5573831bdb86"
                ],
                "keywords": [
                    "后排座椅",
                    "低",
                    "疲劳",
                    "长途乘坐"
                ]
            },
            {
                "summary": "理想L6的后排座椅不能前后调节，空间利用不够灵活，影响乘坐舒适度。",
                "summary_topic": "座椅调节差",
                "uuid": [
                    "0a2948a3-b25d-45fe-aa70-6c88ab42ac96",
                    "09bb03e9-8a5d-4080-8494-be5739163f40"
                ],
                "keywords": [
                    "后排座椅",
                    "前后调节",
                    "舒适度"
                ]
            },
            {
                "summary": "理想L6的后排空间不如预期，特别是与L7相比，后排空间显得较小。",
                "summary_topic": "后排空间小",
                "uuid": [
                    "30b21d52-1d17-4b6f-a714-0245c9104698",
                    "e9ba9701-bd21-4202-a258-398fdf3ea8b4"
                ],
                "keywords": [
                    "后排空间",
                    "L7",
                    "不够大"
                ]
            }
        ],
        "theme": "空间舒适"
    },
    {
        "advantage": [
            {
                "summary": "理想L6的外观设计被许多用户称赞为大气、时尚，尤其是前脸和贯穿式尾灯设计，具有很高的辨识度，给人一种豪华感。",
                "summary_topic": "外观设计好",
                "uuid": [
                    "310df3da-6b28-4bf5-b277-6d9d5f81d305",
                    "7a4488cb-e366-40df-b5c5-e4744d783939",
                    "a2eb1bc2-a17f-4c1f-91cc-3e4a29563f3c",
                    "e5ff2cad-e9a3-43d7-a0cd-7afa08315f65",
                    "d10bcb5e-e6bd-4303-8ae1-572b2c30a555"
                ],
                "keywords": [
                    "外观",
                    "设计",
                    "大气",
                    "豪华",
                    "辨识度"
                ]
            },
            {
                "summary": "理想L6的内饰被认为豪华且舒适，座椅设计和用料质感都得到了用户的好评，整体内饰氛围感强。",
                "summary_topic": "内饰豪华舒适",
                "uuid": [
                    "7a4488cb-e366-40df-b5c5-e4744d783939",
                    "e5ff2cad-e9a3-43d7-a0cd-7afa08315f65",
                    "d10bcb5e-e6bd-4303-8ae1-572b2c30a555",
                    "42a81bf4-ad47-4373-8e1b-55b41a14b992",
                    "e7c2d028-e2af-4300-b7c0-55bfe9dfe8c4"
                ],
                "keywords": [
                    "内饰",
                    "豪华",
                    "舒适",
                    "座椅",
                    "质感"
                ]
            },
            {
                "summary": "理想L6的外观设计被认为具有家族化设计的优点，整体外观大气，符合大众审美标准。",
                "summary_topic": "外观设计好",
                "uuid": [
                    "20ec804c-323e-4c9b-a768-1e940ace9a38",
                    "9a966474-91c8-4aed-b8ad-fa90064fe8b8",
                    "b74af501-827a-4938-b2cb-a4e3037235b2"
                ],
                "keywords": [
                    "外观",
                    "家族化设计",
                    "大气",
                    "审美标准"
                ]
            },
            {
                "summary": "理想L6的内饰设计简洁，配备大屏幕，豪华感较强。",
                "summary_topic": "内饰豪华感强",
                "uuid": [
                    "20ec804c-323e-4c9b-a768-1e940ace9a38",
                    "dd6c3f02-36ee-4977-b978-0052b9658d80"
                ],
                "keywords": [
                    "内饰",
                    "大屏幕",
                    "豪华感",
                    "简洁"
                ]
            },
            {
                "summary": "理想L6的颜色选择丰富，特别是小象灰和橙色内饰的搭配受到好评。",
                "summary_topic": "配色选择好",
                "uuid": [
                    "865d75c1-2fb5-4d7c-92bf-975c2e5d9b0a",
                    "49494d0a-687c-42bc-9e7f-3a0c92a72f6a"
                ],
                "keywords": [
                    "小象灰",
                    "橙色内饰",
                    "颜色选择",
                    "配色"
                ]
            }
        ],
        "disadvantage": [
            {
                "summary": "理想L6的外观设计被一些用户认为过于相似于其他理想车型，缺乏独特性，部分用户觉得设计风格过于保守。",
                "summary_topic": "外观设计差",
                "uuid": [
                    "71e7971d-b138-44a7-aae2-08222e4ab8be",
                    "c041de42-3923-4dc5-a694-194f054c6f36",
                    "4ba32229-5e8d-4f4f-a9fd-5c69f11ca7c4",
                    "ecca82e4-7cc5-476a-92f3-0427c1627e93",
                    "230c465e-f61a-4f36-a3f3-4f7ea7d76c9e"
                ],
                "keywords": [
                    "外观",
                    "设计",
                    "相似",
                    "保守",
                    "缺乏独特性"
                ]
            },
            {
                "summary": "理想L6的内饰设计被一些用户批评为缺乏变化，尤其是与其他理想车型相比，内饰风格变化不大，显得有些单调。",
                "summary_topic": "内饰设计差",
                "uuid": [
                    "8464f489-e6f3-438d-9f92-046d4c840034",
                    "230c465e-f61a-4f36-a3f3-4f7ea7d76c9e",
                    "ecca82e4-7cc5-476a-92f3-0427c1627e93",
                    "4ba32229-5e8d-4f4f-a9fd-5c69f11ca7c4",
                    "c041de42-3923-4dc5-a694-194f054c6f36"
                ],
                "keywords": [
                    "内饰",
                    "设计",
                    "缺乏变化",
                    "单调",
                    "风格"
                ]
            },
            {
                "summary": "理想L6的外观设计被认为缺乏创新，与其他车型过于相似。",
                "summary_topic": "外观缺乏创新",
                "uuid": [
                    "eae81b55-d216-4aa2-9bf3-818e0b8a88c6",
                    "c19ef13a-46b7-44e9-8d00-952d834d0d3a"
                ],
                "keywords": [
                    "外观",
                    "设计",
                    "相似",
                    "缺乏创新"
                ]
            },
            {
                "summary": "理想L6的内饰被认为有减配现象，部分材质显得廉价。",
                "summary_topic": "内饰减配现象",
                "uuid": [
                    "163f7f6b-d1ff-470d-a79b-c4af417f8f7c",
                    "955f5eab-4f54-4545-b385-32c7d7f6270a"
                ],
                "keywords": [
                    "内饰",
                    "减配",
                    "材质",
                    "廉价"
                ]
            },
            {
                "summary": "理想L6的后视镜模块较大，影响车内视线。",
                "summary_topic": "视线受阻碍",
                "uuid": [
                    "6fe31cfb-093e-4969-b85d-c15bf72f9a0d"
                ],
                "keywords": [
                    "后视镜模块",
                    "视线受阻"
                ]
            }
        ],
        "theme": "外观内饰"
    },
    {
        "advantage": [
            {
                "summary": "理想品牌的市场认可度高，销量表现强劲，成为国产豪华品牌的代表。",
                "summary_topic": "品牌认可度高",
                "uuid": [
                    "b5602383-f0ca-4201-9149-4a4ffa5bf1f7",
                    "ca36a02f-ca44-4efd-8a83-8f6e182c99bf",
                    "f3d6bccb-3a1b-49c3-94ef-c9558641c90c",
                    "943fa394-8d9a-4f29-a45d-79c9ddc0a423",
                    "145f3636-f00c-42a8-b6fc-63b5d0e6d305"
                ],
                "keywords": [
                    "理想汽车",
                    "销量",
                    "国产豪华品牌",
                    "市场认可",
                    "交付量"
                ]
            },
            {
                "summary": "理想L6的舒适性和空间设计受到消费者的广泛好评，尤其适合家庭使用。",
                "summary_topic": "舒适空间优",
                "uuid": [
                    "bbf66df4-5695-4526-a3fc-076b9429b252",
                    "28153476-224f-4a45-b00c-c30ab31537c5",
                    "7bfc91ac-5180-4ce0-8fa0-3a1b400c3503",
                    "c78889e2-2b08-4a63-becf-e9fddf24d341",
                    "474f3003-32d3-49a5-98dd-96be3d3dd166"
                ],
                "keywords": [
                    "舒适性",
                    "空间",
                    "家庭",
                    "乘坐体验",
                    "大沙发"
                ]
            },
            {
                "summary": "理想品牌在家庭用车市场上具有较高的品牌价值和影响力，成功将“创造移动的家，创造幸福的家”的理念植入目标用户群体中。",
                "summary_topic": "品牌价值高",
                "uuid": [
                    "7797e2ae-7b37-472b-81dc-4e16f5f5fa17",
                    "b8c87e94-e21a-461f-97d1-a0120d936480",
                    "92c10ace-aa34-4f33-a941-42d593b48655"
                ],
                "keywords": [
                    "理想",
                    "品牌价值",
                    "家庭用车",
                    "幸福的家"
                ]
            },
            {
                "summary": "理想L6在市场上被认为是具有较高性价比的家庭用车，尤其在配置和舒适性方面表现出色。",
                "summary_topic": "性价比高",
                "uuid": [
                    "d31410ef-4d1d-4442-9b22-e81655a5f02c",
                    "42a81bf4-ad47-4373-8e1b-55b41a14b992",
                    "d5898fb9-79cc-4a0d-b4fa-8c5bc22a1898"
                ],
                "keywords": [
                    "理想L6",
                    "性价比",
                    "家庭用车",
                    "舒适性"
                ]
            },
            {
                "summary": "理想品牌被认为在硬件和软件上领先于BBA，尤其在新能源领域具有竞争力。",
                "summary_topic": "品牌竞争力强",
                "uuid": [
                    "0c48c43d-df31-4f61-bf44-45d135c38c42"
                ],
                "keywords": [
                    "理想",
                    "BBA",
                    "硬件领先",
                    "软件领先",
                    "市场竞争"
                ]
            }
        ],
        "disadvantage": [
            {
                "summary": "理想L6的售后服务存在问题，用户反馈处理不及时，影响品牌形象。",
                "summary_topic": "售后服务差",
                "uuid": [
                    "5f7b37ec-e9d4-4093-bb3d-84e3d30f0d34",
                    "bd97b6ca-3ebd-469d-a8c5-a895a08a9ac7",
                    "4562b6f4-fcde-4f6c-bfb4-521f9cb97608",
                    "4699b3e4-a813-424a-a271-bd4d79ba0c92",
                    "a97e97f7-5fa7-48ef-8a32-c3b501e05e1f"
                ],
                "keywords": [
                    "售后服务",
                    "处理不及时",
                    "品牌形象",
                    "用户反馈"
                ]
            },
            {
                "summary": "理想L6的天窗玻璃易开裂，用户对其质量表示担忧。",
                "summary_topic": "天窗玻璃易裂",
                "uuid": [
                    "8bd87958-6dc3-4ed1-ae7a-20e10246e6e6",
                    "b52ef64f-f188-4590-91c9-1606b6679684",
                    "0b0de46f-0f37-47fd-bee4-d5e2cd24a0c3",
                    "966e6bef-00b3-41c4-be1a-09ae3f0b4303",
                    "93cf75f0-d479-4f20-ad91-0279c039c3c6"
                ],
                "keywords": [
                    "天窗",
                    "玻璃开裂",
                    "质量问题",
                    "用户担忧"
                ]
            },
            {
                "summary": "理想品牌在安全性方面存在争议，尤其是关于车辆碰撞安全性和气囊问题。",
                "summary_topic": "安全性存疑",
                "uuid": [
                    "a7624fa9-4855-4657-9bce-c164a49a2b89",
                    "425bea82-38ea-40b9-a449-ecaa2d4b396a",
                    "a64bec8b-9565-417c-a4ac-30170db5cec4"
                ],
                "keywords": [
                    "理想",
                    "安全性",
                    "碰撞",
                    "气囊"
                ]
            },
            {
                "summary": "理想品牌在消费者中存在较多负面评价，尤其关于车辆质量和售后服务方面。",
                "summary_topic": "质量服务差",
                "uuid": [
                    "b820306e-65c5-436c-a40e-a4034e81f764",
                    "d044836e-79a5-4fe9-8f2e-09c3c8ae07a9",
                    "68b2f2ab-f563-48c9-a315-99ee0dd97103"
                ],
                "keywords": [
                    "理想",
                    "质量",
                    "售后服务",
                    "负面评价"
                ]
            },
            {
                "summary": "理想L6被认为诚意不足，配置减配，价格高于预期，影响品牌形象。",
                "summary_topic": "配置减配差",
                "uuid": [
                    "37da4b46-c521-4b2c-aa82-6aa32e82e119",
                    "a21c04a5-1a64-4af1-a1dd-543d96fb6a17"
                ],
                "keywords": [
                    "理想L6",
                    "诚意不足",
                    "配置",
                    "减配",
                    "价格"
                ]
            }
        ],
        "theme": "品牌口碑"
    },
    {
        "advantage": [
            {
                "summary": "理想L6在驾驶性能方面表现出色，尤其是在加速和动力响应上，驾驶体验轻松舒适，适合家庭使用。",
                "summary_topic": "驾驶性能好",
                "uuid": [
                    "796a67a2-f65e-4019-9d11-abd13ec3c3b8",
                    "5ffbea05-e72a-4b83-8188-be3ca8d7fa3e",
                    "78426052-5165-418f-b48a-d63921ecad44",
                    "d463b12b-6e7a-490b-ab3a-d3f7943da1e6",
                    "d7c58742-f6f9-44c7-8e93-9e3fe69c4287"
                ],
                "keywords": [
                    "驾驶性能",
                    "加速",
                    "动力响应",
                    "驾驶体验",
                    "舒适"
                ]
            },
            {
                "summary": "理想L6在高速行驶中表现出色，动力充沛，驾驶体验良好。特别是在长途驾驶中，增程器的介入使得车辆在高速行驶时动力依然强劲。",
                "summary_topic": "高速动力强",
                "uuid": [
                    "77007040-728b-4759-927b-0f72d45a8b6a",
                    "c534e539-9d37-4174-888e-c5babfd61cfe",
                    "f92ed986-535c-4071-8523-f8a05ae796f1"
                ],
                "keywords": [
                    "高速",
                    "动力",
                    "驾驶体验",
                    "增程器"
                ]
            },
            {
                "summary": "理想L6的增程器在高速行驶中表现良好，提供了稳定的动力输出，适合长途驾驶。",
                "summary_topic": "增程器动力好",
                "uuid": [
                    "e5d28bbf-5a78-4589-b73f-97f601015801",
                    "d0f196db-4c0d-485a-bc9b-4a8cd0fc6a93",
                    "3ed6f7e7-9f60-46a4-959e-ec4e94921d65"
                ],
                "keywords": [
                    "增程器",
                    "高速",
                    "动力输出",
                    "长途驾驶"
                ]
            },
            {
                "summary": "理想L6的HUD显示清晰，信息丰富，提升了驾驶的便利性和安全性。",
                "summary_topic": "HUD体验好",
                "uuid": [
                    "b31ef72a-b3c6-435d-b3e6-168f1148a5d7",
                    "f2f95a55-4631-45f1-a0f2-a38728f34e64",
                    "78426052-5165-418f-b48a-d63921ecad44"
                ],
                "keywords": [
                    "HUD",
                    "显示清晰",
                    "信息丰富",
                    "驾驶便利"
                ]
            },
            {
                "summary": "理想L6的动力性能表现优异，四驱系统和悬架配置提升了驾驶体验，百公里加速时间较短。",
                "summary_topic": "动力性能优",
                "uuid": [
                    "7e72da92-4fa1-4569-b1f1-b8d9f5763abc",
                    "9f2bfb3e-7630-43b1-a41a-acf5b6174ce6",
                    "6951fcca-0999-446f-9042-4b9c0764a64f"
                ],
                "keywords": [
                    "动力",
                    "四驱",
                    "悬架",
                    "加速"
                ]
            }
        ],
        "disadvantage": [
            {
                "summary": "理想L6在高速行驶时噪音较大，尤其是增程器启动时的噪音明显，影响驾驶舒适性。",
                "summary_topic": "高速噪音大",
                "uuid": [
                    "78820394-c83b-4e3e-8b04-ede8c992bda4",
                    "6de9cdb9-e977-4448-99fd-958e1b449221",
                    "8b81a692-0f37-4938-8803-6d356c84b632"
                ],
                "keywords": [
                    "噪音",
                    "高速",
                    "增程器",
                    "舒适性"
                ]
            },
            {
                "summary": "理想L6在高速行驶时油耗较高，尤其是在高速巡航时，油耗表现不如预期。",
                "summary_topic": "高速油耗高",
                "uuid": [
                    "e65af8d8-3454-463d-b7d3-fee9a043515c",
                    "3cf9f9ea-3984-4a8d-b73a-e18eac916dbc",
                    "26f27800-d2db-46a8-a53a-921248bb6234"
                ],
                "keywords": [
                    "油耗",
                    "高速",
                    "巡航",
                    "燃油"
                ]
            },
            {
                "summary": "理想L6的自动驾驶系统在高速行驶中不够稳定，存在突然退出或错误识别的情况，影响安全性。",
                "summary_topic": "自动驾驶差",
                "uuid": [
                    "e493e57e-5ba7-4aae-9641-a36c31644f80",
                    "9a5e20ab-698c-4784-a8bc-4541ad5a4b4d",
                    "a6ee55c6-e04c-404f-a9be-3900c9d6ee98"
                ],
                "keywords": [
                    "自动驾驶",
                    "高速",
                    "退出",
                    "安全"
                ]
            },
            {
                "summary": "理想L6在高速行驶时存在风噪和胎噪较大的问题，影响了驾驶的舒适性。",
                "summary_topic": "高速噪音大",
                "uuid": [
                    "de357a27-c3f2-42c1-abdc-e7c40ede4960",
                    "a6021b8a-1ad1-4cd2-87c7-db6e91c3438b",
                    "ae45327b-7eaa-4941-a0e9-d8eba8427239"
                ],
                "keywords": [
                    "风噪",
                    "胎噪",
                    "高速",
                    "噪音"
                ]
            },
            {
                "summary": "理想L6的悬架系统偏软，导致车辆在行驶过程中容易出现晃动，尤其是在不平路面上，影响了驾驶的稳定性。",
                "summary_topic": "悬架偏软晃",
                "uuid": [
                    "f2236e26-d26f-4052-9f2f-f9e9d0297122",
                    "1737d963-7d3c-46d1-8749-444164ee0333",
                    "d463b12b-6e7a-490b-ab3a-d3f7943da1e6"
                ],
                "keywords": [
                    "悬架",
                    "偏软",
                    "晃动",
                    "稳定性"
                ]
            }
        ],
        "theme": "驾驶性能"
    },
    {
        "advantage": [
            {
                "summary": "许多用户在购买理想L6时享受到了不同的赠品和优惠政策，例如积分、耳机、油卡等，这些附加福利提升了购买体验。",
                "summary_topic": "赠品优惠多",
                "uuid": [
                    "becfaf2b-bb25-41db-9f09-0224f4170366",
                    "0db46fcd-dcf7-4e71-b2b2-3d485f98a474",
                    "e9f8df7a-d8cb-4f7b-aa0c-ae9340e144df",
                    "48954864-ab6a-40e3-a5b6-cf369c318dfd",
                    "ad89b43b-1e2b-4057-9e4a-573c2130c8a6"
                ],
                "keywords": [
                    "赠品",
                    "积分",
                    "耳机",
                    "油卡",
                    "优惠"
                ]
            },
            {
                "summary": "理想L6的购买过程被描述为顺利且高效，用户在提车时感受到良好的服务体验。",
                "summary_topic": "提车服务好",
                "uuid": [
                    "73a009b6-2b77-49df-9d11-2917bafe8248",
                    "84db5dfc-6167-4299-86ef-f715503699ff",
                    "c8a4fccb-c34f-466c-a305-82bf749b32d0",
                    "525582fe-dce0-49aa-aed2-9fa46d204771",
                    "63854853-fcb3-47d7-b855-18911df560ac"
                ],
                "keywords": [
                    "提车",
                    "服务",
                    "顺利",
                    "高效",
                    "体验"
                ]
            },
            {
                "summary": "购买时赠品丰富，包括积分、耳机、脚垫等，提升了购买体验。",
                "summary_topic": "赠品丰富体验好",
                "uuid": [
                    "3e51c4a6-85b8-4fde-82ef-9129ae7946a2",
                    "fa172765-e886-4d45-a6ed-21c47a9a33ce",
                    "90d0a782-a661-4538-b56a-c6e109ea27da",
                    "e7624552-8847-4503-9e83-66760b8f28b8",
                    "a0417637-6757-4a8f-abe8-e62da5e24472"
                ],
                "keywords": [
                    "优惠",
                    "积分",
                    "耳机",
                    "脚垫",
                    "赠品"
                ]
            },
            {
                "summary": "购车流程较为便捷，销售服务态度好，试驾体验满意，购车决策迅速。",
                "summary_topic": "购车流程便捷",
                "uuid": [
                    "87ce47eb-02b4-46a6-afdf-7fdb4c6ae78d",
                    "798f7541-bc87-4f46-af58-b4162a3de7da",
                    "57dd32ec-00e2-45df-9a89-a2840d88b275",
                    "23eaba55-28e9-46ea-b938-2a3e4a4fda67",
                    "49baf0d4-b9fe-4887-924d-e8a99cc38eba"
                ],
                "keywords": [
                    "试驾",
                    "购车",
                    "销售服务",
                    "满意",
                    "决策"
                ]
            },
            {
                "summary": "购车赠品丰富，部分地区有地方补贴，购车优惠力度大。",
                "summary_topic": "购车赠品丰富",
                "uuid": [
                    "795d2150-27d6-4d30-9acf-fdde61e3108b",
                    "e2444db0-8fb7-46e2-bd80-a31cc699834c",
                    "7ef047f5-4ed1-460c-a9c0-8e8c83adfe58",
                    "c54fae25-6c0e-461e-bd40-87fdd5fbaed1",
                    "e482a39b-616c-4529-bde7-676fce1fb428"
                ],
                "keywords": [
                    "赠品",
                    "补贴",
                    "优惠",
                    "积分",
                    "充电桩"
                ]
            }
        ],
        "disadvantage": [
            {
                "summary": "一些用户在购买理想L6时遇到了销售欺骗和虚假宣传的问题，导致购买体验不佳。",
                "summary_topic": "销售欺骗差",
                "uuid": [
                    "168bccda-c954-4a04-b617-44d4f1f7ffff",
                    "d0dcad25-f5b3-4599-b9ec-aa9232d9a1d9",
                    "184fe1b9-9797-4f3a-82b2-e81b81825466",
                    "5a1f0e71-d3d6-4f38-83cf-16e027cbb582",
                    "8b8a0e16-3c5b-4fac-bb48-b208001f9f51"
                ],
                "keywords": [
                    "销售",
                    "欺骗",
                    "虚假宣传",
                    "购买体验",
                    "问题"
                ]
            },
            {
                "summary": "一些用户反映理想L6的提车时间较长，等待过程漫长且不确定，影响了整体购买体验。",
                "summary_topic": "提车时间长",
                "uuid": [
                    "c8a3f245-c7dd-4465-abc2-9dd42d8913fc",
                    "c1ac2c06-734d-4d53-a72e-63326c93b149",
                    "387bd12c-d2d3-4532-9c1f-c567d1f81e24",
                    "84db5dfc-6167-4299-86ef-f715503699ff",
                    "155950d9-2ec3-43b8-bdad-36cbbd968631"
                ],
                "keywords": [
                    "提车时间",
                    "等待",
                    "漫长",
                    "不确定",
                    "影响"
                ]
            },
            {
                "summary": "提车周期较长，交付时间不确定，等待时间过长。",
                "summary_topic": "提车周期长",
                "uuid": [
                    "4d371c51-c326-4b93-88c4-e1cba63b0f8f",
                    "8a243da0-9c96-41f4-b2d6-700f8b8bb3ba",
                    "18849dce-69c0-4639-ac1f-44192b15a817",
                    "f2b5d0b2-5305-46a9-a9e2-e736a79629f0",
                    "e482a39b-616c-4529-bde7-676fce1fb428"
                ],
                "keywords": [
                    "提车",
                    "等待",
                    "交付",
                    "周期",
                    "时间"
                ]
            },
            {
                "summary": "销售服务态度差，销售人员不主动，购车体验不佳。",
                "summary_topic": "销售服务差",
                "uuid": [
                    "46e2919a-7313-48cd-9313-054b1031a929",
                    "0cc3af6c-a117-42fe-aa3e-8b8ca2df5b75",
                    "a97e216e-e844-41f9-951b-8bca883630ff",
                    "dfcdb218-4b0e-480c-b331-ad7c3a417d41",
                    "cdc6509e-007a-4212-84e4-e5d6d4ba31a6"
                ],
                "keywords": [
                    "销售",
                    "服务",
                    "态度",
                    "体验",
                    "不佳"
                ]
            },
            {
                "summary": "购买过程中赠品少，消费者对赠品不满意。",
                "summary_topic": "赠品不足",
                "uuid": [
                    "58405ca0-5a08-4b62-b913-37df749e2721",
                    "c5836725-67c8-4aa7-874b-ea794b2f1db2",
                    "fe089f8f-94ea-4f89-a478-6101bff8beb8",
                    "8939468a-8bf8-4b3b-9817-1ac618ea8037"
                ],
                "keywords": [
                    "赠品",
                    "积分",
                    "礼品",
                    "无赠品"
                ]
            }
        ],
        "theme": "购买体验"
    },
    {
        "advantage": [
            {
                "summary": "理想L6提供了多种补贴和优惠政策，包括置换补贴、现金优惠和免息贷款，这使得购车成本相对较低。",
                "summary_topic": "购车优惠多",
                "uuid": [
                    "e9f8df7a-d8cb-4f7b-aa0c-ae9340e144df",
                    "c91547c7-1dc6-4a95-a493-6f0e878d0924",
                    "ad89b43b-1e2b-4057-9e4a-573c2130c8a6",
                    "ac7c2a55-49bc-4e24-9c93-4dd28a7b125e",
                    "6cd7cf63-343e-4df9-8da9-fc44dabec224"
                ],
                "keywords": [
                    "补贴",
                    "优惠",
                    "免息",
                    "价格",
                    "置换"
                ]
            },
            {
                "summary": "理想L6提供多种补贴和优惠政策，包括置换补贴、现金优惠、积分和赠品等，吸引消费者购买。",
                "summary_topic": "购车补贴多",
                "uuid": [
                    "830ce3e3-9769-421f-b48a-1ebeb3358bc3",
                    "2053385d-eb7c-49f1-a38a-4b7356b50e99",
                    "9474873b-dd85-489f-a1d3-22f01fed98c6",
                    "8c175d8e-90b4-4145-9f14-6462815f72ee",
                    "8a4dedca-9f3a-45dd-a470-436decd113bf"
                ],
                "keywords": [
                    "置换补贴",
                    "现金优惠",
                    "积分",
                    "赠品"
                ]
            },
            {
                "summary": "理想L6在价格上具有一定的竞争力，尤其是在同级别车型中，提供了较为丰富的配置和性价比。",
                "summary_topic": "价格性价比高",
                "uuid": [
                    "67bec7ea-ea28-42b8-91c8-d200fb0e59f5",
                    "b819d787-b4a0-48da-a7e9-5965f1c7dffc",
                    "d31410ef-4d1d-4442-9b22-e81655a5f02c",
                    "6951fcca-0999-446f-9042-4b9c0764a64f",
                    "b06f2954-c0b5-4ec7-ba94-69720becae59"
                ],
                "keywords": [
                    "性价比",
                    "价格",
                    "配置",
                    "竞争力"
                ]
            },
            {
                "summary": "理想L6的价格较为亲民，尤其是相比于其他豪华品牌，提供了更具吸引力的购车选择。",
                "summary_topic": "价格亲民",
                "uuid": [
                    "d31410ef-4d1d-4442-9b22-e81655a5f02c",
                    "b06f2954-c0b5-4ec7-ba94-69720becae59",
                    "6951fcca-0999-446f-9042-4b9c0764a64f",
                    "b2bd3c38-1d7d-4c48-9558-0bae26c1d2c4",
                    "b06f2954-c0b5-4ec7-ba94-69720becae59"
                ],
                "keywords": [
                    "亲民",
                    "价格",
                    "吸引力",
                    "购车选择"
                ]
            },
            {
                "summary": "理想L6的价格预计在25万左右，这将降低购车门槛，使其更具吸引力。",
                "summary_topic": "价格门槛低",
                "uuid": [
                    "f79cbb74-4fec-43bd-b90d-c5f7737f98c1",
                    "50c9dc79-364d-4fbb-97a4-1726d96c0ac0",
                    "5f396719-f4a2-4342-8263-ae8ed5c04994",
                    "b33a9245-030b-42d1-b5d1-0c29ee37a6ae",
                    "b33c19bc-19a0-47cc-bd00-31877f629223"
                ],
                "keywords": [
                    "理想L6",
                    "售价25万",
                    "购车门槛",
                    "价格",
                    "吸引力"
                ]
            }
        ],
        "disadvantage": [
            {
                "summary": "理想L6的价格仍然较高，部分消费者认为其配置和价格不匹配，导致性价比不如预期。",
                "summary_topic": "价格性价比差",
                "uuid": [
                    "e4e8fd3a-cf14-4c14-bcd4-0f4e58e33fdd",
                    "6eee993b-3a3d-43e0-b0e3-b2d98703f3be",
                    "f1cf8fe6-b0d6-42f0-9271-9f21bef98e1f",
                    "9b2196f8-8b2a-4afe-95e3-1d8c791e57de",
                    "f8127199-8ab8-48ee-a9e3-1d8c4a926288"
                ],
                "keywords": [
                    "价格",
                    "配置",
                    "性价比",
                    "不匹配"
                ]
            },
            {
                "summary": "理想L6的价格策略被认为不够灵活，可能导致市场竞争力下降，消费者期待更大的优惠幅度。",
                "summary_topic": "价格策略差",
                "uuid": [
                    "e4e8fd3a-cf14-4c14-bcd4-0f4e58e33fdd",
                    "6eee993b-3a3d-43e0-b0e3-b2d98703f3be",
                    "f1cf8fe6-b0d6-42f0-9271-9f21bef98e1f",
                    "9b2196f8-8b2a-4afe-95e3-1d8c791e57de",
                    "f8127199-8ab8-48ee-a9e3-1d8c4a926288"
                ],
                "keywords": [
                    "价格策略",
                    "市场竞争力",
                    "优惠幅度",
                    "灵活性"
                ]
            },
            {
                "summary": "理想L6的电池容量较小，导致续航里程较短，用户需要频繁充电。",
                "summary_topic": "续航里程短",
                "uuid": [
                    "9d918056-6f02-4ddf-b074-8cec1ccc48e1",
                    "c2cc6743-0c5f-440e-9086-2e8c5d1795cd",
                    "61d9dfb3-fcf1-4655-b076-2f1e1364cd9d"
                ],
                "keywords": [
                    "电池",
                    "续航",
                    "充电",
                    "频繁"
                ]
            },
            {
                "summary": "理想L6在高速行驶时的油耗较高，增程器的使用导致油耗上升。",
                "summary_topic": "高速油耗高",
                "uuid": [
                    "35e5b63c-151f-421e-b65d-359bd3be0839",
                    "8c10290a-c238-430c-81fe-0420a3c067da",
                    "ae7c520b-8146-4c47-b80b-b1af85f42c5a"
                ],
                "keywords": [
                    "高速",
                    "油耗",
                    "增程器",
                    "高"
                ]
            },
            {
                "summary": "理想L6的价格在某些地区没有优惠，导致消费者感到价格偏高。",
                "summary_topic": "价格优惠少",
                "uuid": [
                    "0081e412-7799-460f-9af4-8e1f966d622c",
                    "e384851b-c293-472d-861f-aab222ca0f89",
                    "e8772640-87e7-431e-9110-526c0814c62c"
                ],
                "keywords": [
                    "价格",
                    "优惠",
                    "贵"
                ]
            }
        ],
        "theme": "价格成本"
    }
]