[
    {
        "advantage": [
            {
                "summary": "车机系统流畅，功能强大，语音识别率高，支持多种应用和导航功能。",
                "summary_topic": "车机体验好",
                "uuid": [
                    "8bc5623d-ad8b-4839-8793-188f9e39bdd0",
                    "d17f36ab-ed84-4fe2-b22a-e4f0899ad7c3",
                    "4c6d628b-2e96-44ad-ae60-54eb6ad8e2ac",
                    "477fd754-a545-42de-b9fa-4d642fbbf99b",
                    "7db62b8e-0e1a-4cb0-9318-dcf56cf4acf8"
                ],
                "keywords": [
                    "车机系统",
                    "流畅",
                    "语音识别",
                    "导航功能",
                    "应用"
                ]
            },
            {
                "summary": "智能辅助驾驶功能省心，ACC自适应巡航和车道保持功能表现良好。",
                "summary_topic": "智能驾驶好",
                "uuid": [
                    "53fbba6a-7446-4838-874c-2b2261681590",
                    "9d4eebe1-a51c-4c53-8274-38b9ed217001",
                    "7db62b8e-0e1a-4cb0-9318-dcf56cf4acf8"
                ],
                "keywords": [
                    "智能辅助驾驶",
                    "ACC自适应巡航",
                    "车道保持"
                ]
            },
            {
                "summary": "车机导航好用，不用流量，用户体验佳。",
                "summary_topic": "车机体验好",
                "uuid": [
                    "433f26aa-73d4-4c12-8c44-8a39d019c52c",
                    "f34434b3-428b-426c-9c5a-2075bfedd710"
                ],
                "keywords": [
                    "车机导航",
                    "不用流量",
                    "好用"
                ]
            },
            {
                "summary": "智能系统更新及时，支持OTA升级。",
                "summary_topic": "系统更新快",
                "uuid": [
                    "a94fbfc1-78bf-4695-a75b-86b8b182da0f",
                    "7f99934f-9530-4de5-b31c-12b4bc585d47"
                ],
                "keywords": [
                    "OTA升级",
                    "智能系统",
                    "更新"
                ]
            },
            {
                "summary": "比亚迪汉的智能系统在语音识别和导航功能上表现出色，语音助手反应灵敏，能够快速执行指令，导航功能也很实用。",
                "summary_topic": "语音导航出色",
                "uuid": [
                    "cb5508db-8279-4455-b667-fd57b65d5d96",
                    "b5e15c95-05a2-4ea8-b28b-cc692d40f75e"
                ],
                "keywords": [
                    "语音助手",
                    "导航",
                    "反应灵敏",
                    "语音功能"
                ]
            }
        ],
        "disadvantage": [
            {
                "summary": "车机系统升级后出现转向灯无声、音响音质下降等问题。",
                "summary_topic": "车机升级差",
                "uuid": [
                    "8a8e3c5f-fdea-4d5c-a80d-76dbb9f5a710",
                    "2fcfacd5-82e3-4b10-bb3d-4d45b50b3a13",
                    "89291186-15e3-4e51-9c12-4042bdc40ceb",
                    "8be3f085-c80e-443e-ba2a-4ef41489ad73",
                    "705eafb0-5cb7-49ba-9968-cc55f5c8edf5"
                ],
                "keywords": [
                    "车机系统",
                    "升级",
                    "转向灯",
                    "音响",
                    "音质"
                ]
            },
            {
                "summary": "智能保电功能不稳定，电量管理问题频繁出现。",
                "summary_topic": "电量管理差",
                "uuid": [
                    "5499ff1c-028b-443f-9ac1-2e98db0f8694",
                    "87e720eb-9967-4ba5-a785-9b46513f25fb",
                    "9ae2bf1b-b46b-4948-a782-cef28be68c34",
                    "6e65bc40-9f07-40bd-87fc-45dd854e2b98",
                    "53fbba6a-7446-4838-874c-2b2261681590"
                ],
                "keywords": [
                    "智能保电",
                    "电量",
                    "强制保电",
                    "管理问题"
                ]
            },
            {
                "summary": "智能系统误报频繁，影响驾驶安全。",
                "summary_topic": "智能误报多",
                "uuid": [
                    "671750e4-78ae-4337-9aa1-6580a1fabd0f",
                    "7ca491b6-26ee-4b38-bb86-60f7db8b9026"
                ],
                "keywords": [
                    "自动刹车",
                    "误报",
                    "碰撞预警"
                ]
            },
            {
                "summary": "车机系统存在卡顿和反应慢的问题，影响用户体验。",
                "summary_topic": "车机系统差",
                "uuid": [
                    "8037f67b-f9f9-4d6d-a0dd-1972c4d58fb7",
                    "b478f9be-d621-479c-bede-c5029083f1e3"
                ],
                "keywords": [
                    "车机",
                    "卡顿",
                    "反应慢"
                ]
            },
            {
                "summary": "智能领航系统在某些情况下无法激活，需停车重启才能使用。",
                "summary_topic": "智能领航差",
                "uuid": [
                    "1a1d27a2-50cd-451a-b260-d716a181d7c0",
                    "c5ab6f22-7e39-4851-8061-3455b15e218b"
                ],
                "keywords": [
                    "智能领航",
                    "激活条件",
                    "停车重启"
                ]
            }
        ],
        "theme": "智能系统"
    },
    {
        "advantage": [
            {
                "summary": "车内空间宽敞，特别是后排空间大，乘坐舒适，适合家用。",
                "summary_topic": "空间宽敞舒适",
                "uuid": [
                    "0265f507-b44c-4888-9e84-3970ab4fd7aa",
                    "ddd69de7-385e-4181-a78c-81b3ac0c2bbd",
                    "65ace734-2ce2-4c61-ab9f-bab66169249d",
                    "e2689ee0-7df4-41a8-bb52-ccb953d86ea9",
                    "ce17ea36-c054-429e-9358-1fd1ce9a71fa"
                ],
                "keywords": [
                    "空间",
                    "后排",
                    "舒适",
                    "宽敞",
                    "乘坐"
                ]
            },
            {
                "summary": "后排空间大，适合长途乘坐，乘坐体验良好。",
                "summary_topic": "后排空间大",
                "uuid": [
                    "e8ea1100-e421-4aa8-98fa-31f41ff7f2d0",
                    "e48561b5-eeb8-409d-8c8d-3fc4277ee1ba",
                    "467a88e0-75c7-4f82-b59f-e58e129bcc11",
                    "277fdc9a-73dc-4837-bf91-a22492173adc",
                    "7193149f-5f69-4b5a-a749-1d123c63ba26"
                ],
                "keywords": [
                    "后排",
                    "空间",
                    "乘坐",
                    "舒适",
                    "长途"
                ]
            },
            {
                "summary": "汉的后排空间大，乘坐舒适，尤其是腿部和头部空间充裕，适合家用。",
                "summary_topic": "空间舒适好",
                "uuid": [
                    "ab4522e1-92d4-450c-a815-17147a2ae50e",
                    "55abf614-3bd8-4a3d-9008-7792f62f63ec",
                    "8348c2e8-3348-450f-9157-c25ae2f4f58e",
                    "2fc47615-79db-4920-8c4c-d8c2578d9525",
                    "6efde5ca-1252-468f-b38e-a33d8e50ed50"
                ],
                "keywords": [
                    "空间大",
                    "舒适",
                    "后排",
                    "乘坐",
                    "家用"
                ]
            },
            {
                "summary": "汉的内饰豪华，座椅舒适，适合长途驾驶。",
                "summary_topic": "内饰豪华好",
                "uuid": [
                    "ab2ccb94-2c9f-4141-858e-7133c502a6f7",
                    "2fc47615-79db-4920-8c4c-d8c2578d9525",
                    "ab1f398d-cba6-4052-8234-3aa7be4f4851",
                    "27d9afb1-c986-4940-8dd6-2a67b65adf95",
                    "4c6d628b-2e96-44ad-ae60-54eb6ad8e2ac"
                ],
                "keywords": [
                    "内饰",
                    "豪华",
                    "座椅",
                    "舒适",
                    "长途"
                ]
            },
            {
                "summary": "空间宽敞，后排乘坐舒适，适合家庭使用。",
                "summary_topic": "空间舒适好",
                "uuid": [
                    "b2daa990-02c5-4aec-a040-3a512fd295b0",
                    "9adb7a14-94b8-4833-8933-6a702c8a3ab5",
                    "5e1e404e-aca4-44f7-a5de-66b49240359b",
                    "18f33683-0b5c-47fe-ae1c-0340e6ecc4da",
                    "39b26c48-5bb4-4a5c-afac-3bcb135b9db0"
                ],
                "keywords": [
                    "空间",
                    "后排",
                    "舒适",
                    "宽敞",
                    "家庭"
                ]
            }
        ],
        "disadvantage": [
            {
                "summary": "转弯半径大，掉头和停车不便，尤其在狭窄路段。",
                "summary_topic": "转弯半径大",
                "uuid": [
                    "b1f83138-5c6b-4bf1-928e-9a6d2330340b",
                    "fa5079de-1e9f-4943-883a-2b3823378532",
                    "e8ea1100-e421-4aa8-98fa-31f41ff7f2d0",
                    "10aa3598-6761-45d8-8423-3b18a2ac2cdf",
                    "e2689ee0-7df4-41a8-bb52-ccb953d86ea9"
                ],
                "keywords": [
                    "转弯半径",
                    "掉头",
                    "停车",
                    "狭窄路段",
                    "不便"
                ]
            },
            {
                "summary": "后排空间不足，尤其是中间座位，乘坐不舒适。",
                "summary_topic": "后排空间不足",
                "uuid": [
                    "3be0ea9d-1820-41dd-b347-78f1ae45722f",
                    "4630e0bf-12f0-448e-ba86-0570a633855f",
                    "d13595f6-8f5d-4f89-bb51-7ae1afb4eb40",
                    "e8a7d8e0-29ed-427c-9e3e-6d80409f9ec9",
                    "bf72580b-71a2-4ae6-8f97-cce4781788b3"
                ],
                "keywords": [
                    "后排",
                    "空间",
                    "中间座位",
                    "乘坐",
                    "不舒适"
                ]
            },
            {
                "summary": "汉的后排中间位置头部空间不足，坐着不舒适。",
                "summary_topic": "后排空间差",
                "uuid": [
                    "ab2ccb94-2c9f-4141-858e-7133c502a6f7",
                    "6efde5ca-1252-468f-b38e-a33d8e50ed50",
                    "8c9f1699-8911-4618-a494-d48d0d32734c",
                    "4c6d628b-2e96-44ad-ae60-54eb6ad8e2ac",
                    "f7f5ebbf-049c-4fa5-beb6-c226c1165f38"
                ],
                "keywords": [
                    "后排",
                    "中间",
                    "头部空间",
                    "不舒适",
                    "顶头"
                ]
            },
            {
                "summary": "汉的转弯半径大，导致掉头和停车不便。",
                "summary_topic": "转弯半径大",
                "uuid": [
                    "20d4e5d7-2a63-4186-99b7-85fda64f292e",
                    "685d717a-60ee-425d-8b34-e49ebeb17f65",
                    "2a6ea97a-eeee-47e4-892c-2dea477e7a0c",
                    "e3b626ce-4fa9-44a8-9fd5-a92f71441836",
                    "69e81c66-694d-449f-9791-6a142c2b7ea2"
                ],
                "keywords": [
                    "转弯半径",
                    "掉头",
                    "停车",
                    "不便"
                ]
            },
            {
                "summary": "后备箱空间小，影响实用性。",
                "summary_topic": "后备箱空间差",
                "uuid": [
                    "86aa1aec-d169-4670-a0bf-e4cf4a4a2a15",
                    "3e8b9b66-24b3-49ad-b3c0-b35bc48d08b4",
                    "e03f9d6d-fbad-40a9-8c90-3e21491b995f",
                    "18be77f6-a925-43a2-9e29-809f4be724e2",
                    "ac9b6ca7-b7b4-43fd-9bba-baad6fe7b762"
                ],
                "keywords": [
                    "后备箱",
                    "空间",
                    "小",
                    "实用性"
                ]
            }
        ],
        "theme": "空间舒适"
    },
    {
        "advantage": [
            {
                "summary": "比亚迪汉的外观设计被广泛赞誉，尤其是其龙颜前脸和贯穿式尾灯，许多用户认为其外观大气、帅气，符合年轻人的审美。",
                "summary_topic": "外观设计好",
                "uuid": [
                    "6934e3e8-9db5-44aa-8c2e-061a042c5391",
                    "30125ab9-4680-45be-bdd6-19e3d806230b",
                    "2cc8f754-bcaa-4bfa-858a-5b83008c3ae9",
                    "f746d508-605d-4652-8208-927dcbcbd259",
                    "8631f1d7-c304-4314-9810-2e85ac5679ed"
                ],
                "keywords": [
                    "外观",
                    "龙颜",
                    "尾灯",
                    "大气",
                    "帅气"
                ]
            },
            {
                "summary": "内饰的豪华感和质感受到好评，用户认为内饰设计成熟稳重，豪华感强，座椅舒适。",
                "summary_topic": "内饰豪华好",
                "uuid": [
                    "e2689ee0-7df4-41a8-bb52-ccb953d86ea9",
                    "bb1aa082-9556-4efb-b93c-2a3cc5ed0660",
                    "aad017c4-ed7c-4a03-9db5-9d580ae51598",
                    "f250fb39-f95e-411a-baca-74bae89b6092",
                    "7c5aac28-317e-4da3-ab19-36f53055a998"
                ],
                "keywords": [
                    "内饰",
                    "豪华",
                    "质感",
                    "成熟稳重",
                    "舒适"
                ]
            },
            {
                "summary": "汉的外观设计被广泛称赞，尤其是银釉白和黑色的选择，展现出大气与帅气的风格。",
                "summary_topic": "外观设计好",
                "uuid": [
                    "1a6e12c5-6c20-4084-8db1-cfaec25011bd",
                    "ffa30f53-144d-4c27-a903-3ce8534dff24",
                    "09a40597-5c54-4fcf-86f6-ed07e1339129",
                    "bb6998a6-1171-4478-8c61-da30a8329e64",
                    "33fdc46d-9ac9-4028-81e4-f09515f497df"
                ],
                "keywords": [
                    "银釉白",
                    "好看",
                    "外观",
                    "大气",
                    "内饰材质"
                ]
            },
            {
                "summary": "比亚迪汉的内饰被多次提及为豪华、舒适，尤其是橙色内饰和金鳞橙内饰被认为是亮点，设计感强，符合年轻人的审美。",
                "summary_topic": "内饰设计豪华",
                "uuid": [
                    "18dc469b-69d0-4450-b881-ad4386b6df07",
                    "e40c4ff0-4038-4cd2-8b7c-d593a8f12c19",
                    "758f9de6-4671-4391-b9da-8743d594775d",
                    "4acdd39e-20df-4dc2-8442-d1e90c108217",
                    "8d5f3e2b-bf86-4a9c-8164-c7b94f585ea3"
                ],
                "keywords": [
                    "内饰",
                    "豪华",
                    "橙色内饰",
                    "金鳞橙",
                    "设计"
                ]
            },
            {
                "summary": "车辆的外观设计被认为具有运动感和时尚感，尤其是黑化后的效果被称赞为帅气，吸引了不少年轻消费者。",
                "summary_topic": "外观运动时尚",
                "uuid": [
                    "4556d8ce-3672-44fe-80ee-2e1187c2dec8",
                    "a4682719-1c6b-42e2-bff1-301403b8d25e",
                    "e685c09f-e907-4cd6-8ec8-4e0ba55ca4a0",
                    "8bbbf45e-bfe8-4990-ac85-2cc4d2001976",
                    "d43a2123-fc67-42b3-a3d6-66e59b5f0157"
                ],
                "keywords": [
                    "外观",
                    "运动感",
                    "时尚",
                    "黑化",
                    "帅气"
                ]
            }
        ],
        "disadvantage": [
            {
                "summary": "比亚迪汉的转弯半径被认为过大，导致掉头和停车不便，用户普遍反映在狭窄路段掉头需要多次调整。",
                "summary_topic": "转弯半径大",
                "uuid": [
                    "20e955f6-704c-4690-9971-c6b956957533",
                    "b1f83138-5c6b-4bf1-928e-9a6d2330340b",
                    "aad017c4-ed7c-4a03-9db5-9d580ae51598",
                    "dc6de809-b66a-4037-a374-0a86e14b6f0a",
                    "7c5aac28-317e-4da3-ab19-36f53055a998"
                ],
                "keywords": [
                    "转弯半径",
                    "掉头",
                    "停车",
                    "调整"
                ]
            },
            {
                "summary": "内饰的钢琴烤漆容易留下指纹和划痕，用户反映其不耐脏且难以保持清洁。",
                "summary_topic": "内饰不耐脏",
                "uuid": [
                    "19884ba5-0c6c-4d28-a32c-5ce43905c487",
                    "7c5aac28-317e-4da3-ab19-36f53055a998",
                    "e2689ee0-7df4-41a8-bb52-ccb953d86ea9",
                    "92b34d04-49cd-4df4-8090-75be7331b4d3",
                    "f933e574-0ab7-4227-9f5e-bc288fb1bb7f"
                ],
                "keywords": [
                    "钢琴烤漆",
                    "指纹",
                    "划痕",
                    "不耐脏",
                    "清洁"
                ]
            },
            {
                "summary": "内饰颜色选择有限，尤其是棕色内饰被认为老气，缺乏年轻感，用户希望增加更多内饰颜色选项。",
                "summary_topic": "内饰颜色老气",
                "uuid": [
                    "50fa5279-aef4-49e7-bdd8-06705671b2ba",
                    "2852925f-85d7-46d0-ba7e-1b55a57a99f8",
                    "87b78c04-84d8-4196-8468-886d8b785743",
                    "7c5ef41f-eeea-4969-8a0a-df5a19dda876",
                    "a52e10eb-2185-4273-a59a-d49b7bf044ea"
                ],
                "keywords": [
                    "内饰",
                    "颜色",
                    "老气",
                    "棕色",
                    "选择"
                ]
            },
            {
                "summary": "钢琴烤漆面板容易出现划痕和指纹，影响整体质感和美观。",
                "summary_topic": "烤漆面板差",
                "uuid": [
                    "510b7838-c52e-45ad-8b6c-c3e5535e4ae5",
                    "88957395-8f3a-4739-86be-3975284f9358",
                    "7f701092-1698-41fa-a410-26656465acbf",
                    "759cd32c-e1a6-41f2-8774-271dab1d1b19",
                    "a9a28bba-17d0-46b4-bc8a-47135a09c74a"
                ],
                "keywords": [
                    "钢琴烤漆",
                    "划痕",
                    "指纹",
                    "质感",
                    "美观"
                ]
            },
            {
                "summary": "车漆容易出现划痕和掉色，影响车辆外观的持久性和美观。",
                "summary_topic": "车漆质量差",
                "uuid": [
                    "4cf17980-3d54-46c5-a5b5-81da45cb5e44",
                    "8950a155-6823-42af-894e-c6fdf40edf75",
                    "6ba94e73-6f0c-4a12-9b08-54529b5a4d9e",
                    "ba9739ab-9a24-4d9e-a43f-fa8bff0f855f",
                    "e59ab53a-8ce0-4cb4-b4a6-755f5f160f7b"
                ],
                "keywords": [
                    "车漆",
                    "划痕",
                    "掉色",
                    "外观",
                    "持久性"
                ]
            }
        ],
        "theme": "外观内饰"
    },
    {
        "advantage": [
            {
                "summary": "比亚迪品牌在国内市场的销量表现非常出色，许多用户表示对其品牌的信任，并计划继续支持比亚迪。",
                "summary_topic": "品牌销量好",
                "uuid": [
                    "3bc1cd19-8b79-42d1-b81f-55c8004d2072",
                    "790cf627-4139-41d9-8f8a-ccef38fc3359",
                    "c4c1b333-e001-4fe5-b6a1-f6940f091706"
                ],
                "keywords": [
                    "销量",
                    "信任",
                    "支持",
                    "品牌"
                ]
            },
            {
                "summary": "比亚迪汉的外观设计和内饰配置被用户称赞，许多人认为其设计精美，具有较高的性价比。",
                "summary_topic": "设计性价比高",
                "uuid": [
                    "705cdc80-e3c0-4211-bc6d-09d703f9b832",
                    "c4c1b333-e001-4fe5-b6a1-f6940f091706",
                    "790cf627-4139-41d9-8f8a-ccef38fc3359"
                ],
                "keywords": [
                    "外观设计",
                    "内饰",
                    "性价比",
                    "精美"
                ]
            },
            {
                "summary": "比亚迪品牌在国产车市场的崛起，销量增长迅速，受到越来越多消费者的认可，尤其在新能源领域表现突出。",
                "summary_topic": "品牌认可度高",
                "uuid": [
                    "5c39dfca-e585-4071-97df-143d097bbe16",
                    "7b7eebf0-ddeb-4fec-8c50-48e7cab01916",
                    "928546d0-c05b-47eb-bb61-545551118197"
                ],
                "keywords": [
                    "比亚迪",
                    "国产车",
                    "销量增长",
                    "新能源",
                    "认可"
                ]
            },
            {
                "summary": "比亚迪品牌在新能源汽车领域的技术领先地位得到了认可，尤其是在混动技术方面，许多用户认为其在国产车中表现突出。",
                "summary_topic": "品牌技术领先",
                "uuid": [
                    "54e99f51-9c26-4074-8b26-334e26fc8152",
                    "b44cf2fa-5d6b-4c82-924d-05c3545b85fa"
                ],
                "keywords": [
                    "混动技术",
                    "技术领先",
                    "国产车",
                    "新能源"
                ]
            },
            {
                "summary": "比亚迪品牌的技术实力和市场影响力得到了认可，尤其是在新能源领域的创新和市场份额的扩大。",
                "summary_topic": "品牌技术强",
                "uuid": [
                    "7fc69f73-ff08-41f3-9a7e-e7404dda3230",
                    "bf643773-8ded-44f3-acaf-74da28b768a2"
                ],
                "keywords": [
                    "比亚迪",
                    "技术",
                    "市场份额",
                    "创新",
                    "新能源"
                ]
            }
        ],
        "disadvantage": [
            {
                "summary": "比亚迪的品控问题频繁被提及，用户反馈小毛病较多，影响了品牌的用户体验和口碑。",
                "summary_topic": "品控问题多",
                "uuid": [
                    "fca2126f-5d90-41de-ae8d-bfad80680fed",
                    "f2131427-0205-437a-8699-e1546deb965f",
                    "f430e8dc-2550-4f1e-b2ae-e951856394d2",
                    "5afa8820-f257-4668-8f11-99119b68f664",
                    "e1f67c67-1882-4300-8d5f-c5809f090719"
                ],
                "keywords": [
                    "品控",
                    "小毛病",
                    "用户体验",
                    "口碑"
                ]
            },
            {
                "summary": "比亚迪的售后服务存在问题，用户反馈在处理投诉和维修时态度不佳，导致用户体验不佳。",
                "summary_topic": "售后服务差",
                "uuid": [
                    "24436ede-3ed0-47b7-8749-2e57689080b9",
                    "9a996ba0-9d27-4219-b8c4-fbcbf0d1d412",
                    "696b874d-2628-4b42-bbfb-5e1b85635a9f"
                ],
                "keywords": [
                    "售后服务",
                    "投诉",
                    "维修",
                    "用户体验"
                ]
            },
            {
                "summary": "比亚迪汉存在发动机自动启动和油耗问题，用户担心这些问题影响使用体验和车辆安全。",
                "summary_topic": "发动机问题多",
                "uuid": [
                    "20e98de1-2921-4474-946a-3b5d0e03abbd",
                    "fed865d1-7e0c-4953-8dcc-05fa361e1569",
                    "c5c11ef1-a6ce-4d94-bd3e-beda40130ea7"
                ],
                "keywords": [
                    "发动机",
                    "自动启动",
                    "油耗",
                    "安全"
                ]
            },
            {
                "summary": "比亚迪汉的车漆和轮胎质量被用户批评，认为其容易损坏且不耐用。",
                "summary_topic": "车漆轮胎差",
                "uuid": [
                    "8edad840-d8e4-4628-83fc-deed6e53e5c1",
                    "547aec21-e1bc-443c-8974-aa110ac152ea",
                    "53ce2e7c-0672-4233-ae84-b77124542027"
                ],
                "keywords": [
                    "车漆",
                    "轮胎",
                    "质量",
                    "损坏"
                ]
            },
            {
                "summary": "比亚迪品牌在处理负面新闻和用户反馈方面存在问题，用户对其品牌形象和公关处理感到不满。",
                "summary_topic": "品牌形象差",
                "uuid": [
                    "56d70bb5-fb8d-4f61-bd30-615734e17fc8",
                    "c45e88f1-2abb-4e07-a58e-d3eabfe6139d",
                    "d138ba40-411f-46a2-a984-16bb032c860b"
                ],
                "keywords": [
                    "负面新闻",
                    "品牌形象",
                    "公关",
                    "水军"
                ]
            }
        ],
        "theme": "品牌口碑"
    },
    {
        "advantage": [
            {
                "summary": "比亚迪提供了终身保养和免费保养的服务，部分用户对此表示满意。",
                "summary_topic": "终身保养好",
                "uuid": [
                    "d8e21f1c-2ce9-4454-abaf-e4780e668512",
                    "f8a2b6d0-5e8a-4e07-a2de-4182502dc139"
                ],
                "keywords": [
                    "终身保养",
                    "免费保养"
                ]
            },
            {
                "summary": "部分用户对售后服务表示满意，尤其是一些4S店提供的服务态度和处理问题的效率较高。",
                "summary_topic": "售后服务好",
                "uuid": [
                    "9ecbb374-ec55-440a-ae0a-087af71de4c2",
                    "88ebd204-4eb8-4d61-b8cf-f59857132e7d"
                ],
                "keywords": [
                    "售后服务",
                    "服务态度",
                    "处理效率"
                ]
            },
            {
                "summary": "一些用户提到售后服务中提供的免费保养和其他增值服务，如终身免费保养，给用户带来了实惠。",
                "summary_topic": "保养服务好",
                "uuid": [
                    "595941a9-07b8-4f94-9d46-235233f1c292",
                    "02eb500e-0342-4e1b-b161-ff0234041a3d"
                ],
                "keywords": [
                    "终身免费保养",
                    "增值服务",
                    "免费保养"
                ]
            },
            {
                "summary": "售后服务中提供了多次免费保养，部分用户反馈赠送了终身免费保养，增加了用户的满意度。",
                "summary_topic": "保养服务好",
                "uuid": [
                    "97cc167c-4be7-4e38-8be7-c08cb72c8a51",
                    "28ec2e5a-8719-4eaa-b3fa-6ab496425f3b"
                ],
                "keywords": [
                    "终身保养",
                    "免费保养",
                    "赠送"
                ]
            },
            {
                "summary": "比亚迪售后服务态度好，提供免费取送车服务，保养预约方便。",
                "summary_topic": "售后服务好",
                "uuid": [
                    "b22b0b77-4639-4f26-8ec1-289964ac1d8e",
                    "305927e9-8fda-4e48-89e5-603e83913476"
                ],
                "keywords": [
                    "免费取送车服务",
                    "保养预约",
                    "服务态度"
                ]
            }
        ],
        "disadvantage": [
            {
                "summary": "售后服务不佳，问题频发且解决不及时，用户体验差。",
                "summary_topic": "售后服务差",
                "uuid": [
                    "dc063439-4baf-4d24-8a2b-2c3258015121",
                    "fbb6963c-35c6-4481-bd89-c4b3cf2cb0c3",
                    "0a99e296-203e-409b-bf47-8e1fb3349bde",
                    "c87d6e66-ca19-47b2-825c-4da2331a494f",
                    "516a183e-3557-4855-ba4a-33dad5637862",
                    "7570912d-2ced-4577-abcd-7dedc135b01c"
                ],
                "keywords": [
                    "售后服务",
                    "问题",
                    "解决方案",
                    "投诉",
                    "用户体验"
                ]
            },
            {
                "summary": "售后服务中存在推诿责任的问题，用户反馈售后服务态度差，问题处理不及时，导致用户不满。",
                "summary_topic": "售后态度差",
                "uuid": [
                    "4743caf0-05e9-483e-a47c-183fd459a9cc",
                    "41268e49-87e2-458c-bd24-3414e382ae00",
                    "db185355-bb71-43e9-b03c-2636c59119e2"
                ],
                "keywords": [
                    "售后服务",
                    "推诿责任",
                    "处理不及时",
                    "态度差"
                ]
            },
            {
                "summary": "售后服务态度差，问题处理不及时，用户体验不佳。",
                "summary_topic": "售后态度差",
                "uuid": [
                    "fbb6963c-35c6-4481-bd89-c4b3cf2cb0c3",
                    "516a183e-3557-4855-ba4a-33dad5637862",
                    "7570912d-2ced-4577-abcd-7dedc135b01c"
                ],
                "keywords": [
                    "售后服务",
                    "态度",
                    "问题",
                    "处理",
                    "用户体验"
                ]
            },
            {
                "summary": "售后服务态度差，用户体验不佳，4S店服务不友好。",
                "summary_topic": "售后态度差",
                "uuid": [
                    "43996742-a7aa-412d-9444-aed3d913e6fb",
                    "48d50632-328e-44f6-a7c2-c65b31b9cb92",
                    "60e5702f-b751-4ee2-8455-1a54028382e6"
                ],
                "keywords": [
                    "售后",
                    "服务态度",
                    "4S店",
                    "不友好"
                ]
            },
            {
                "summary": "售后服务过程中存在问题，用户反映问题解决慢，服务态度不佳，影响用户体验。",
                "summary_topic": "售后服务差",
                "uuid": [
                    "d3bbbca4-ea4b-4ecb-8bf0-d1cbe6f8ead5",
                    "c1d6b2ec-9242-4ac8-9675-5ce69f4f5c96"
                ],
                "keywords": [
                    "售后服务",
                    "问题解决慢",
                    "服务态度"
                ]
            }
        ],
        "theme": "售后服务"
    },
    {
        "advantage": [
            {
                "summary": "汉dmi在市区和高速驾驶中表现出色，动力响应迅速，超车无压力，驾驶体验舒适。",
                "summary_topic": "驾驶体验好",
                "uuid": [
                    "efdb0e31-cde0-492e-a3ec-54b8ed80445d",
                    "9f16a12b-697f-4340-abea-804d4c5c8a22",
                    "ea3f6f05-fa1d-4676-9fe6-c689607f0625",
                    "49a2b2f0-f0a2-4c65-892b-3f5585992391",
                    "e716eb02-02ff-4515-ae6d-36f6ea5ddeeb"
                ],
                "keywords": [
                    "动力",
                    "超车",
                    "驾驶体验",
                    "舒适",
                    "提速"
                ]
            },
            {
                "summary": "汉dmi在纯电模式下驾驶平顺，静谧性好，适合城市通勤。",
                "summary_topic": "纯电驾驶好",
                "uuid": [
                    "87309fdb-0641-47f5-905a-48af89e22f7d",
                    "8fd7e111-814b-43b4-ac63-a797e053e50f",
                    "81038cc2-f5e0-4b00-ae86-72eab16a2725",
                    "4c6d628b-2e96-44ad-ae60-54eb6ad8e2ac",
                    "b5227165-06d1-4606-87e5-c1265b8d0451"
                ],
                "keywords": [
                    "纯电",
                    "静谧性",
                    "平顺",
                    "城市通勤"
                ]
            },
            {
                "summary": "动力响应快，驾驶平顺，尤其在纯电模式下，动力随踩随有，提速迅猛，驾驶体验良好。",
                "summary_topic": "动力响应快",
                "uuid": [
                    "e17d78a5-e0cd-4170-982f-44ab9b3e785c",
                    "19e4d5ee-5e3b-472e-b815-1582557c9039",
                    "f067b849-1d74-4625-a669-a9aa521df278",
                    "c3c5057b-0540-4823-a4a6-1d3fe4fb4deb",
                    "6bbb2ee4-a4dc-4451-a499-ee03227a6381"
                ],
                "keywords": [
                    "动力响应",
                    "驾驶平顺",
                    "提速",
                    "纯电模式"
                ]
            },
            {
                "summary": "动力表现强劲，尤其在高速行驶时，车辆动力充沛，驾驶体验良好。",
                "summary_topic": "动力表现强",
                "uuid": [
                    "467a88e0-75c7-4f82-b59f-e58e129bcc11",
                    "4b1714d9-cab1-400a-a69f-e07206c582a6",
                    "8f0fddc4-0506-46ea-9b9c-41b2a2903cbc",
                    "f0582ce1-ec9c-449c-b33b-195265bf5a1f"
                ],
                "keywords": [
                    "动力强劲",
                    "高速",
                    "驾驶体验",
                    "动力表现"
                ]
            },
            {
                "summary": "汉dmi的驾驶体验整体较好，动力充沛，驾驶舒适，尤其是在高速行驶时表现稳定，方向盘轻便，油耗较低。",
                "summary_topic": "驾驶体验好",
                "uuid": [
                    "8d5f3e2b-bf86-4a9c-8164-c7b94f585ea3",
                    "abe5ccdf-4dbd-4ed1-bb30-6ceb5d931a7e",
                    "3050fa83-111b-439e-ab29-8d8a9aa37a4d",
                    "31f7f760-6164-4a11-88a5-967c2995d98d"
                ],
                "keywords": [
                    "驾驶体验",
                    "动力",
                    "舒适",
                    "高速",
                    "油耗"
                ]
            }
        ],
        "disadvantage": [
            {
                "summary": "汉dmi的转弯半径大，影响掉头和停车的便利性。",
                "summary_topic": "转弯半径大",
                "uuid": [
                    "3e095881-95ad-4a11-90eb-6b668552fdb6",
                    "4364b4a5-0966-488c-a2b0-9c568483742b",
                    "fa90b98b-1178-46c2-9545-002831676be9",
                    "93addc6a-a645-474c-b6f5-8de92dd97eb6",
                    "625828ef-e402-417a-a86a-b8cebfbb16c6"
                ],
                "keywords": [
                    "转弯半径",
                    "掉头",
                    "停车"
                ]
            },
            {
                "summary": "汉dmi的底盘在颠簸路面上表现不佳，乘坐舒适性差。",
                "summary_topic": "底盘舒适差",
                "uuid": [
                    "e1204301-86c7-4224-a2dd-092b0630dc73",
                    "8fd7e111-814b-43b4-ac63-a797e053e50f",
                    "864025d3-fba0-470e-b191-462a683c3a4f",
                    "00e7e934-6d67-497d-ad19-e9f816508800",
                    "4c6d628b-2e96-44ad-ae60-54eb6ad8e2ac"
                ],
                "keywords": [
                    "底盘",
                    "颠簸",
                    "舒适性"
                ]
            },
            {
                "summary": "转弯半径大，影响车辆在狭窄道路上的操控性，尤其在掉头时需要多次调整。",
                "summary_topic": "转弯半径大",
                "uuid": [
                    "467a88e0-75c7-4f82-b59f-e58e129bcc11",
                    "12390ef6-ad9a-41c4-a61f-78dbfb259a3b",
                    "eabcb392-2b65-4ad4-af9d-be02d845a48a",
                    "9b690c29-10ea-44f2-a9a6-dffb06fbaf13"
                ],
                "keywords": [
                    "转弯半径",
                    "操控性",
                    "掉头"
                ]
            },
            {
                "summary": "底盘悬挂支撑性不足，影响车辆在高速和颠簸路段的稳定性和舒适性。",
                "summary_topic": "底盘支撑不足",
                "uuid": [
                    "467a88e0-75c7-4f82-b59f-e58e129bcc11",
                    "12390ef6-ad9a-41c4-a61f-78dbfb259a3b",
                    "2cbbc6e8-b461-4770-a36c-c2aede42d5fa",
                    "fa5079de-1e9f-4943-883a-2b3823378532"
                ],
                "keywords": [
                    "底盘悬挂",
                    "支撑性",
                    "高速",
                    "颠簸路段"
                ]
            },
            {
                "summary": "高速失速问题，车辆在高速行驶时可能出现失速现象，影响行车安全。",
                "summary_topic": "高速失速问题",
                "uuid": [
                    "936293ab-031a-4878-b231-0988f2a87db7",
                    "20434cb6-28f8-4b3d-be8e-a063b21cc646",
                    "94b1dc90-f939-420a-8dd0-8ae8cc0ecc30",
                    "05658f60-718e-438c-8764-49eb2b10a5a6"
                ],
                "keywords": [
                    "高速",
                    "失速",
                    "行车安全"
                ]
            }
        ],
        "theme": "驾驶性能"
    },
    {
        "advantage": [
            {
                "summary": "许多用户提到在购车时享受到了各种优惠政策，如现金优惠、贷款贴息、保险赠送等，这些优惠大大降低了购车成本，提高了购买体验的满意度。",
                "summary_topic": "优惠政策多",
                "uuid": [
                    "ffe63d12-21e5-4c41-9ecb-5cbae17bc0ab",
                    "d32937f8-62d6-4b10-a756-7a4d73f2305b",
                    "b263574f-8a76-4709-a759-2bec05b2b3a2",
                    "f4345500-fcc5-4746-bc95-edf21bd72319",
                    "f338ade9-e3ea-448f-9931-9d32ec85ae45"
                ],
                "keywords": [
                    "优惠",
                    "贷款",
                    "贴息",
                    "赠送",
                    "保险"
                ]
            },
            {
                "summary": "一些用户表示在购车过程中享受到了良好的服务体验，包括销售人员的专业态度和售后服务的周到安排，这些都为他们的购车过程增添了不少愉悦感。",
                "summary_topic": "服务体验好",
                "uuid": [
                    "2786ff28-0c40-47f1-a70a-90af92c904f2",
                    "a759b00a-c15e-43af-9d0c-7910f0f4e226",
                    "4cce243f-25f2-4fc1-89d0-5b6d0ba7f53d",
                    "f48064e4-4569-4c62-9c0f-d937ee3cf32b",
                    "fbb18c38-6243-499c-82a5-c210ae92b5ed"
                ],
                "keywords": [
                    "服务",
                    "售后",
                    "体验",
                    "态度",
                    "愉悦"
                ]
            },
            {
                "summary": "购车时提供的赠品和优惠政策，如赠送保养、贴膜、脚垫等，提升了购买体验。",
                "summary_topic": "赠品优惠多",
                "uuid": [
                    "d5985738-68b3-48b9-ab9d-e758f64ca6ca",
                    "e623ea5b-71f0-4175-863e-57c4ae2a5acc",
                    "8af9aef7-60e5-4bc1-9c94-1a570bf92c98",
                    "8b50415b-4d70-45b2-b56a-64c6bdb027b7",
                    "b5f13cc3-8a17-4d6e-8e43-28abbc9507c6"
                ],
                "keywords": [
                    "赠品",
                    "保养",
                    "贴膜",
                    "脚垫",
                    "优惠"
                ]
            },
            {
                "summary": "购车过程中提供的贷款优惠政策，如免息贷款、提前还款无违约金等，提升了购买体验。",
                "summary_topic": "贷款优惠好",
                "uuid": [
                    "8af9aef7-60e5-4bc1-9c94-1a570bf92c98",
                    "8b50415b-4d70-45b2-b56a-64c6bdb027b7",
                    "b5f13cc3-8a17-4d6e-8e43-28abbc9507c6",
                    "f6f57368-badb-41ad-847b-4d5ea682b578",
                    "e4b970a1-7858-49a9-9e09-8d9bc567c360"
                ],
                "keywords": [
                    "贷款",
                    "免息",
                    "提前还款",
                    "优惠",
                    "政策"
                ]
            },
            {
                "summary": "多家店提供的购车优惠政策较为丰富，包括现金优惠、贷款贴息、置换补贴等，购车者可以通过谈判获得更好的价格和附加服务。",
                "summary_topic": "购车优惠多",
                "uuid": [
                    "e1c3f255-6b2d-4537-8eb1-2c4dc42ee1f0",
                    "e84bf5a7-e3be-4487-b7b4-aebedb250579",
                    "4a671ef2-b383-400a-a16a-6853a9e2d8f0",
                    "75e2995e-c735-4ab7-81e4-f88c4b50d9ee",
                    "75e369e4-677f-41cd-83d5-d3cce5c3b63e"
                ],
                "keywords": [
                    "现金优惠",
                    "贷款贴息",
                    "置换补贴",
                    "购车优惠"
                ]
            }
        ],
        "disadvantage": [
            {
                "summary": "部分用户反映在购车过程中遇到了不愉快的经历，包括销售人员的态度问题、合同条款的不透明以及交车时间的延误，这些都影响了他们的购车体验。",
                "summary_topic": "购车体验差",
                "uuid": [
                    "6d1c75a9-60a5-40e1-a3b2-4af8472ce2c4",
                    "f746d508-605d-4652-8208-927dcbcbd259",
                    "b263574f-8a76-4709-a759-2bec05b2b3a2",
                    "e5adce05-4903-48fe-a4c4-b2982bad1a26",
                    "395e5eef-279f-416f-8f87-87ff040ee71c"
                ],
                "keywords": [
                    "态度",
                    "合同",
                    "交车",
                    "延误",
                    "不愉快"
                ]
            },
            {
                "summary": "一些用户提到在购车时遇到了价格不透明的问题，包括贷款利息不明确、优惠政策不清晰等，这些问题让他们在购车过程中感到困惑和不满。",
                "summary_topic": "价格不透明",
                "uuid": [
                    "c54f15b9-85b9-4692-8110-0b83ccf0a95e",
                    "f263574f-8a76-4709-a759-2bec05b2b3a2",
                    "e031f3ef-0533-4244-afe8-453d6237708b",
                    "f16f590b-258f-45f9-8e43-2402139a8352",
                    "b6714aee-545d-4abd-81c5-5b7b4a9db6bd"
                ],
                "keywords": [
                    "价格",
                    "贷款",
                    "利息",
                    "优惠",
                    "不透明"
                ]
            },
            {
                "summary": "购车过程中存在价格不透明或优惠不明显的问题，影响了购买体验。",
                "summary_topic": "价格优惠少",
                "uuid": [
                    "f87a5eb6-3b8b-436a-9e1f-3d6913dda5ab",
                    "f07b59b6-239e-4158-ba9e-db7d42dbc9f3",
                    "b51974d7-eed4-45d5-ab57-5f5c43736ff5",
                    "e8b4e599-ec2e-4473-8ec4-a521a51fd398",
                    "c8568978-be8a-4d45-957c-4fd6f63c1645"
                ],
                "keywords": [
                    "价格",
                    "优惠",
                    "不透明",
                    "不明显"
                ]
            },
            {
                "summary": "购车过程中，提车时间较长或不确定，影响了购买体验。",
                "summary_topic": "提车时间长",
                "uuid": [
                    "3e148780-4d16-40e3-9247-9c0271947e7d",
                    "c9b327b6-aee1-4948-acc4-d7e9a0df5fe4",
                    "e8b4e599-ec2e-4473-8ec4-a521a51fd398",
                    "f0980fe5-4b25-46f6-9797-9ec684dfa0e9",
                    "844f691b-ca17-4384-9de3-8fa10985c7ff"
                ],
                "keywords": [
                    "提车",
                    "时间",
                    "长",
                    "不确定"
                ]
            },
            {
                "summary": "一些购车者对购车合同中的条款不满意，尤其是关于贷款合同中的违约金条款，导致购车体验不佳。",
                "summary_topic": "合同条款差",
                "uuid": [
                    "558654ae-ff58-4c15-bcbc-99b17078d206",
                    "e1ac61d1-00a5-4805-a3cb-a34ded785a48",
                    "8cb58981-8801-45d2-8beb-57ab1771a50b",
                    "5a4e1a30-3c53-4507-89ee-05d15b58013a",
                    "fa5b2ff2-a919-4660-b16d-12c007bb51a1"
                ],
                "keywords": [
                    "贷款合同",
                    "违约金",
                    "购车合同",
                    "条款"
                ]
            }
        ],
        "theme": "购买体验"
    },
    {
        "advantage": [
            {
                "summary": "多种优惠政策，购车成本降低明显。包括现金优惠、贷款贴息、置换补贴等，部分用户享受到了较大幅度的价格优惠。",
                "summary_topic": "购车优惠多",
                "uuid": [
                    "200dded0-a075-4837-8068-1c8983b6bbd9",
                    "493e0b72-8d3c-4ee9-a949-3f312763da6b",
                    "57140696-62fa-450f-ab65-21e008abb4fd",
                    "a12b1e2c-93a2-4fbb-b565-807567082c84",
                    "ddd69de7-385e-4181-a78c-81b3ac0c2bbd"
                ],
                "keywords": [
                    "优惠",
                    "贷款",
                    "补贴",
                    "价格",
                    "省钱"
                ]
            },
            {
                "summary": "贷款方案灵活，支持提前还款且无违约金，减轻购车者的经济压力。",
                "summary_topic": "贷款方案灵活",
                "uuid": [
                    "845bdf6d-e79d-4342-baa9-8cea46b3c8f1",
                    "e2591279-dc03-4e62-a6f5-821b79b8738f",
                    "9de52f89-03d9-482f-a189-e7cbe436124b",
                    "b9518ef0-e853-47e6-930b-01e32030e1a5",
                    "a35939f2-f921-4d5c-ac9f-fe6da696db51"
                ],
                "keywords": [
                    "贷款",
                    "提前还款",
                    "无违约金",
                    "利息",
                    "月供"
                ]
            },
            {
                "summary": "比亚迪汉的价格优势明显，许多用户提到其性价比高，尤其在与合资车比较时，价格更具竞争力。",
                "summary_topic": "价格优势明显",
                "uuid": [
                    "3149fa0c-e986-4d71-adff-68a92cc23159",
                    "8b22201f-6831-474d-b5e3-d4985f7f453f",
                    "25d65583-59e4-4f0e-b0f7-7c4614708bc6",
                    "322a35a7-dd87-426e-96e2-768800c30db0",
                    "4d9d57dc-dfa8-410c-975b-d5685b766f00"
                ],
                "keywords": [
                    "性价比",
                    "价格优势",
                    "合资车",
                    "优惠",
                    "落地价"
                ]
            },
            {
                "summary": "贷款方案多样，用户可以选择不同的贷款和还款方式，享受贴息和优惠。",
                "summary_topic": "贷款方案多样",
                "uuid": [
                    "8b22201f-6831-474d-b5e3-d4985f7f453f",
                    "25d65583-59e4-4f0e-b0f7-7c4614708bc6",
                    "322a35a7-dd87-426e-96e2-768800c30db0",
                    "bc50aeee-b650-4f27-86a3-7e1dcd0cf5a1",
                    "4d9d57dc-dfa8-410c-975b-d5685b766f00"
                ],
                "keywords": [
                    "贷款",
                    "贴息",
                    "返点",
                    "提前还款",
                    "优惠"
                ]
            },
            {
                "summary": "购车补贴多样，用户可以享受置换补贴、区域补贴等多种优惠政策。",
                "summary_topic": "购车补贴多样",
                "uuid": [
                    "322a35a7-dd87-426e-96e2-768800c30db0",
                    "4d9d57dc-dfa8-410c-975b-d5685b766f00",
                    "5c7e17bd-c2b5-4063-87fd-40eb62499b24",
                    "5ab61e6f-7c32-4467-959e-4eabf6d378d6",
                    "f168021c-c928-41e6-9825-2b6056b88ded"
                ],
                "keywords": [
                    "置换补贴",
                    "区域补贴",
                    "厂补",
                    "市补",
                    "优惠"
                ]
            }
        ],
        "disadvantage": [
            {
                "summary": "部分用户反映价格较高，优惠幅度不够理想，购车成本仍然偏高。",
                "summary_topic": "价格优惠少",
                "uuid": [
                    "381a29a2-f039-4401-a5a7-549143933508",
                    "e7f5332f-dcc6-4cb3-9fcf-aa43c59b10e9",
                    "b1ab5a3d-f37b-4f92-8587-6eee58828915",
                    "c84136ce-06af-4cb0-ad3f-a7df6ef01e1a",
                    "e428f265-8791-4fd7-93d5-ce95fd105c7d"
                ],
                "keywords": [
                    "价格",
                    "贵",
                    "优惠少",
                    "购车成本"
                ]
            },
            {
                "summary": "保险费用较高，部分用户对保险价格不满意，增加了购车的经济负担。",
                "summary_topic": "保险费用高",
                "uuid": [
                    "7a057cdb-f0f4-4201-ae6d-a9affd305760",
                    "bfc02ecc-c531-4aab-9786-3962d359e275",
                    "940a21a4-d60d-4c4f-aede-95397778c025",
                    "e21510e7-5d14-41f8-bf26-c48486855ed7",
                    "e4de4c0a-11ac-48c7-8832-0d7192a902ab"
                ],
                "keywords": [
                    "保险",
                    "费用",
                    "价格",
                    "贵"
                ]
            },
            {
                "summary": "保险费用较高，许多用户反映保险价格偏贵。",
                "summary_topic": "保险费用高",
                "uuid": [
                    "14ef3fd7-ccd0-492e-b9c8-1ba39f659f55",
                    "372f7d05-c118-4618-b7e8-3602d0b7c592",
                    "b3963341-c626-46c1-89b2-8da9eafcac37",
                    "f0d33690-cbff-425f-860d-32e8be22ee0d",
                    "cf5891a8-1c3d-48fb-b051-0407dd34212b"
                ],
                "keywords": [
                    "保险",
                    "费用",
                    "贵",
                    "保费",
                    "价格"
                ]
            },
            {
                "summary": "部分用户对贷款服务费和其他附加费用感到不满。",
                "summary_topic": "附加费用高",
                "uuid": [
                    "b3ea9317-9054-49f6-b719-fbd51677c32f",
                    "d70f8c8f-0b2d-4b63-8921-9f54499305cd",
                    "c54f15b9-85b9-4692-8110-0b83ccf0a95e",
                    "d96f1b1c-fd7f-4127-aa7a-b3d62072a993",
                    "c20ce385-3421-4eb6-9cf3-325ec0dca406"
                ],
                "keywords": [
                    "服务费",
                    "附加费用",
                    "上牌费",
                    "贷款手续费",
                    "价格"
                ]
            },
            {
                "summary": "部分用户反映购车优惠不够，尤其是全款购车时优惠较少。",
                "summary_topic": "购车优惠少",
                "uuid": [
                    "b3ea9317-9054-49f6-b719-fbd51677c32f",
                    "d70f8c8f-0b2d-4b63-8921-9f54499305cd",
                    "c54f15b9-85b9-4692-8110-0b83ccf0a95e",
                    "d96f1b1c-fd7f-4127-aa7a-b3d62072a993",
                    "c20ce385-3421-4eb6-9cf3-325ec0dca406"
                ],
                "keywords": [
                    "优惠",
                    "全款",
                    "价格",
                    "购车",
                    "折扣"
                ]
            }
        ],
        "theme": "价格成本"
    }
]