[
    {
        "advantage": [
            {
                "summary": "理想汽车在全国范围内拥有广泛的售后维修中心和授权钣喷中心，覆盖了225个城市，提供了良好的售后服务网络。",
                "summary_topic": "售后网络广",
                "uuid": [
                    "0d0fa42b-1c32-4338-9e68-19d2da895c16"
                ],
                "keywords": [
                    "售后维修",
                    "授权钣喷中心",
                    "覆盖225个城市"
                ]
            },
            {
                "summary": "理想汽车提供整车质保5年或10万公里，并且在质保期内提供7*24小时的免费道路救援服务。",
                "summary_topic": "质保服务好",
                "uuid": [
                    "1f93cbbb-e7ab-43b7-9f34-628851477d36"
                ],
                "keywords": [
                    "整车质保",
                    "免费道路救援",
                    "7*24小时"
                ]
            }
        ],
        "disadvantage": [
            {
                "summary": "理想汽车在交付过程中存在问题，工作人员在未通知客户的情况下将车辆出售给他人，并且未退还定金，售后服务处理不当。",
                "summary_topic": "交付服务差",
                "uuid": [
                    "666683eb-b2c8-41f2-a641-8d11b6d56d40"
                ],
                "keywords": [
                    "交付",
                    "定金不退",
                    "售后服务"
                ]
            }
        ],
        "theme": "售后服务"
    },
    {
        "advantage": [
            {
                "summary": "理想L6的购买体验被用户称赞，尤其是其简单的购买流程和透明的定价策略，这使得消费者在购车过程中感到轻松和满意。",
                "summary_topic": "购买体验好",
                "uuid": [
                    "abc4c969-33dd-4c01-bb4b-ffa17ea356da",
                    "c41e4451-58e7-4413-813f-0c186fed02f7"
                ],
                "keywords": [
                    "购买体验",
                    "透明定价",
                    "简单流程"
                ]
            },
            {
                "summary": "理想汽车提供的购车政策，如免息方案和置换补贴，吸引了许多消费者，并增强了购买的吸引力。",
                "summary_topic": "购车政策优",
                "uuid": [
                    "c43aaae5-bd90-48ba-a299-9e54288e2491",
                    "80415497-a089-493c-931c-e8ed2f2fe3ea"
                ],
                "keywords": [
                    "免息方案",
                    "置换补贴",
                    "购车政策"
                ]
            },
            {
                "summary": "理想L6的交付速度快，用户对其快速的交付体验表示满意，这提升了整体的购买体验。",
                "summary_topic": "交付速度快",
                "uuid": [
                    "89bcba48-dfe7-4487-9075-ab718605a335",
                    "06bcc043-e8f4-4758-881e-763f73476fb2"
                ],
                "keywords": [
                    "交付速度",
                    "快速交付",
                    "满意"
                ]
            }
        ],
        "disadvantage": [
            {
                "summary": "有用户反映理想L6的售后服务存在问题，特别是在交付过程中出现了车辆被转售的情况，导致用户体验不佳。",
                "summary_topic": "售后服务差",
                "uuid": [
                    "666683eb-b2c8-41f2-a641-8d11b6d56d40"
                ],
                "keywords": [
                    "售后服务",
                    "车辆转售",
                    "体验不佳"
                ]
            },
            {
                "summary": "部分用户对理想L6的购车政策不满，尤其是在老车主的复购权益上，认为政策不够友好。",
                "summary_topic": "购车政策差",
                "uuid": [
                    "52b73111-e6df-4117-973b-9c14ba1afb16"
                ],
                "keywords": [
                    "复购权益",
                    "政策不友好",
                    "老车主"
                ]
            }
        ],
        "theme": "购买体验"
    },
    {
        "advantage": [
            {
                "summary": "理想L6的外观设计被多次提及为吸引用户的主要因素，其大气、时尚的外观以及高颜值的设计让很多用户感到满意。",
                "summary_topic": "外观设计好",
                "uuid": [
                    "e78d032d-864f-430d-a226-d16050e0b05d",
                    "bbafd589-2b98-4ee8-93a8-cc8a6922f440",
                    "c3aaf3cf-cc68-4e9c-bbef-c2a9d7bdd2b5",
                    "78de4795-6a59-4a9c-8604-28923d713d71",
                    "cb84384c-6a18-490b-8331-882571ef14de"
                ],
                "keywords": [
                    "外观",
                    "颜值",
                    "时尚",
                    "大气",
                    "设计"
                ]
            },
            {
                "summary": "理想L6的星环大灯设计被认为是外观的一大亮点，具有很高的辨识度和视觉吸引力。",
                "summary_topic": "星环大灯好",
                "uuid": [
                    "d4f6229d-a8a1-47c9-9b41-4baa673d8136",
                    "8d07641c-c73f-47f9-9622-e8aa6255ed4a"
                ],
                "keywords": [
                    "星环大灯",
                    "辨识度",
                    "视觉吸引力"
                ]
            }
        ],
        "disadvantage": [
            {
                "summary": "一些用户对新能源SUV的外观设计表示不满，认为其缺乏个性和惊艳感，尤其是与特斯拉等品牌相比。",
                "summary_topic": "外观设计差",
                "uuid": [
                    "248bd701-4812-48f4-af55-bd553d9770f2",
                    "7725a0ed-74c6-4349-ad12-9983308da694"
                ],
                "keywords": [
                    "外观设计",
                    "缺乏个性",
                    "不惊艳",
                    "新能源SUV"
                ]
            },
            {
                "summary": "理想L6的外观被形容为像一块馒头，暗示其设计可能过于平庸或缺乏特色。",
                "summary_topic": "外观平庸",
                "uuid": [
                    "6da1e974-76ec-4eba-b631-6d3fcc5312a3"
                ],
                "keywords": [
                    "外观",
                    "馒头",
                    "平庸",
                    "缺乏特色"
                ]
            }
        ],
        "theme": "外观内饰"
    },
    {
        "advantage": [
            {
                "summary": "理想L6的空间宽敞，乘坐舒适，适合家庭出行。",
                "summary_topic": "空间舒适好",
                "uuid": [
                    "89bcba48-dfe7-4487-9075-ab718605a335",
                    "250c3724-d858-4cdf-a9e7-f8f2e3f2b97d",
                    "318d9ab7-8712-44ad-8e85-e15679793a30",
                    "cb84384c-6a18-490b-8331-882571ef14de",
                    "d2182def-da14-47c5-afd0-f0d548e9c260"
                ],
                "keywords": [
                    "空间宽敞",
                    "乘坐舒适",
                    "家庭出行",
                    "大空间",
                    "舒适"
                ]
            },
            {
                "summary": "理想L6的车内空间设计合理，适合长途旅行。",
                "summary_topic": "长途舒适好",
                "uuid": [
                    "43876a27-8977-4115-bf5e-34cbd4e03a05",
                    "52419edc-0a26-4715-afba-f16cad7e5e46",
                    "318d9ab7-8712-44ad-8e85-e15679793a30"
                ],
                "keywords": [
                    "车内空间",
                    "长途旅行",
                    "舒适"
                ]
            }
        ],
        "disadvantage": [
            {
                "summary": "理想L6车身较大，停车不便。",
                "summary_topic": "停车不便",
                "uuid": [
                    "06cbc271-4d24-4229-b58e-d1a5fa4622ef",
                    "1cbba0fd-b647-42ad-ba07-6dcdbcbb2e3f",
                    "581b433e-998f-4a71-93f0-64dbd1ee8ec2"
                ],
                "keywords": [
                    "车身较大",
                    "停车不便",
                    "宽大"
                ]
            },
            {
                "summary": "理想L6在狭窄停车位中容易与邻车发生碰撞。",
                "summary_topic": "停车位窄",
                "uuid": [
                    "1cbba0fd-b647-42ad-ba07-6dcdbcbb2e3f",
                    "581b433e-998f-4a71-93f0-64dbd1ee8ec2"
                ],
                "keywords": [
                    "狭窄停车位",
                    "碰撞",
                    "车身宽"
                ]
            }
        ],
        "theme": "空间舒适"
    },
    {
        "advantage": [
            {
                "summary": "理想L6的智能驾驶系统表现出色，特别是在冰雪路面和复杂路况下，能够提供稳定和安全的驾驶体验。",
                "summary_topic": "智能驾驶出色",
                "uuid": [
                    "cf78593c-2a5d-44f0-93a1-9a42fb1e26a5",
                    "3fff5ee2-259a-4cdc-8d62-01d0c2f64d50",
                    "d14b7eca-1e46-46c5-beb1-0a49c8a08781",
                    "293eab1b-ddd2-45ac-bcdb-5923bc596bcd",
                    "f335c57e-361b-4185-b415-be8cb5f6ba8b"
                ],
                "keywords": [
                    "智能驾驶",
                    "冰面过弯",
                    "反打方向",
                    "智驾行驶",
                    "端到端"
                ]
            },
            {
                "summary": "理想L6在驾驶舒适性方面表现优异，尤其是在长途驾驶中提供了良好的舒适度和稳定性。",
                "summary_topic": "驾驶舒适性好",
                "uuid": [
                    "598eb840-0492-4900-bb3e-349106a0833b",
                    "cf6a919c-3a18-4939-a64c-953f6b81600a",
                    "d4a90a5c-0561-4fa9-a0ce-1051bff1e2b7",
                    "511231a4-0984-4ad5-aa66-bccac36865c5"
                ],
                "keywords": [
                    "舒适",
                    "驾驶体验",
                    "稳定",
                    "长途驾驶"
                ]
            }
        ],
        "disadvantage": [
            {
                "summary": "理想L6的自动驾驶系统在某些情况下表现不佳，例如在低速情况下容易出现问题。",
                "summary_topic": "自动驾驶差",
                "uuid": [
                    "1118d35a-9196-4738-a806-cbfd770c4032",
                    "9b4bbaf4-4e84-4c6f-8c8f-ed9999e8b072"
                ],
                "keywords": [
                    "自动驾驶",
                    "追尾",
                    "低速",
                    "接管能力"
                ]
            },
            {
                "summary": "理想L6在高温排气管的隔热保护方面不如竞争对手，可能存在安全隐患。",
                "summary_topic": "隔热保护差",
                "uuid": [
                    "d97ef8cf-5c66-441f-afd4-99ca7f4198c2"
                ],
                "keywords": [
                    "高温排气管",
                    "隔热保护",
                    "安全隐患"
                ]
            }
        ],
        "theme": "驾驶性能"
    },
    {
        "advantage": [
            {
                "summary": "理想同学APP功能强大，能够提供多种便利和智能化的服务，包括语音助手、拍照识别、导航、音乐播放等功能，提升了用户的使用体验。",
                "summary_topic": "智能助手强",
                "uuid": [
                    "c5107c44-769a-4285-98c4-93e3c88c28cb",
                    "3c56631e-b15d-40cd-8c7b-836121f01bda",
                    "c0566ceb-0fb2-40db-b71a-0c4977c08601",
                    "b109a864-cb50-4707-b9d2-1b55c590b1a9",
                    "543baa45-495f-4f8a-a1c6-2bab9f245fbf"
                ],
                "keywords": [
                    "理想同学APP",
                    "语音助手",
                    "拍照识别",
                    "导航",
                    "音乐播放"
                ]
            },
            {
                "summary": "理想L6的智能驾驶系统表现出色，能够在多种复杂路况下提供稳定和安全的驾驶体验。",
                "summary_topic": "智能驾驶优",
                "uuid": [
                    "fba47f1e-1cb9-4f81-bc6f-63865d18a6de",
                    "f25b6bf5-944f-4da0-bbc9-efff32c64d51",
                    "c6cff131-8f53-4ed4-b45c-44116a55363a",
                    "293eab1b-ddd2-45ac-bcdb-5923bc596bcd",
                    "d7e8d1c6-5bd3-4c07-81c1-c5d62903bb74"
                ],
                "keywords": [
                    "智能驾驶",
                    "稳定",
                    "安全",
                    "复杂路况"
                ]
            },
            {
                "summary": "理想HUD的雪地模式在冬季提供了更好的可视性和安全性，橙色显示在雪地中更加清晰。",
                "summary_topic": "HUD显示好",
                "uuid": [
                    "554b8c35-d30a-4918-9382-17ef4b6b17b4",
                    "63583886-d091-41db-adb2-3c0ded1ac6e2",
                    "9ca442b8-aae1-48bf-8d86-c9d6adeaa996",
                    "1d4e03b9-0f4b-4b5d-a6d5-dbc8fdf47c85",
                    "7d88a53e-fa45-4c94-b4df-36fad6dc6c92"
                ],
                "keywords": [
                    "HUD",
                    "雪地模式",
                    "橙色显示",
                    "清晰",
                    "安全"
                ]
            }
        ],
        "disadvantage": [
            {
                "summary": "理想L6的蓝牙钥匙使用体验不佳，用户反馈存在问题。",
                "summary_topic": "蓝牙钥匙差",
                "uuid": [
                    "cae5de61-7f99-49a8-be8a-fc9b835a2dfd"
                ],
                "keywords": [
                    "蓝牙钥匙",
                    "使用问题"
                ]
            },
            {
                "summary": "理想L6的智驾系统在某些情况下表现不佳，例如在高速上发生追尾事故，导致用户对其安全性产生质疑。",
                "summary_topic": "智驾安全差",
                "uuid": [
                    "1118d35a-9196-4738-a806-cbfd770c4032"
                ],
                "keywords": [
                    "智驾系统",
                    "追尾",
                    "安全性"
                ]
            }
        ],
        "theme": "智能系统"
    },
    {
        "advantage": [
            {
                "summary": "理想L6的价格定位在20-30万区间，性价比高，成为销量支柱。",
                "summary_topic": "性价比高",
                "uuid": [
                    "17d0502a-3c5f-4329-8140-cce84a9dbb76",
                    "b798d4a0-1e78-47ef-80da-c15da5d96dc9",
                    "b97adc96-15f0-4beb-b4a5-15816c4da4f4",
                    "a76c985e-b303-4512-a83d-f3ebb8a1524e",
                    "bf5c1291-5c79-4424-8c24-4de04c46dc20"
                ],
                "keywords": [
                    "理想L6",
                    "性价比",
                    "价格",
                    "销量",
                    "市场需求"
                ]
            },
            {
                "summary": "理想L6的价格策略灵活，包括免息政策和现金补贴，吸引消费者。",
                "summary_topic": "价格策略优",
                "uuid": [
                    "2865afdb-3802-43a2-bca4-19871c523c4f",
                    "73eac3be-61de-4cea-835c-29f226e3d499",
                    "8a536112-274d-41e5-b8a9-ec99b05061c4",
                    "8bd0a823-6a4b-449e-888e-b5bdfe016cd7",
                    "80415497-a089-493c-931c-e8ed2f2fe3ea"
                ],
                "keywords": [
                    "免息",
                    "补贴",
                    "现金",
                    "价格策略",
                    "理想L6"
                ]
            }
        ],
        "disadvantage": [
            {
                "summary": "理想L6的低价定位可能影响品牌的豪华定位和利润。",
                "summary_topic": "品牌定位低",
                "uuid": [
                    "1125e6b0-cd00-4fa8-ba41-0f382bef16ad",
                    "c55a2d1c-4444-44fd-be5b-4ffe88c805de",
                    "bf5c1291-5c79-4424-8c24-4de04c46dc20",
                    "17ab8b59-a2a9-42bb-afbd-43319dbfd8a4",
                    "1125e6b0-cd00-4fa8-ba41-0f382bef16ad"
                ],
                "keywords": [
                    "理想L6",
                    "品牌定位",
                    "豪华品牌",
                    "低价",
                    "利润"
                ]
            },
            {
                "summary": "理想L6的价格竞争激烈，面临其他品牌的挑战。",
                "summary_topic": "价格竞争强",
                "uuid": [
                    "70871c08-567e-4203-ba6f-c682329b53d1",
                    "1f88ed5a-7dfc-4803-ac53-5f3396e180cc",
                    "b37c24a2-6f24-4516-9847-f7110ad08c92",
                    "41bd5a9c-fc07-4288-b874-08fc43952f8d",
                    "6bae017e-ac29-459e-ae75-0ee96f91c4ad"
                ],
                "keywords": [
                    "价格竞争",
                    "挑战",
                    "理想L6",
                    "市场竞争"
                ]
            }
        ],
        "theme": "价格成本"
    },
    {
        "advantage": [
            {
                "summary": "理想汽车在2024年累计交付量突破50万辆，成为首个达成年交付50万辆的新势力品牌，也是首个达成这一里程碑的中国豪华品牌。",
                "summary_topic": "交付量大增",
                "uuid": [
                    "d9d0f0e6-93f5-41cd-a59e-af2eb86dbe3a",
                    "a95cc68f-99d7-42e8-ab85-d94e9664fa27",
                    "4f4a1d0c-3259-455e-867a-b89e8cc7c8f5",
                    "ba116bfe-e05c-47f9-985c-a9be226686ba",
                    "dffb5cea-8a43-474e-b73d-97bb45dc8029"
                ],
                "keywords": [
                    "交付量",
                    "50万辆",
                    "新势力品牌",
                    "豪华品牌"
                ]
            },
            {
                "summary": "理想L6自上市以来，销量表现优异，累计交付超过19万辆，连续7个月蝉联增程车型销量冠军。",
                "summary_topic": "销量表现优异",
                "uuid": [
                    "4c664eb6-2625-4d54-8a81-b9f0138edfed",
                    "53230eb7-ddc7-42a5-a33c-2af5ce8a85b0",
                    "b66f4f90-1c87-4e96-a58c-61ea025df6b3",
                    "1ee94dbb-8cb4-4e21-9ba6-738253a64c78",
                    "a569f521-b564-4ad3-9e88-d834d8e6d7a2"
                ],
                "keywords": [
                    "理想L6",
                    "销量",
                    "增程车型",
                    "冠军"
                ]
            },
            {
                "summary": "理想L6在C-NCAP碰撞测试中获得五星评价，显示出其在安全性方面的卓越表现，进一步提升了品牌口碑。",
                "summary_topic": "安全性提升好",
                "uuid": [
                    "6d18dafc-7762-4193-a420-b666657554d1",
                    "fa68a3d6-c3e1-4de9-988f-843ecc91315c",
                    "0626e52d-fc53-4f2f-9e05-33b894933f66",
                    "f8de6c72-b952-42de-9701-9601701fe8fe",
                    "4f517985-4fb1-432c-b96f-3d41bc36d715"
                ],
                "keywords": [
                    "理想L6",
                    "C-NCAP",
                    "五星评价",
                    "安全性"
                ]
            },
            {
                "summary": "理想汽车在销量方面表现出色，尤其是理想L6成为销量支柱，进一步巩固了品牌的市场地位。",
                "summary_topic": "销量表现好",
                "uuid": [
                    "e72f38c4-cd85-4dd0-a3ba-f495623b98c8",
                    "e14f5814-f0cc-4031-8608-b5803fc280a9",
                    "ca7e9fce-8f14-44c7-870f-17c9ae7a8635",
                    "38dcfe05-3ae4-4b8c-9b57-1e24ffed509b",
                    "e2c48a68-afc4-4da0-bc74-5e4d76154cad"
                ],
                "keywords": [
                    "销量",
                    "理想L6",
                    "市场份额",
                    "交付量"
                ]
            }
        ],
        "disadvantage": [
            {
                "summary": "理想汽车在应对恶性公关方面缺乏经验，曾在MEGA遭遇公关危机时得到小米的帮助。",
                "summary_topic": "公关经验不足",
                "uuid": [
                    "74cf8a55-5217-4747-9888-811ba939eed0",
                    "31c67e09-8cb6-4cfd-8cc0-1b3f0cb00391",
                    "4492ea55-80df-4e3b-abc7-b6d4bb0d53a8",
                    "485e6951-a68f-46f2-95dc-2b4abe98c1c5",
                    "b009cfb5-c8af-4aaf-a7ed-e8f4fee3c1b9"
                ],
                "keywords": [
                    "公关危机",
                    "经验不足",
                    "小米",
                    "帮助"
                ]
            },
            {
                "summary": "理想汽车在2024年未能完成季度交付指引，尤其是MEGA的表现不及预期。",
                "summary_topic": "交付指引未达",
                "uuid": [
                    "dabadc1a-8460-47e8-a1fd-2c2d3e43192e",
                    "9c7751e9-1bc2-4dee-a48c-824e2ef892b9",
                    "5bd1ffb7-0e3e-46d3-bbdd-713143e18dee",
                    "ea50d5d1-49ff-4d60-80b6-1a4cabcedaa8",
                    "e0b946d0-b370-4b4d-8db1-536ebf667902"
                ],
                "keywords": [
                    "交付指引",
                    "未达",
                    "MEGA",
                    "表现不及预期"
                ]
            },
            {
                "summary": "理想汽车的利润表现不佳，尽管销量不错，但公司经营利润出现亏损，影响品牌的盈利能力。",
                "summary_topic": "利润表现差",
                "uuid": [
                    "e2c0cd0b-3a5d-4053-887a-0cf278e2327d",
                    "f76e6855-059b-4319-b513-472edeaeea6b"
                ],
                "keywords": [
                    "利润",
                    "亏损",
                    "经营",
                    "理想汽车"
                ]
            },
            {
                "summary": "理想汽车在纯电产品的表现不佳，导致公司进行裁员以降低成本，这对品牌形象造成一定负面影响。",
                "summary_topic": "裁员影响差",
                "uuid": [
                    "f76e6855-059b-4319-b513-472edeaeea6b"
                ],
                "keywords": [
                    "裁员",
                    "纯电产品",
                    "成本",
                    "品牌形象"
                ]
            }
        ],
        "theme": "品牌口碑"
    }
]