[
    {
        "overall_score": 26.666666666666668,
        "dimensions": [
            {
                "dimension": "就医可达性",
                "score": 35
            },
            {
                "dimension": "购物便利性",
                "score": 25
            },
            {
                "dimension": "老年人日常出行",
                "score": 20
            }
        ],
        "keywords": [
            "出行",
            "就医",
            "老年人",
            "购物",
            "审美"
        ],
        "uuid": [
            "a93ee7af-caa6-4142-9189-1b787cad6c8c",
            "f295ff72-2132-4134-90f7-58d5982a3216",
            "281e539d-444f-4d67-a687-431a08886ec8"
        ],
        "scenario": "老年人代步",
        "description": "用于老年人日常出行、购物、就医等。"
    },
    {
        "overall_score": 71.25,
        "dimensions": [
            {
                "dimension": "实用性",
                "score": 80
            },
            {
                "dimension": "续航能力",
                "score": 75
            },
            {
                "dimension": "品牌形象",
                "score": 70
            },
            {
                "dimension": "舒适性",
                "score": 60
            }
        ],
        "keywords": [
            "舒适",
            "会议",
            "客户接送",
            "商务接待",
            "出差"
        ],
        "uuid": [
            "fa5fc21f-eb48-40c8-87ba-2cb4e5d21367",
            "27fd5c4b-b5a6-4420-b700-d7bcafe1f70d",
            "45904e07-62f3-4e0c-a59d-af6923ebfc19",
            "0b8ab67f-3608-4549-823c-c7c59c198a4d"
        ],
        "scenario": "商务接待",
        "description": "用于接送客户、商务会议、出差等正式场合。"
    },
    {
        "overall_score": 82.0,
        "dimensions": [
            {
                "dimension": "越野性能",
                "score": 90
            },
            {
                "dimension": "续航能力",
                "score": 85
            },
            {
                "dimension": "动力性能",
                "score": 80
            },
            {
                "dimension": "安全性",
                "score": 80
            },
            {
                "dimension": "舒适性",
                "score": 75
            }
        ],
        "keywords": [
            "越野",
            "露营",
            "长途自驾",
            "四驱",
            "动力"
        ],
        "uuid": [
            "0aab93f5-4d0a-4f6a-921a-ca535d6cb67d",
            "c376a452-36ba-42d7-aba5-dcf16f7fe402",
            "4e2476e2-72a3-4453-be32-49dfb5c3808f",
            "57eb689b-4d2f-4b5b-a710-2330d5590994",
            "593decbd-95a0-49cc-8653-09c910fd7c8f"
        ],
        "scenario": "户外探险",
        "description": "用于越野、露营、长途自驾等户外活动。"
    },
    {
        "overall_score": 46.0,
        "dimensions": [
            {
                "dimension": "驾驶体验",
                "score": 70
            },
            {
                "dimension": "适合家庭出行",
                "score": 60
            },
            {
                "dimension": "性价比",
                "score": 50
            },
            {
                "dimension": "空间利用",
                "score": 30
            },
            {
                "dimension": "后排舒适性",
                "score": 20
            }
        ],
        "keywords": [
            "驾驶体验",
            "家庭用车",
            "后排空间",
            "性价比",
            "舒适性"
        ],
        "uuid": [
            "3886589b-6499-42cb-af90-b18a17eb38f4",
            "b6fda492-1424-40a6-82e0-45d908ffff65",
            "25e615ee-a729-40b0-9133-751271f702a8",
            "d31de8fb-2ac0-4fdc-86c0-3ae0205bdaa0",
            "1a76ff4f-cff2-411e-92c4-46e02a6a6450"
        ],
        "scenario": "家庭出行",
        "description": "用于日常通勤、周末郊游、长途旅行等家庭活动。"
    },
    {
        "overall_score": 72.5,
        "dimensions": [
            {
                "dimension": "身份展示",
                "score": 80
            },
            {
                "dimension": "社交活动适应性",
                "score": 75
            },
            {
                "dimension": "驾驶乐趣",
                "score": 70
            },
            {
                "dimension": "豪华感",
                "score": 65
            }
        ],
        "keywords": [
            "豪华",
            "社交",
            "驾驶乐趣",
            "质感",
            "身份"
        ],
        "uuid": [
            "1fdce9ed-d7bf-4bf1-8297-b3fe0298c058",
            "c8aa2c9d-b690-498f-b673-01d9ffac613b",
            "9e591289-fdfd-45b9-812e-39ec1dec3",
            "21e0dc18-7174-4511-80c1-32de34ee0037",
            "d92874b1-0398-4921-9f9e-cc77edac0bda"
        ],
        "scenario": "高端奢华",
        "description": "用于展示身份、享受驾驶乐趣、参加高端社交活动。"
    },
    {
        "overall_score": 75.71428571428571,
        "dimensions": [
            {
                "dimension": "个性化设计",
                "score": 90
            },
            {
                "dimension": "短途旅行的便利性",
                "score": 85
            },
            {
                "dimension": "外观设计",
                "score": 85
            },
            {
                "dimension": "社交适用性",
                "score": 80
            },
            {
                "dimension": "个性展示",
                "score": 80
            }
        ],
        "keywords": [
            "旅行",
            "时尚",
            "外观",
            "短途旅行",
            "驾驶体验"
        ],
        "uuid": [
            "3cbdcef6-d22d-4712-a620-966873c9c4b6",
            "4de9ddec-5cbf-46d5-8344-a9e3b2cfa9fa",
            "837da3e6-8811-416e-b7dc-9caac241a52b",
            "ac39d7b4-c8e6-4ae8-80df-ca154428ce10",
            "82d0528a-beb4-483c-a393-3c73f70d4ce3",
            "864ddd20-6e0d-43eb-aece-91df98d8fd29",
            "e5e2876b-0e29-4eff-9f0a-fd8afbd02718",
            "d3ce44f0-7bcc-4fe6-a8f8-3c8f1922b8e4",
            "80c4c8fa-5d1e-4026-9fc2-f18615956013",
            "8418168c-af70-44d0-9d9b-0724362587f9",
            "24bbd250-c08e-4581-b057-33a44492b6b1",
            "860a3561-c0b7-4f71-a96f-991633a73db8",
            "c51e19a7-df84-4faf-aaef-3aa5c095ea48",
            "976ef46f-0b05-43df-a7db-a1a31605ed06",
            "c0f13b4b-fa94-4f48-b7ed-52b58d45c97e",
            "c9da195a-f6df-49c1-9fb8-bc4b047353d7",
            "4ac82185-7971-4dd2-bb57-a789e91f7190",
            "91ac47ae-5a3f-4d11-8d3f-ab0bfcb14c00",
            "e72a8609-ccf2-4548-b269-cc188f4f26df",
            "9857faaa-698d-4b27-8545-063f9b3d368e",
            "9cb1164f-d95e-4c81-91b2-e82e3f24c664",
            "e82f3758-07d6-46dd-bdb3-8a12aa27950d",
            "c9a963b2-89d1-4cf0-ac4b-a9cf9b2a1a67",
            "e2a1bd31-ae0f-4034-b868-abfe59f01016",
            "d0c3081b-227d-4110-8465-1b5429752273",
            "f407c304-d047-4511-92a9-0e0e8ee8faed",
            "67e472ae-c539-4045-88bc-a5f76341b164",
            "a09f2d69-ad5f-4d90-a052-6095d87f7f25",
            "36a6a799-c570-4d4f-a10e-4f9f86f0cade",
            "c0c1af85-e870-467c-a7fe-6d5b14dbb36c",
            "f3ef886c-2ecc-4f31-87c1-9937d635f002",
            "b96e8a92-1b39-40f2-91da-ffe72b43ae83",
            "5e51cba7-6efa-4d35-b81d-aae4d29d54fd",
            "7fcd7bee-b559-4c26-93ac-f3e7a5217b22",
            "1326dae9-3b19-48b6-ae06-e7ab936948a3"
        ],
        "scenario": "年轻个性",
        "description": "用于展示个性、社交、短途旅行等。"
    },
    {
        "overall_score": 71.60714285714286,
        "dimensions": [
            {
                "dimension": "电耗表现",
                "score": 80
            },
            {
                "dimension": "性价比",
                "score": 80
            },
            {
                "dimension": "续航能力",
                "score": 80
            },
            {
                "dimension": "驾驶体验",
                "score": 75
            },
            {
                "dimension": "舒适性",
                "score": 70
            }
        ],
        "keywords": [
            "智能驾驶",
            "续航",
            "空间",
            "舒适度",
            "驾驶体验"
        ],
        "uuid": [
            "f0c015b3-bd3c-4c3f-b56f-109c906257b6",
            "043a5524-683a-4b3d-a513-5767d90e1568",
            "fe6d6429-27f3-4250-bc50-a235e8834239",
            "8e25092b-c916-462c-9ee9-0ceb62dbc642",
            "f5fcf4a8-1421-4635-a927-1dc26b38b05c",
            "e59d13e9-722f-4d52-985b-0d2b64a33320",
            "ad8412e1-c799-4858-9628-8822df55b559",
            "6823838a-f01e-45c2-9065-1a4568b38b43",
            "e8d5cb91-d181-46fd-9da8-4f5013452298",
            "5efcaf1f-cd28-4a88-abc1-fda76c4021d1",
            "549df860-1a7d-4377-b009-2605ef2ece96",
            "7297f6fd-1e63-4c11-96ef-68fe85973c92",
            "d7b18298-687e-4c34-b4d9-b3f29e4dbe26",
            "c587f700-9ca7-4867-81e1-b29b136c6f63",
            "91c70e4e-3158-489f-acad-e4b804d81f6f",
            "037a178b-9458-4aa0-b5ff-024abc21ae3e",
            "1e4cac99-4256-4b31-beb5-06206a2984cc",
            "d5aae4fb-7e20-4d1f-846a-2a8b95181c28",
            "c3c3857b-71ab-4259-9ed7-0c5350999057",
            "fcceccc8-f9a3-4edd-af92-a51590ebd01b",
            "d93b513e-9e2d-4d2a-969d-6cb6f2f597bc",
            "1b9f0903-239e-4d84-846c-f4d015fe6279",
            "bf4a0d2b-b94d-4285-a9ef-c06cdb5711bb",
            "d96082be-b9d0-4d88-ad2f-225edc619b64",
            "c5dddade-a119-4087-b27b-2da8c709d723",
            "ad942ebb-97d0-4fdc-a665-5451774ae75f",
            "134427c9-0891-4940-b2f4-18005e7c790f",
            "f153151d-39b7-411b-a18d-0b08d9fc9b84",
            "d07f4618-28f3-435d-8938-46321683127e",
            "8643cc82-1646-4de3-bf18-71ee2292b6e6"
        ],
        "scenario": "城市通勤",
        "description": "用于日常上下班、短途出行等城市内活动。"
    }
]