[
    {
        "advantage": [
            {
                "summary": "某些车型提供不限公里数的三电终身质保，提升了用户的信心和满意度。",
                "summary_topic": "质保服务好",
                "uuid": [
                    "e9592c82-d3f7-4f55-91e7-13fcbad41d68",
                    "6ddd1e7c-8973-452b-aab3-097356960b20",
                    "2a79bbe5-a943-42e4-974c-08451a05b837",
                    "708fa6ec-a217-49cd-82a0-3e03b71717d7",
                    "017fb25f-2323-464f-a09a-f4030783ba04"
                ],
                "keywords": [
                    "三电终身质保",
                    "不限公里数",
                    "质保",
                    "E8",
                    "红旗EH7"
                ]
            }
        ],
        "disadvantage": [
            {
                "summary": "售后服务不完善，厂家对反馈问题的处理不及时，导致用户不满。",
                "summary_topic": "售后服务差",
                "uuid": [
                    "222b815b-8887-4574-84a5-3f688d336e1b",
                    "3ef86aa4-34f0-4eb2-8b25-95106c96c55d",
                    "308b22ec-e08a-4b1f-97d4-702f893ca3e8",
                    "96833a8b-6476-470d-a7fa-da98b6b22a4d",
                    "9ae77ea6-0158-496e-b9bb-24c24331f34c"
                ],
                "keywords": [
                    "售后",
                    "厂家",
                    "回复",
                    "解决不了",
                    "操蛋",
                    "反馈",
                    "石沉大海",
                    "不完善"
                ]
            },
            {
                "summary": "后期维修成本高，尤其是屏幕等部件的更换费用昂贵。",
                "summary_topic": "维修成本高",
                "uuid": [
                    "133ff685-6e5b-410b-ba0b-3a03a33a189d",
                    "77e446ff-dd64-4562-8d1b-db097e60466c",
                    "d550d196-377d-416e-8a13-1e72cff8e33f",
                    "6e026d3f-c592-464f-93e4-eab8ed30bdc0",
                    "708257e5-d3a6-4f9c-a9ad-4fe2bbe5a716"
                ],
                "keywords": [
                    "后期维修",
                    "贵",
                    "屏幕",
                    "换屏",
                    "维修成本"
                ]
            }
        ],
        "theme": "售后服务"
    },
    {
        "advantage": [
            {
                "summary": "购买时有多种优惠政策可供选择，包括置换补贴、盲订优惠等，用户可以通过谈判获得更低的价格。",
                "summary_topic": "购车优惠多",
                "uuid": [
                    "6151bcf2-9c81-40b0-975a-71d708c46a5a",
                    "d93b513e-9e2d-4d2a-969d-6cb6f2f597bc",
                    "c892fd65-2a9c-4878-8f06-c99bc2d3ebc4",
                    "fd5ccf51-7445-48c0-be26-e9b86492d086",
                    "13427d5e-1d0e-44e0-9eb4-bba3839afb75"
                ],
                "keywords": [
                    "优惠",
                    "置换补贴",
                    "盲订",
                    "现金优惠"
                ]
            },
            {
                "summary": "购车过程中可以享受多种补贴，如国补、省补等，进一步降低购车成本。",
                "summary_topic": "购车补贴多",
                "uuid": [
                    "f492cd4a-d738-416f-8533-8ce5ab83a8b0",
                    "cb86da86-7a4a-4bfb-bee3-da1a23647e9d",
                    "c3581101-f827-498e-b0c6-06f76688f14c",
                    "c83ee8a4-7ca8-44e8-b8a5-8a204e2a11fa",
                    "f376ec26-adbe-4c51-b97e-35049c6348b2"
                ],
                "keywords": [
                    "国补",
                    "省补",
                    "补贴",
                    "购车成本"
                ]
            }
        ],
        "disadvantage": [
            {
                "summary": "销售人员的态度和专业性存在问题，可能影响购买决策。",
                "summary_topic": "销售态度差",
                "uuid": [
                    "8e1c9765-d90b-493e-a41e-ad038e86385d",
                    "d0a42a06-9fde-43f8-ae5f-c32184685afb",
                    "bd7a073d-3d60-4814-86f6-b2b2082a373a",
                    "599a38ef-e0e0-4ed2-8b44-9df51a1b15bf",
                    "feaa0234-a1f8-4de5-9fdc-6d998d3a7adb"
                ],
                "keywords": [
                    "销售态度",
                    "不专业",
                    "购买体验"
                ]
            },
            {
                "summary": "购车优惠信息不透明，价格差异大，导致消费者体验不佳。",
                "summary_topic": "价格不透明",
                "uuid": [
                    "4bda9890-4905-426a-9d8e-fdcf8b0d6dae",
                    "590fa615-f20f-4241-be05-97f4c93dbc57",
                    "78593d31-e410-47f9-a3c1-2a615748b587",
                    "f2d67403-a7ec-42f1-ac1e-dd2bd02c3ef5",
                    "599a38ef-e0e0-4ed2-8b44-9df51a1b15bf"
                ],
                "keywords": [
                    "价格不透明",
                    "优惠信息",
                    "价格差异"
                ]
            }
        ],
        "theme": "购买体验"
    },
    {
        "advantage": [
            {
                "summary": "魅族车机系统在用户中被认为是国产车机中最好的，尤其在交互和流畅度方面表现出色。",
                "summary_topic": "车机体验好",
                "uuid": [
                    "a1f26f11-50c3-4b43-9217-b111e91e47fa",
                    "8d918cae-6057-446c-a1eb-83a9efcbe4b5",
                    "f4de80c1-1001-43ff-9fbb-d977dcaa7849"
                ],
                "keywords": [
                    "魅族",
                    "车机",
                    "好用",
                    "国产"
                ]
            },
            {
                "summary": "领克08的车机系统被认为使用体验良好，用户对其表现感到满意。",
                "summary_topic": "车机体验好",
                "uuid": [
                    "c3fb2a4b-2414-4366-b221-5276e7a25330",
                    "7f677368-5b6c-4507-8df9-3196ca06bebb"
                ],
                "keywords": [
                    "领克08",
                    "车机系统",
                    "使用体验",
                    "智驾表现"
                ]
            },
            {
                "summary": "E8的Flyme系统车机被认为没有问题，用户对其表现满意。",
                "summary_topic": "车机体验好",
                "uuid": [
                    "be6274d9-8b9a-4790-be62-551008aaab0b",
                    "d6f7d817-620b-4d7f-b6dc-1ee7d5e2c2ba"
                ],
                "keywords": [
                    "E8",
                    "Flyme系统",
                    "车机",
                    "好用"
                ]
            },
            {
                "summary": "大屏幕设计科技感强，视觉效果好。",
                "summary_topic": "大屏科技好",
                "uuid": [
                    "a4ac4dc0-b235-40c7-9ef3-ff44ce895827",
                    "b2ec0bb6-cab8-4ca1-9438-fae71e9693d6"
                ],
                "keywords": [
                    "大连屏",
                    "科技感",
                    "无缝衔接"
                ]
            },
            {
                "summary": "吉利车机的信任度较高，用户对其表现出信任。",
                "summary_topic": "车机体验好",
                "uuid": [
                    "9b02a622-a033-4483-96e2-def2bef218b4"
                ],
                "keywords": [
                    "吉利",
                    "车机",
                    "信任"
                ]
            }
        ],
        "disadvantage": [
            {
                "summary": "吉利车机系统被认为存在问题，用户对其表现不满意。",
                "summary_topic": "车机体验差",
                "uuid": [
                    "53095046-8e2a-4ad4-9339-01e3a12d0941",
                    "5ddfa89a-fd7a-414c-beb0-88cd24f6d294",
                    "57760d2f-aed9-479b-9b92-b18f74d2f472"
                ],
                "keywords": [
                    "吉利",
                    "车机",
                    "智驾",
                    "问题"
                ]
            },
            {
                "summary": "大屏幕设计被认为不实用，用户对其表示不满。",
                "summary_topic": "大屏设计差",
                "uuid": [
                    "9857faaa-698d-4b27-8545-063f9b3d368e",
                    "582b39c6-20c0-4152-b146-b79b80e60c21",
                    "1f31af2f-e0ab-4704-9e14-debbbb6b8c66"
                ],
                "keywords": [
                    "大屏幕",
                    "设计",
                    "不实用",
                    "不满"
                ]
            },
            {
                "summary": "大屏幕的使用体验被认为不佳，用户对其表示不满。",
                "summary_topic": "大屏体验差",
                "uuid": [
                    "de63ab76-458c-42c3-87f1-271b68c2d988",
                    "9857faaa-698d-4b27-8545-063f9b3d368e"
                ],
                "keywords": [
                    "大屏幕",
                    "使用体验",
                    "不满"
                ]
            },
            {
                "summary": "大屏幕设计不实用，易损坏，维修成本高。",
                "summary_topic": "大屏易坏差",
                "uuid": [
                    "b95bb21c-8688-4ac7-a8b7-9bd7452df838",
                    "515925a3-7ecb-4ef6-8722-105eac9e458c"
                ],
                "keywords": [
                    "大连屏",
                    "易损性",
                    "维修成本"
                ]
            },
            {
                "summary": "吉利的智能化水平被认为较落后，用户对其表现不满意。",
                "summary_topic": "智能化落后",
                "uuid": [
                    "abf145c7-76f1-4d5c-95b4-a1df094496ff"
                ],
                "keywords": [
                    "吉利",
                    "智能化",
                    "落后"
                ]
            }
        ],
        "theme": "智能系统"
    },
    {
        "advantage": [
            {
                "summary": "车头设计被多次提及为好看，尤其是在灯光下显得非常帅气。",
                "summary_topic": "车头设计好",
                "uuid": [
                    "75903563-c477-4162-9c11-a0c26dbab517",
                    "82d0528a-beb4-483c-a393-3c73f70d4ce3",
                    "ddcee5ee-7d1d-436e-b19a-f0266c7e36c0",
                    "c8aa2c9d-b690-498f-b673-01d9ffac613b",
                    "19aa7c9d-3a01-430d-87c2-ed7ed3442734"
                ],
                "keywords": [
                    "车头",
                    "好看",
                    "帅",
                    "灯",
                    "冲击力"
                ]
            },
            {
                "summary": "外观设计简洁且层次感强，颜值高，受到用户的喜爱。",
                "summary_topic": "外观颜值高",
                "uuid": [
                    "65dcf7d4-84f0-49bf-9c68-5687c44d9092",
                    "4675604f-ec96-455e-be9c-113fb5ba25c2",
                    "df2f5b6e-89da-4d98-830b-a8aaac240449",
                    "b71a1445-ca02-4ba4-9c86-07092c95120d",
                    "6cfb6aa5-42b8-40a3-bbe2-cc46530f0e18"
                ],
                "keywords": [
                    "外观",
                    "内饰设计",
                    "简洁",
                    "层次感",
                    "颜值"
                ]
            },
            {
                "summary": "外观时尚且具有辨识度，受到用户的好评。",
                "summary_topic": "外观时尚好",
                "uuid": [
                    "e39d87bc-5164-47f0-9139-04f22d8b5b83",
                    "cc63efdb-f030-4e81-8fd8-1206ccdbf4fc",
                    "3f10b276-1981-4883-b5d9-e24e92483b7a",
                    "c31d929c-bb52-4f97-b722-36f10d9865a7",
                    "317b43a9-d362-4c55-bbf4-44107e3c88c5"
                ],
                "keywords": [
                    "辨识度",
                    "时尚",
                    "好看",
                    "外观"
                ]
            },
            {
                "summary": "外观设计漂亮，整体质感高档，受到广泛好评。",
                "summary_topic": "外观设计好",
                "uuid": [
                    "8dff1584-ce93-4ec3-b1ed-53f3076e0abd",
                    "561345ce-03f4-4c5a-ab08-99cf160f8cba",
                    "931ad18c-a4fb-4d1c-b2d0-f7d6b7c6bbef",
                    "d92874b1-0398-4921-9f9e-cc77edac0bda",
                    "3c5eff08-8637-4462-b93c-7cf9d15b3793"
                ],
                "keywords": [
                    "外观",
                    "设计",
                    "好看",
                    "高档"
                ]
            },
            {
                "summary": "车尾设计被认为有保时捷的风格，显得非常有吸引力。",
                "summary_topic": "车尾设计好",
                "uuid": [
                    "7fcd7bee-b559-4c26-93ac-f3e7a5217b22",
                    "c8aa2c9d-b690-498f-b673-01d9ffac613b",
                    "4e8e417e-2084-49aa-83f6-5279b47086bb",
                    "77d8c69d-257b-4447-bf03-398ff53b0e4e"
                ],
                "keywords": [
                    "车尾",
                    "保时捷",
                    "美感",
                    "帅"
                ]
            }
        ],
        "disadvantage": [
            {
                "summary": "大连屏设计不受欢迎，用户普遍认为其设计感不足。",
                "summary_topic": "大屏设计差",
                "uuid": [
                    "de63ab76-458c-42c3-87f1-271b68c2d988",
                    "e5086e9f-228b-47a4-8265-121dc281b471",
                    "c956f5e9-59a2-4453-94a0-cef1ae802067",
                    "7919792b-7a46-43bd-8a9c-31edea442b3a",
                    "6c452c4f-6a20-4f19-8c8a-905cee3d9eca"
                ],
                "keywords": [
                    "大屏",
                    "设计",
                    "缺点",
                    "用户反馈",
                    "设计感"
                ]
            },
            {
                "summary": "外观设计被认为过于圆润或丑陋，缺乏吸引力。",
                "summary_topic": "外观设计丑",
                "uuid": [
                    "50d907f4-5214-4101-a2fe-b27f726c3060",
                    "bfd9d04b-ae74-420f-ba1b-cdfeb7ecd482",
                    "5da72284-ec40-426f-8b3d-ffc8abe20f9f",
                    "a06d67b7-6028-47cf-8fe3-96b68c255d7c",
                    "71a09ffe-e27a-4d4a-86e1-de41d4a63cea"
                ],
                "keywords": [
                    "外观",
                    "圆润",
                    "丑",
                    "设计"
                ]
            },
            {
                "summary": "车头设计复杂，部分用户不喜欢眯眯眼设计。",
                "summary_topic": "车头设计差",
                "uuid": [
                    "10555716-8dce-4839-bbbd-d1655aca1c6c",
                    "6d36abb2-a25b-47e1-a81a-fe98c9ce2e74",
                    "3b22c5bd-fb43-4d30-a09f-39b5fa4b43f1",
                    "7180bb0d-e729-4577-9350-b1226cdf4e04"
                ],
                "keywords": [
                    "车头",
                    "复杂",
                    "眯眯眼",
                    "丑"
                ]
            },
            {
                "summary": "屏幕设计不佳，过于花哨且不实用。",
                "summary_topic": "屏幕设计差",
                "uuid": [
                    "1a2706fd-011d-44dd-8043-24e08bb24ca4",
                    "ee5b6894-d833-453d-b770-93685c517ba7",
                    "637e8071-914b-4dd2-afa3-59e91b8842a2",
                    "9541b735-4533-4a1b-a969-03359cbb7d29"
                ],
                "keywords": [
                    "屏幕",
                    "设计",
                    "花里胡哨",
                    "不实用"
                ]
            },
            {
                "summary": "内饰质感廉价，缺乏高档感。",
                "summary_topic": "内饰质感差",
                "uuid": [
                    "27a08d2d-c9a7-4450-883f-89f1b55d7922",
                    "86558197-89ff-4fa3-a8a4-589acc738b69",
                    "0ff5f851-4e67-492c-b876-07689a5e2c34"
                ],
                "keywords": [
                    "内饰",
                    "质感",
                    "廉价"
                ]
            }
        ],
        "theme": "外观内饰"
    },
    {
        "advantage": [
            {
                "summary": "吉利的车在驾驶性能方面表现出色，尤其是底盘调校和操控性上，用户反馈普遍认为吉利的车动力充足，操控良好，驾驶体验佳。",
                "summary_topic": "操控性能好",
                "uuid": [
                    "96835555-bf7d-4b47-8a7a-174c336cb5e3",
                    "ad8412e1-c799-4858-9628-8822df55b559",
                    "8297fce2-5e47-4cd4-8fc5-00c79bb01f5a",
                    "3ce15875-f677-4fb0-96ee-57d88d384e19",
                    "e0e583e6-e57a-42b6-bd26-1f74fbb7f8a2"
                ],
                "keywords": [
                    "吉利",
                    "操控",
                    "底盘",
                    "驾驶体验",
                    "动力"
                ]
            },
            {
                "summary": "E8的底盘表现出色，驾驶性能优越，操控舒适，适合长途驾驶。",
                "summary_topic": "底盘表现好",
                "uuid": [
                    "cbac7572-7ede-4003-a565-ab08e9f916b9",
                    "c2df7752-5eba-4ce8-b3f3-6d36e271c23a",
                    "7970e06b-d5e1-46b0-b563-da7d47544c46"
                ],
                "keywords": [
                    "底盘",
                    "驾驶性能",
                    "操控舒适",
                    "长途驾驶"
                ]
            },
            {
                "summary": "E8的驾驶感受良好，动力充足，转向指向性好，适合城市驾驶。",
                "summary_topic": "驾驶感受好",
                "uuid": [
                    "1e7914e6-f70f-4557-8b3f-99a7cea75529",
                    "7928ffaf-0585-4f39-9933-0e76e2a30082",
                    "7970e06b-d5e1-46b0-b563-da7d47544c46"
                ],
                "keywords": [
                    "驾驶感受",
                    "动力",
                    "转向指向性",
                    "城市驾驶"
                ]
            },
            {
                "summary": "车辆的加速性能表现出色，尤其是四驱版本的加速能力更为突出。",
                "summary_topic": "加速性能出色",
                "uuid": [
                    "4b82df57-fd70-4bbc-8b7f-2411f20f8786",
                    "8b056074-942e-4862-a0c8-fa1c59dfb4a9"
                ],
                "keywords": [
                    "加速",
                    "四驱",
                    "零百",
                    "秒"
                ]
            },
            {
                "summary": "操控性和底盘表现良好，驾驶感受舒适。",
                "summary_topic": "操控底盘佳",
                "uuid": [
                    "579e761e-3fd2-4688-8084-93a1c47369a5",
                    "00f09f00-4a46-4925-89bd-c70b0b9d5843"
                ],
                "keywords": [
                    "操控",
                    "底盘",
                    "舒适"
                ]
            }
        ],
        "disadvantage": [
            {
                "summary": "E8的底盘较低，容易剐蹭，影响驾驶体验。",
                "summary_topic": "底盘容易剐蹭",
                "uuid": [
                    "44e33a02-eed5-4883-aca3-829b1f8926d8",
                    "b0991089-9fa2-4d26-9731-37ab35a42f98",
                    "e53abcae-c378-454c-8aed-70ad13b4859c"
                ],
                "keywords": [
                    "底盘",
                    "剐蹭",
                    "驾驶体验"
                ]
            },
            {
                "summary": "E8的后排空间不足，影响长途乘坐舒适度。",
                "summary_topic": "后排空间小",
                "uuid": [
                    "b9a7ac74-f132-4a7a-ba04-26e9a01383f3",
                    "549df860-1a7d-4377-b009-2605ef2ece96",
                    "052eb1ee-f96a-4071-bd71-d30c8e755bc7"
                ],
                "keywords": [
                    "后排空间",
                    "舒适度",
                    "长途乘坐"
                ]
            },
            {
                "summary": "刹车时容易出现点头现象，影响驾驶体验。",
                "summary_topic": "刹车点头多",
                "uuid": [
                    "e16821af-f9b3-4084-9082-bf69564bf0c9",
                    "b17ebab8-7185-4c7a-a218-703ee7b102e6"
                ],
                "keywords": [
                    "刹车",
                    "点头",
                    "驾驶体验"
                ]
            },
            {
                "summary": "悬挂系统存在异响问题，影响驾驶舒适性。",
                "summary_topic": "悬挂异响多",
                "uuid": [
                    "308b22ec-e08a-4b1f-97d4-702f893ca3e8",
                    "96833a8b-6476-470d-a7fa-da98b6b22a4d"
                ],
                "keywords": [
                    "悬挂",
                    "异响",
                    "舒适性"
                ]
            },
            {
                "summary": "车辆在颠簸路段表现不佳，滤震效果欠佳。",
                "summary_topic": "滤震效果差",
                "uuid": [
                    "6049db56-c931-477b-b7df-d4ec1f773282",
                    "a24a8be1-6822-453c-8427-2fbce490ee69"
                ],
                "keywords": [
                    "滤震",
                    "颠簸",
                    "路段"
                ]
            }
        ],
        "theme": "驾驶性能"
    },
    {
        "advantage": [
            {
                "summary": "后排空间宽敞，适合短途使用，部分用户表示满意。",
                "summary_topic": "后排空间宽敞",
                "uuid": [
                    "c9dd1931-2fb5-434f-af8f-ee19c33babc4",
                    "4e12de55-f961-40da-80d9-1a6e223ca0a3",
                    "006c7ae3-836c-484e-969a-13f9a8da3551"
                ],
                "keywords": [
                    "后排",
                    "空间",
                    "舒适",
                    "宽敞"
                ]
            },
            {
                "summary": "部分车型后排舒适性较好，适合家庭使用。",
                "summary_topic": "后排舒适性好",
                "uuid": [
                    "cb25c115-00d0-432e-bd2d-19a14ad8f1ce",
                    "8021f8a8-2676-4192-a8a6-d8fca2511f23",
                    "2771581e-9e53-4f74-a757-c3629fdb12ea"
                ],
                "keywords": [
                    "后排舒适",
                    "家庭用车",
                    "舒适性"
                ]
            },
            {
                "summary": "后排空间在某些车型中表现良好，适合个子不高的乘客。",
                "summary_topic": "后排空间较好",
                "uuid": [
                    "f16840ec-85b2-458e-8082-6d5297629b56",
                    "7a1b2aff-b8d7-4c7e-98e3-24a3d383c613"
                ],
                "keywords": [
                    "后排",
                    "空间",
                    "舒适",
                    "适合"
                ]
            },
            {
                "summary": "副驾驶座椅可以放平，适合午睡，增加了乘坐的舒适性。",
                "summary_topic": "座椅放平舒适",
                "uuid": [
                    "970f96e5-4123-42be-8277-4c29f09dfe26",
                    "a874dd13-0006-4b62-b82b-12e28c9cc7ec"
                ],
                "keywords": [
                    "副驾",
                    "放平",
                    "午睡",
                    "舒适"
                ]
            },
            {
                "summary": "某些车型的空间设计适合家庭使用，尤其是家庭成员个子不高时。",
                "summary_topic": "家庭空间适用",
                "uuid": [
                    "7a1b2aff-b8d7-4c7e-98e3-24a3d383c613"
                ],
                "keywords": [
                    "家庭",
                    "空间",
                    "适用"
                ]
            }
        ],
        "disadvantage": [
            {
                "summary": "后排空间狭小，乘坐不舒适，尤其是腿部和头部空间不足。",
                "summary_topic": "后排空间狭小",
                "uuid": [
                    "d3bec565-6c1f-4c0a-8959-0683dddd47fb",
                    "dfc9e3b6-d497-4225-b05b-b9efcace9fe5",
                    "deb965c5-74b4-4b96-93a2-dfe60945358f",
                    "24bd0416-9341-45d1-a285-2fb20a466b8c",
                    "3b260323-a8e0-4477-89a4-eea82bebfa6f"
                ],
                "keywords": [
                    "后排",
                    "空间",
                    "狭小",
                    "不舒适",
                    "腿部",
                    "头部"
                ]
            },
            {
                "summary": "后排座椅设计不佳，导致乘坐体验如坐小板凳，缺乏舒适性。",
                "summary_topic": "后排座椅不佳",
                "uuid": [
                    "54860308-45f0-432f-8001-5c3b667fdf9e",
                    "deb965c5-74b4-4b96-93a2-dfe60945358f",
                    "dfc9e3b6-d497-4225-b05b-b9efcace9fe5",
                    "24bd0416-9341-45d1-a285-2fb20a466b8c",
                    "3b260323-a8e0-4477-89a4-eea82bebfa6f"
                ],
                "keywords": [
                    "后排座椅",
                    "小板凳",
                    "舒适性"
                ]
            },
            {
                "summary": "后排地台高度过高，影响腿部舒适度，乘坐体验不佳。",
                "summary_topic": "地台高度过高",
                "uuid": [
                    "dfc9e3b6-d497-4225-b05b-b9efcace9fe5",
                    "b40b7b46-148f-44cf-896a-7136f6643dc8",
                    "7bbd6572-fa7d-45a1-b15c-98462ee5a551",
                    "c40cb5c2-48ad-4d31-8385-1fc70c2d3b42",
                    "c0770f74-f1c2-4243-a3c5-185e8bd1dfd5"
                ],
                "keywords": [
                    "地台",
                    "高度",
                    "腿部",
                    "舒适度"
                ]
            },
            {
                "summary": "后排空间狭小，头部和腿部空间不足，长时间乘坐不舒适。",
                "summary_topic": "后排空间狭小",
                "uuid": [
                    "c65bbc59-8a27-4198-9301-694542db2fcb",
                    "f14d3924-ed2a-46d1-9469-513f10dc02e1",
                    "6e39f2c1-3ece-4262-b3be-c37967f9314a",
                    "be6f2566-f755-4f62-b2e1-43b9bf325794",
                    "e2280900-8b9b-4736-bf0b-edbe82527a65"
                ],
                "keywords": [
                    "后排空间",
                    "头部空间",
                    "腿部承托",
                    "乘坐舒适性",
                    "家用车"
                ]
            },
            {
                "summary": "后排空间狭小，坐姿不舒适，影响长途乘坐体验。",
                "summary_topic": "后排空间狭小",
                "uuid": [
                    "b6fda492-1424-40a6-82e0-45d908ffff65",
                    "929c92b4-f571-474f-a6d3-e4350197b0b2",
                    "60fd450a-139b-448f-ac92-907bffdd73b8"
                ],
                "keywords": [
                    "后排",
                    "空间",
                    "不舒适",
                    "狭小"
                ]
            }
        ],
        "theme": "空间舒适"
    },
    {
        "advantage": [
            {
                "summary": "多种优惠政策使得购车成本较低，用户可以通过置换补贴、盲订优惠等多种方式减少购车支出。",
                "summary_topic": "购车优惠多",
                "uuid": [
                    "fb9185f4-24e1-4dc3-a8bd-e7c1fc2b2031",
                    "dba83f3c-f083-43aa-a26e-97782bc7c01c",
                    "5d0f7ffc-1e26-490c-9a86-1bad4f523ace",
                    "b333a494-7e18-40f7-be3e-38d5387b411e",
                    "360ce7ff-ae1e-4ed4-bf02-abc2f234a6ce"
                ],
                "keywords": [
                    "优惠",
                    "置换补贴",
                    "盲订",
                    "购车成本"
                ]
            },
            {
                "summary": "通过置换和补贴，部分车型的购车价格可以降至15万元左右，性价比高。",
                "summary_topic": "价格性价比高",
                "uuid": [
                    "e4061856-89c6-466d-af9e-3fad2bfdcdd5",
                    "fd5ccf51-7445-48c0-be26-e9b86492d086",
                    "a3a5c8b2-c6b4-4db2-b828-f180e1b6d912",
                    "d76e0f36-21a1-4000-a11e-3a26c97d9497",
                    "d809a966-9905-4017-a4f1-3fa051f05050"
                ],
                "keywords": [
                    "性价比",
                    "价格",
                    "置换",
                    "补贴"
                ]
            },
            {
                "summary": "E8的价格在同级别中具有竞争力，尤其是在享受置换补贴和其他优惠后，性价比更高。",
                "summary_topic": "价格性价比高",
                "uuid": [
                    "d93b513e-9e2d-4d2a-969d-6cb6f2f597bc",
                    "c892fd65-2a9c-4878-8f06-c99bc2d3ebc4",
                    "5fd90143-633a-4897-bb35-98b17e9dc638"
                ],
                "keywords": [
                    "E8",
                    "置换补贴",
                    "优惠",
                    "性价比"
                ]
            },
            {
                "summary": "小鹏P7+在20万以内的价格区间内提供了不错的智驾和续航表现，性价比高。",
                "summary_topic": "智驾续航好",
                "uuid": [
                    "2faf78a9-4698-415a-9db3-b6a8757cff05",
                    "7b99ac74-c311-4809-9400-85696d224438"
                ],
                "keywords": [
                    "智驾",
                    "续航",
                    "价格",
                    "性价比"
                ]
            },
            {
                "summary": "吉利E8在市场上提供了较大的优惠力度，使其在同级别中具有较高的性价比。",
                "summary_topic": "优惠力度大",
                "uuid": [
                    "bc7ec450-b415-439a-bf23-0927d8781220",
                    "694e3593-c305-4129-9029-d72c70051683"
                ],
                "keywords": [
                    "吉利E8",
                    "优惠",
                    "性价比"
                ]
            }
        ],
        "disadvantage": [
            {
                "summary": "部分车型定价较高，尤其是高配车型，导致消费者认为性价比不高。",
                "summary_topic": "高配价格高",
                "uuid": [
                    "e514b582-741d-468b-bd66-57d39327d481",
                    "bdfb96de-564a-4f17-915d-e341fdd77724",
                    "be4cb1b8-ea8c-493f-8487-a1f01a3520c0",
                    "d06fc2c6-050a-43c7-a03a-86bdc8c1c6cd",
                    "5108c16a-9504-4ea4-8697-c45d8cbb1e31"
                ],
                "keywords": [
                    "高配",
                    "价格",
                    "性价比",
                    "定价"
                ]
            },
            {
                "summary": "低配车型配置较少，用户认为不值得购买，配置不如高配车型。",
                "summary_topic": "低配配置少",
                "uuid": [
                    "ae1342e0-f308-49a0-a3da-7ca5ad5aa615",
                    "13d06581-5aa4-4ce5-b264-e99bcd41a3d4",
                    "6174cf0f-3679-4de0-8058-777be3c4adcb",
                    "d06fc2c6-050a-43c7-a03a-86bdc8c1c6cd",
                    "e207946d-f41b-4e73-b707-9ab3108ca77f"
                ],
                "keywords": [
                    "低配",
                    "配置",
                    "不值得",
                    "高配"
                ]
            },
            {
                "summary": "小米SU7的中低配车型性价比低，价格偏高。",
                "summary_topic": "中低配性价比低",
                "uuid": [
                    "3f2173fe-1a0a-4739-865d-f7aafc07a662",
                    "96da25cd-6764-406d-9340-d528ab62a252"
                ],
                "keywords": [
                    "小米SU7",
                    "中低配",
                    "性价比",
                    "价格"
                ]
            },
            {
                "summary": "E8的后排空间较小，影响乘坐舒适性。",
                "summary_topic": "后排空间小",
                "uuid": [
                    "42ed8a82-4ba1-4745-b440-412f5f87f66c",
                    "ca394bfb-09d2-4c3e-884e-0eab5b06a8d2"
                ],
                "keywords": [
                    "E8",
                    "后排空间",
                    "乘坐舒适性"
                ]
            },
            {
                "summary": "电车在低温下续航表现不佳，影响使用体验。",
                "summary_topic": "低温续航差",
                "uuid": [
                    "08f87edf-33f9-4ab1-beec-255c56f55bfe",
                    "9393c8d8-1ad2-4c2c-9ca3-f3554345bde7"
                ],
                "keywords": [
                    "电车",
                    "续航",
                    "低温",
                    "使用体验"
                ]
            }
        ],
        "theme": "价格成本"
    },
    {
        "advantage": [
            {
                "summary": "吉利品牌在国内市场上具有较高的认可度和影响力，尤其是在性能和性价比方面。",
                "summary_topic": "品牌影响力强",
                "uuid": [
                    "d43b5f42-e101-4ce2-bcab-34f211010406",
                    "e0e583e6-e57a-42b6-bd26-1f74fbb7f8a2"
                ],
                "keywords": [
                    "吉利",
                    "品牌",
                    "性能",
                    "性价比"
                ]
            },
            {
                "summary": "特斯拉的品牌信仰使其在市场上具有很高的销售量，许多人购买特斯拉是因为其品牌效应。",
                "summary_topic": "品牌信仰强",
                "uuid": [
                    "43d7310e-fd38-45ed-9094-8788a00b433d",
                    "7aae6a71-50cc-4737-bc33-14cd194933d6"
                ],
                "keywords": [
                    "特斯拉",
                    "品牌信仰",
                    "销售"
                ]
            },
            {
                "summary": "吉利品牌积累多年赛事经验，品牌信任度高。",
                "summary_topic": "品牌信任高",
                "uuid": [
                    "7389baf1-9593-438c-abea-77bb6f9cafa0",
                    "47402485-6f0c-4f19-afd8-7613cb2e1045"
                ],
                "keywords": [
                    "吉利",
                    "赛事",
                    "积累",
                    "品牌",
                    "信任"
                ]
            },
            {
                "summary": "吉利品牌在设计和技术方面取得了进步，受到全世界的关注。",
                "summary_topic": "设计技术进步",
                "uuid": [
                    "8210b879-de32-4a92-abec-481e098e8e9b"
                ],
                "keywords": [
                    "吉利",
                    "设计",
                    "技术",
                    "进步"
                ]
            },
            {
                "summary": "吉利的内饰设计真的没话说，能甩比亚迪五条街。",
                "summary_topic": "内饰设计优越",
                "uuid": [
                    "0ec53d97-234c-46cf-a3c4-1e947841ab80"
                ],
                "keywords": [
                    "吉利",
                    "内饰设计",
                    "比亚迪"
                ]
            }
        ],
        "disadvantage": [
            {
                "summary": "吉利的品牌口碑受到一些负面评论的影响，尤其是在营销和品牌策略方面。",
                "summary_topic": "品牌口碑差",
                "uuid": [
                    "b776cefb-6bcc-4284-9090-dc67debb7933",
                    "dd196afe-a50b-4f74-ac48-626cd3a50892"
                ],
                "keywords": [
                    "吉利",
                    "品牌口碑",
                    "负面新闻"
                ]
            },
            {
                "summary": "小米品牌在汽车市场的品牌影响力较弱，消费者对其品牌的认知度和认可度不高。",
                "summary_topic": "品牌影响力弱",
                "uuid": [
                    "3d01d75a-f16d-4184-a3ef-157f086b2f36",
                    "4d37eaa7-9edd-43b3-88ea-eb75f076955c"
                ],
                "keywords": [
                    "小米",
                    "品牌",
                    "影响力"
                ]
            },
            {
                "summary": "吉利的产品线真的很迷，定位重合太多。",
                "summary_topic": "产品线重合多",
                "uuid": [
                    "ac7cee4e-b017-4d59-b2b7-aeab9f69fa1e"
                ],
                "keywords": [
                    "吉利",
                    "产品线",
                    "定位重合"
                ]
            },
            {
                "summary": "吉利系的售后确实很操蛋，见识过。",
                "summary_topic": "售后服务差",
                "uuid": [
                    "3ef86aa4-34f0-4eb2-8b25-95106c96c55d"
                ],
                "keywords": [
                    "吉利",
                    "售后",
                    "操蛋"
                ]
            },
            {
                "summary": "吉利的车机是注定做不好的，领克08可能稍好一点。",
                "summary_topic": "车机表现差",
                "uuid": [
                    "53095046-8e2a-4ad4-9339-01e3a12d0941"
                ],
                "keywords": [
                    "吉利",
                    "车机",
                    "领克08"
                ]
            }
        ],
        "theme": "品牌口碑"
    }
]