[
    {
        "advantage": [
            {
                "summary": "问界新M7提供了宽敞的车内空间，适合家庭出行，座椅舒适并且灵活多变，能够满足多样化的使用需求。",
                "summary_topic": "空间宽敞舒适",
                "uuid": [
                    "4c5cddab-130f-4f63-88fb-febd32203fea",
                    "eeacd8f6-c146-4948-b5ee-4f37eaf8828e",
                    "eca3888c-ae0c-4bbc-a93c-09fbb7d4bb1f",
                    "680fbf63-733c-4f2e-89de-90fe3ebdf243",
                    "88e54257-bc17-4684-be3a-2a2197a35199"
                ],
                "keywords": [
                    "大空间",
                    "家庭出行",
                    "灵活多变",
                    "座椅舒适",
                    "宽敞"
                ]
            }
        ],
        "disadvantage": [
            {
                "summary": "问界M7在高寒环境下存在一些使用问题，例如驻车时温度不够舒适，需改进加热系统。",
                "summary_topic": "高寒舒适性差",
                "uuid": [
                    "318a80df-6d4d-491e-8940-40f7f74f75c2"
                ],
                "keywords": [
                    "高寒地区测试",
                    "舒适",
                    "PTC+发动机辅热",
                    "驻车乘员舱温度"
                ]
            }
        ],
        "theme": "空间舒适"
    },
    {
        "advantage": [
            {
                "summary": "问界新M7的智能驾驶系统被多次提及，用户体验良好，能够在复杂路况中提供稳定的驾驶支持，具备自动泊车、车道保持等功能。",
                "summary_topic": "智能驾驶出色",
                "uuid": [
                    "acd38e17-f7f9-44d4-972d-576908cec8f7",
                    "b7ff221e-c2b6-46a2-a968-b605c550b370",
                    "bce3462e-0170-4067-9245-67ad5c9b9f5e",
                    "b68f2ad3-b32c-464e-b291-942b70f284e8",
                    "a53a90e5-5c4c-45a2-a0ec-0e2ffdc5f323"
                ],
                "keywords": [
                    "智能驾驶",
                    "自动泊车",
                    "车道保持",
                    "用户体验",
                    "稳定"
                ]
            },
            {
                "summary": "问界新M7的智驾系统在城市道路实现全自动驾驶，技术媲美老司机，适合家庭使用，销量高。",
                "summary_topic": "智驾技术领先",
                "uuid": [
                    "6a6b7791-136b-4059-b3cd-2a872bbe9638",
                    "b7ff221e-c2b6-46a2-a968-b605c550b370",
                    "bce3462e-0170-4067-9245-67ad5c9b9f5e"
                ],
                "keywords": [
                    "全自动驾驶",
                    "技术",
                    "家庭",
                    "销量"
                ]
            },
            {
                "summary": "问界新M7的智能驾驶系统在极寒环境下表现稳定，能够在冰雪道路上提供安全的驾驶体验。",
                "summary_topic": "冰雪路面稳定",
                "uuid": [
                    "82a69e9b-1812-41ec-b4cd-d19ab11ab0d6",
                    "31c62fc5-685f-4e18-a3bc-ee2aa93987a8"
                ],
                "keywords": [
                    "极寒环境",
                    "冰雪道路",
                    "安全",
                    "驾驶体验"
                ]
            }
        ],
        "disadvantage": [
            {
                "summary": "问界M7的智能化体验一般，语音多指令操控和自动泊车功能表现不佳，链接蓝牙等功能也有待提升。",
                "summary_topic": "智能体验一般",
                "uuid": [
                    "93e697ef-8a6c-48ff-9934-ab15f2a44366"
                ],
                "keywords": [
                    "智能化",
                    "语音操控",
                    "自动泊车",
                    "蓝牙"
                ]
            },
            {
                "summary": "问界M7的智驾系统在高速超车时表现激进，可能导致安全隐患。",
                "summary_topic": "高速超车激进",
                "uuid": [
                    "85e57eae-1e1c-40ee-a631-6c6f3fa07e9f"
                ],
                "keywords": [
                    "智驾",
                    "高速超车",
                    "安全隐患"
                ]
            }
        ],
        "theme": "智能系统"
    },
    {
        "advantage": [
            {
                "summary": "鸿蒙智行的购车体验非常好，用户在鸿蒙智行用户中心享受到优质的服务，展厅环境良好，购车过程顺利。",
                "summary_topic": "购车体验好",
                "uuid": [
                    "6e4f1b1b-2e88-4289-9b3d-14cf11597652"
                ],
                "keywords": [
                    "鸿蒙智行",
                    "服务",
                    "购车",
                    "用户中心"
                ]
            },
            {
                "summary": "问界M7的购车体验令人满意，消费者对其购车后的使用体验表示认可，尤其是智驾款的表现受到好评。",
                "summary_topic": "购车体验好",
                "uuid": [
                    "7a7c7e99-85ed-408e-90d9-9bc0c61880c4"
                ],
                "keywords": [
                    "问界M7",
                    "智驾款",
                    "购车体验"
                ]
            }
        ],
        "disadvantage": [
            {
                "summary": "问界的购买过程存在问题，销售未告知大客户权益，购车后才了解到相关权益，导致消费者不满。",
                "summary_topic": "购车权益差",
                "uuid": [
                    "b462e141-7423-493a-ae9d-c104a2ef517c"
                ],
                "keywords": [
                    "问界",
                    "大客户权益",
                    "购车",
                    "服务质量"
                ]
            },
            {
                "summary": "问界M7的购车优惠较少，消费者在购买时未能享受到优惠政策，导致购车体验不佳。",
                "summary_topic": "购车优惠少",
                "uuid": [
                    "b462e141-7423-493a-ae9d-c104a2ef517c"
                ],
                "keywords": [
                    "问界",
                    "优惠",
                    "购车体验"
                ]
            }
        ],
        "theme": "购买体验"
    },
    {
        "advantage": [
            {
                "summary": "问界新M7的智能驾驶功能在复杂的城市交通中表现得非常出色，能够精准感知周围环境，提供安全的驾驶体验。",
                "summary_topic": "智能驾驶出色",
                "uuid": [
                    "779794dd-5c1f-45d2-a3d4-6e4232fa3471",
                    "b68f2ad3-b32c-464e-b291-942b70f284e8",
                    "df39f22d-1a72-4ce4-a17e-afd5ce46851f"
                ],
                "keywords": [
                    "智能驾驶",
                    "城市交通",
                    "安全",
                    "精准感知"
                ]
            },
            {
                "summary": "问界新M7在极寒环境中展现了卓越的行驶稳定性和主动安全性，适合冬季驾驶。",
                "summary_topic": "冬季驾驶稳定",
                "uuid": [
                    "415690c8-e056-40b6-a0bc-8264cfad64fe",
                    "95071c6b-db25-4525-915b-dbad306b3b48"
                ],
                "keywords": [
                    "极寒环境",
                    "行驶稳定性",
                    "主动安全性",
                    "冬季驾驶"
                ]
            },
            {
                "summary": "问界M7的智驾系统提供了良好的驾驶体验，尤其在长途自驾中表现出色。",
                "summary_topic": "智驾体验佳",
                "uuid": [
                    "bae91a9b-7e34-4ed7-a09c-6737c1b6d5be",
                    "85e7afaf-802f-4d9e-93c5-f9ba0b0802cb"
                ],
                "keywords": [
                    "智驾",
                    "驾驶体验",
                    "长途自驾"
                ]
            }
        ],
        "disadvantage": [
            {
                "summary": "问界M7在碰撞测试中表现不佳，第三项测试结果较差，存在安全隐患。",
                "summary_topic": "碰撞测试差",
                "uuid": [
                    "fa0e0e57-1fe2-49d4-a16d-4addd904735d"
                ],
                "keywords": [
                    "碰撞测试",
                    "安全隐患",
                    "测试结果差"
                ]
            },
            {
                "summary": "问界M7在高寒环境下存在一些问题，如PTC+发动机辅热不能满足驻车乘员舱温度。",
                "summary_topic": "高寒问题多",
                "uuid": [
                    "318a80df-6d4d-491e-8940-40f7f74f75c2"
                ],
                "keywords": [
                    "高寒环境",
                    "PTC+发动机辅热",
                    "驻车乘员舱温度"
                ]
            },
            {
                "summary": "问界M7的增程能源形式不适合某些用户，导致用户选择更换车型。",
                "summary_topic": "增程形式差",
                "uuid": [
                    "f3bd2a3a-2815-44c0-b1ed-44ec5a3fe2ca"
                ],
                "keywords": [
                    "增程能源",
                    "更换车型",
                    "用户不适合"
                ]
            }
        ],
        "theme": "驾驶性能"
    },
    {
        "advantage": [
            {
                "summary": "问界M7的外观设计被认为精致，符合大多数家庭用户的审美需求。",
                "summary_topic": "外观设计精致",
                "uuid": [
                    "42d0a7b9-140e-4480-9fec-659f58666233",
                    "625f68e4-a613-4816-927b-86c42e3d9d50"
                ],
                "keywords": [
                    "外观设计",
                    "家庭用户",
                    "精致"
                ]
            },
            {
                "summary": "问界M7的新外观设计采用了家族化造型，与其他车型相似，提升了整体美观。",
                "summary_topic": "家族化造型好",
                "uuid": [
                    "d0bb7b5b-30b6-4b80-a219-e634ed76fb91",
                    "e56abacb-5670-4428-8234-693477936a74"
                ],
                "keywords": [
                    "家族化造型",
                    "外观设计",
                    "美观"
                ]
            },
            {
                "summary": "问界M7的外观被描述为中庸但适合大多数家庭用户，具有实用性。",
                "summary_topic": "外观中庸实用",
                "uuid": [
                    "42d0a7b9-140e-4480-9fec-659f58666233"
                ],
                "keywords": [
                    "中庸",
                    "家庭用户",
                    "实用性"
                ]
            }
        ],
        "disadvantage": [
            {
                "summary": "问界M7的外观设计被认为中规中矩，没有惊艳感，缺乏创新。",
                "summary_topic": "外观设计平庸",
                "uuid": [
                    "cdcd20bf-1dd1-4112-8631-0a2a45b0fa64",
                    "8ad6fa16-d096-4eea-a734-6e5969987dea"
                ],
                "keywords": [
                    "中规中矩",
                    "没有惊艳",
                    "缺乏创新"
                ]
            },
            {
                "summary": "问界M7的外观设计被认为过于保守，与其他车型相比缺乏独特性。",
                "summary_topic": "外观设计保守",
                "uuid": [
                    "8ad6fa16-d096-4eea-a734-6e5969987dea"
                ],
                "keywords": [
                    "保守",
                    "缺乏独特性"
                ]
            }
        ],
        "theme": "外观内饰"
    },
    {
        "advantage": [
            {
                "summary": "问界的售后服务反应迅速，事故发生后主动联系车主提供帮助，包括拖车服务和快速响应。",
                "summary_topic": "售后服务好",
                "uuid": [
                    "3e778d35-479f-4f0a-bcf4-5df6f475c368"
                ],
                "keywords": [
                    "售后服务",
                    "拖车",
                    "快速响应"
                ]
            },
            {
                "summary": "问界提供了延长保修服务，选项灵活，覆盖电池质保，增加了用户的选择和保障。",
                "summary_topic": "延保服务好",
                "uuid": [
                    "35e66740-1e8c-4134-8ba0-ae3fb143da48"
                ],
                "keywords": [
                    "延保服务",
                    "电池质保",
                    "用户保障"
                ]
            }
        ],
        "disadvantage": [
            {
                "summary": "问界M7PLUS在售后维修方面存在问题，车辆漏水导致损坏，维修时间长达五个月未解决。",
                "summary_topic": "维修时间长",
                "uuid": [
                    "5f289a4d-ae7c-4e3e-8118-ee0c37013370"
                ],
                "keywords": [
                    "售后维修",
                    "漏水",
                    "时间长"
                ]
            },
            {
                "summary": "问界在交付方面存在延期问题，未能按时交付车辆，且未提供延期补偿政策。",
                "summary_topic": "交付延期差",
                "uuid": [
                    "585a04b5-da2b-42c7-a735-fdd9a1ef1b7a"
                ],
                "keywords": [
                    "延期交付",
                    "交付承诺",
                    "补偿政策"
                ]
            },
            {
                "summary": "问界的服务质量不佳，销售过程中未告知大客户权益，导致客户体验不佳。",
                "summary_topic": "服务质量差",
                "uuid": [
                    "b462e141-7423-493a-ae9d-c104a2ef517c"
                ],
                "keywords": [
                    "服务质量",
                    "大客户权益",
                    "客户体验"
                ]
            }
        ],
        "theme": "售后服务"
    },
    {
        "advantage": [
            {
                "summary": "问界新M7以其高性价比和价格优势吸引了消费者，尤其是在25万级别的市场中被认为是超值的选择。",
                "summary_topic": "价格超值",
                "uuid": [
                    "eeacd8f6-c146-4948-b5ee-4f37eaf8828e",
                    "625f68e4-a613-4816-927b-86c42e3d9d50",
                    "bd92404d-958f-454b-98b7-cd601ae2093d",
                    "b1c38480-2195-4880-82f2-c3620b9f0d62",
                    "013f09b4-a1f7-455c-8296-61e59061c50d"
                ],
                "keywords": [
                    "问界新M7",
                    "超值",
                    "优惠",
                    "25万级",
                    "国民SUV"
                ]
            },
            {
                "summary": "问界M7的价格定位在30万左右，被认为在同价位中提供了良好的智能化配置和新能源技术。",
                "summary_topic": "智能配置优",
                "uuid": [
                    "248b4779-0e1a-48ca-8b09-0a95080a5256",
                    "5234db01-356e-46f4-85e0-1b2b6fae354d",
                    "a1b51eaf-2b02-4515-9704-117258d267e4"
                ],
                "keywords": [
                    "问界M7",
                    "智能化",
                    "新能源",
                    "价格",
                    "配置"
                ]
            }
        ],
        "disadvantage": [
            {
                "summary": "问界M7的价格在某些消费者看来偏高，尤其是与其他品牌的车型相比，可能不具备足够的吸引力。",
                "summary_topic": "价格偏高",
                "uuid": [
                    "196ae260-dc4a-4a8a-a937-e59d277c6ca0",
                    "196b90cb-3e6e-44f5-beff-c3cbd5b13f3b",
                    "f3bd2a3a-2815-44c0-b1ed-44ec5a3fe2ca"
                ],
                "keywords": [
                    "问界M7",
                    "价格",
                    "偏高",
                    "吸引力",
                    "竞争力"
                ]
            },
            {
                "summary": "问界M7在价格战中可能面临挑战，尤其是在市场竞争激烈的情况下，价格优势可能不足以吸引消费者。",
                "summary_topic": "价格战挑战",
                "uuid": [
                    "d3e4005c-3f89-49cc-bff0-a662ad6978fe",
                    "75779c54-d6c0-410f-9da8-170816e9df33",
                    "bafe3b94-d7b2-42c6-8b2b-e59d66bafb56"
                ],
                "keywords": [
                    "问界M7",
                    "价格战",
                    "竞争",
                    "市场",
                    "挑战"
                ]
            }
        ],
        "theme": "价格成本"
    },
    {
        "advantage": [
            {
                "summary": "问界新M7在2024年被评为新势力车型年度销冠，累计交付量达195900台，显示出其在市场上的强大竞争力和消费者的认可。",
                "summary_topic": "销量表现优异",
                "uuid": [
                    "a7e93793-c548-460b-a903-4592b0c8b11d",
                    "9fc74c1c-3547-4134-ae7a-1c0e95c627c9",
                    "798c2682-a6ee-4123-aef7-9380a17faf74",
                    "5234db01-356e-46f4-85e0-1b2b6fae354d",
                    "a1b51eaf-2b02-4515-9704-117258d267e4"
                ],
                "keywords": [
                    "问界新M7",
                    "年度销冠",
                    "交付量",
                    "销量",
                    "市场竞争力"
                ]
            },
            {
                "summary": "问界M7被誉为国民SUV，凭借其智能化配置和华为品牌的科技背书，赢得了广大90后家庭的青睐。",
                "summary_topic": "智能配置优点",
                "uuid": [
                    "48dccb44-c681-45cc-b4b3-ce0aabe9d905",
                    "db04ad50-da27-49ca-9069-0dc45715019b",
                    "798c2682-a6ee-4123-aef7-9380a17faf74"
                ],
                "keywords": [
                    "问界新M7",
                    "国民SUV",
                    "智能化配置",
                    "华为品牌",
                    "90后家庭"
                ]
            },
            {
                "summary": "华为品牌对问界M9的销量起到了至关重要的作用，品牌力不仅仅是传统意义上的品牌力，而是反垄断、突破技术瓶颈的象征。",
                "summary_topic": "品牌力强大",
                "uuid": [
                    "acd393cd-159c-41dc-9a3d-c9c9ee837f36"
                ],
                "keywords": [
                    "华为品牌",
                    "销量",
                    "品牌力",
                    "市场表现"
                ]
            },
            {
                "summary": "问界作为高端新能源汽车品牌，通过与央视合作展示了其科技与豪华的结合，提升了品牌形象。",
                "summary_topic": "品牌形象佳",
                "uuid": [
                    "e79a80f7-9c9a-485e-a00c-a3e354b6c0da"
                ],
                "keywords": [
                    "高端新能源汽车",
                    "科技与豪华",
                    "品牌强国",
                    "央视合作"
                ]
            },
            {
                "summary": "问界M9在国内50万元以上豪华车市场中销量领先，显示出强大的品牌竞争力。",
                "summary_topic": "市场竞争力强",
                "uuid": [
                    "d99b993f-4f24-4d38-aed5-53adb2c2cb22"
                ],
                "keywords": [
                    "问界M9",
                    "销量",
                    "豪华车",
                    "市场表现"
                ]
            }
        ],
        "disadvantage": [
            {
                "summary": "问界M7因交通事故鉴定机构出具的报告被质疑，涉及刹车失灵问题，引发公众对其安全性的担忧。",
                "summary_topic": "安全性存疑",
                "uuid": [
                    "830cb35d-aea3-4ab5-8657-10fd82cd6cf1",
                    "53243a08-e27f-47cf-a821-b14cdf30f71f",
                    "baddce0a-3ed9-4518-af0f-054114ebc299",
                    "5fa22d8e-606d-4e80-918f-b8128e858b83"
                ],
                "keywords": [
                    "问界M7",
                    "交通事故",
                    "刹车失灵",
                    "安全性",
                    "鉴定报告"
                ]
            },
            {
                "summary": "问界M7在市场上存在价格定位不一致的问题，与理想L7相比，起售价较低，不符合华为的品牌调性。",
                "summary_topic": "价格定位问题",
                "uuid": [
                    "75779c54-d6c0-410f-9da8-170816e9df33"
                ],
                "keywords": [
                    "问界M7",
                    "理想L7",
                    "价格",
                    "品牌调性",
                    "改款降价"
                ]
            },
            {
                "summary": "华为品牌在问界M5的销量上未能发挥预期作用，显示出品牌力在不同车型上的不一致性。",
                "summary_topic": "品牌力不一致",
                "uuid": [
                    "acd393cd-159c-41dc-9a3d-c9c9ee837f36"
                ],
                "keywords": [
                    "问界M5",
                    "华为品牌",
                    "销量",
                    "品牌力"
                ]
            },
            {
                "summary": "华为品牌的快速发布节奏可能导致消费者难以跟上，影响品牌的长期稳定性。",
                "summary_topic": "发布节奏快",
                "uuid": [
                    "5175d54e-12ad-4704-9e08-c1acad2bff70"
                ],
                "keywords": [
                    "华为",
                    "节奏提速",
                    "品牌稳定性"
                ]
            }
        ],
        "theme": "品牌口碑"
    }
]