[
    {
        "overall_score": 85,
        "dimensions": [
            {
                "dimension": "智能驾驶",
                "score": 90
            },
            {
                "dimension": "商务外观",
                "score": 80
            },
            {
                "dimension": "舒适性",
                "score": 85
            },
            {
                "dimension": "品牌影响力",
                "score": 80
            }
        ],
        "keywords": [
            "商务",
            "智能驾驶",
            "舒适",
            "品牌"
        ],
        "uuid": [
            "fe883c85-c335-4a42-9f85-27ce0a1bd959",
            "3ba536f7-6e04-416a-b792-78fea6269703",
            "9fc48e5c-2137-4b74-a481-24716e5c7601",
            "43de4e42-ff3b-482d-8675-736865454c54",
            "9ee46d58-6993-4a3b-b5ae-324ca72ba88e"
        ],
        "scenario": "商务接待",
        "description": "用于接送客户、商务会议、出差等正式场合。"
    },
    {
        "overall_score": 85,
        "dimensions": [
            {
                "dimension": "奢华感",
                "score": 90
            },
            {
                "dimension": "驾驶乐趣",
                "score": 80
            },
            {
                "dimension": "社交展示",
                "score": 85
            }
        ],
        "keywords": [
            "奢华",
            "驾驶乐趣",
            "高端"
        ],
        "uuid": [
            "7a5531b2-3b60-4074-b14e-f36c8e10de2d",
            "8aced7a7-d379-4631-a974-781091c0c5dc",
            "e8245a1c-729e-487e-9721-efafa9c1021c",
            "9a96617b-6bf5-460b-8e14-e003e0417d79",
            "0f5a5ea6-a5ed-4c47-bfc0-6d3b0fcee9ad"
        ],
        "scenario": "高端奢华",
        "description": "用于展示身份、享受驾驶乐趣、参加高端社交活动。"
    },
    {
        "overall_score": 75,
        "dimensions": [
            {
                "dimension": "驾驶辅助",
                "score": 80
            },
            {
                "dimension": "舒适性",
                "score": 70
            },
            {
                "dimension": "经济性",
                "score": 75
            },
            {
                "dimension": "安全性",
                "score": 80
            }
        ],
        "keywords": [
            "智驾",
            "舒适",
            "经济",
            "安全",
            "老年人"
        ],
        "uuid": [
            "f7293979-9ff8-470c-ade7-15491bc51613",
            "c7f09e43-416d-4dc5-9bc6-42d160132667",
            "1a4b7328-9a96-4bea-8d68-988aea858518",
            "43555a07-c47c-4411-b677-5fdbf50c5bfe",
            "ed67f51b-db46-42a9-9ac6-130961c7129b"
        ],
        "scenario": "老年人代步",
        "description": "用于老年人日常出行、购物、就医等。"
    },
    {
        "overall_score": 85,
        "dimensions": [
            {
                "dimension": "动力性能",
                "score": 90
            },
            {
                "dimension": "智能驾驶",
                "score": 80
            },
            {
                "dimension": "空间与舒适性",
                "score": 85
            },
            {
                "dimension": "续航能力",
                "score": 80
            },
            {
                "dimension": "越野能力",
                "score": 75
            }
        ],
        "keywords": [
            "四驱",
            "自驾",
            "露营",
            "越野",
            "续航"
        ],
        "uuid": [
            "62f040c9-9802-43cb-8d07-e79e2ce7fa6c",
            "4918b162-0a21-40fc-a4f8-26b6198a6924",
            "d0ba9090-0959-4a62-95d9-2301e5676e89",
            "b52bb681-7dba-4568-9e30-c9a13111feb2",
            "6f084677-b8ed-434d-b32f-8cafac5c5382"
        ],
        "scenario": "户外探险",
        "description": "用于越野、露营、长途自驾等户外活动。"
    },
    {
        "overall_score": 65,
        "dimensions": [
            {
                "dimension": "智能化",
                "score": 80
            },
            {
                "dimension": "外观",
                "score": 40
            },
            {
                "dimension": "内饰",
                "score": 60
            },
            {
                "dimension": "驾驶体验",
                "score": 70
            },
            {
                "dimension": "价格",
                "score": 60
            }
        ],
        "keywords": [
            "智能驾驶",
            "外观设计",
            "内饰配置",
            "驾驶感受",
            "性价比"
        ],
        "uuid": [
            "9498c54e-21f4-4712-a471-183d669a7a5f",
            "b3fdd834-5e1f-4283-914a-5d1d18aeb12f",
            "87d128c2-1a9c-47b6-8a7b-a42155f99129",
            "c2c592e1-7190-4d51-957a-69144da54d28",
            "ddff04e8-ab78-467a-9927-c0c869130aa8"
        ],
        "scenario": "年轻个性",
        "description": "用于展示个性、社交、短途旅行等。"
    },
    {
        "overall_score": 75,
        "dimensions": [
            {
                "dimension": "能耗",
                "score": 80
            },
            {
                "dimension": "舒适性",
                "score": 70
            },
            {
                "dimension": "智驾",
                "score": 60
            },
            {
                "dimension": "驾驶感受",
                "score": 85
            },
            {
                "dimension": "续航",
                "score": 70
            }
        ],
        "keywords": [
            "通勤",
            "电耗",
            "续航",
            "智驾",
            "舒适"
        ],
        "uuid": [
            "ae36dd3f-c35e-4a03-bf54-f43e31752e20",
            "98a0b151-00d0-45be-b790-988f3b708b08",
            "4566f8a3-9047-4b40-b94f-cb07ca6868ea",
            "8ce3bb2a-157e-4504-ba5c-a0b90b452af0",
            "ea5c5a7f-56c8-4bd3-b6b3-3a17edb25741"
        ],
        "scenario": "城市通勤",
        "description": "用于日常上下班、短途出行等城市内活动。"
    },
    {
        "overall_score": 65,
        "dimensions": [
            {
                "dimension": "空间",
                "score": 70
            },
            {
                "dimension": "舒适性",
                "score": 60
            },
            {
                "dimension": "智驾",
                "score": 80
            },
            {
                "dimension": "能耗",
                "score": 60
            },
            {
                "dimension": "质量",
                "score": 40
            }
        ],
        "keywords": [
            "空间大",
            "舒适",
            "智驾",
            "续航",
            "轮胎磨损"
        ],
        "uuid": [
            "77d8315b-04cd-4b2f-8a14-b12666503dae",
            "891fe319-c08f-4ad6-adc7-564993d2cb76",
            "a787018e-8b5d-43f3-9f6c-5aee3ab93b61",
            "1fc50be6-1baf-45b7-853a-1096ef07967a",
            "7f45acbc-fbe7-40d3-bc3b-e8f23da86118"
        ],
        "scenario": "家庭出行",
        "description": "用于日常通勤、周末郊游、长途旅行等家庭活动。"
    }
]