[
    {
        "advantage": [
            {
                "summary": "用户对售后服务的态度表示满意，售后人员提供了热情和专业的服务，解决问题的效率高。",
                "summary_topic": "售后服务好",
                "uuid": [
                    "11f55b27-5c6a-426f-9668-62176d04b2ca",
                    "b4ba9d5f-9822-4d23-9e42-6ea8c6f17445",
                    "d202a1c5-1090-41e5-aadc-5a3bffd6c646"
                ],
                "keywords": [
                    "售后服务",
                    "服务态度",
                    "专业",
                    "热情"
                ]
            },
            {
                "summary": "一些用户对售后服务表示满意，认为服务人员态度良好，能够及时解决问题，提供了贴心的服务和赠品。",
                "summary_topic": "售后服务好",
                "uuid": [
                    "f5268395-f640-4dd5-bdc8-7ceb9df0f653",
                    "e9c20e43-f383-42a5-86d2-f65422947d63"
                ],
                "keywords": [
                    "售后服务",
                    "服务态度",
                    "贴心赠品",
                    "专车送"
                ]
            },
            {
                "summary": "售后服务中心提供及时的帮助和解决方案，用户对服务态度表示满意。",
                "summary_topic": "售后服务好",
                "uuid": [
                    "d202a1c5-1090-41e5-aadc-5a3bffd6c646",
                    "b4ba9d5f-9822-4d23-9e42-6ea8c6f17445"
                ],
                "keywords": [
                    "售后服务",
                    "服务态度",
                    "解决方案"
                ]
            },
            {
                "summary": "华为充电桩安装过程紧凑合理，施工质量高，收费公平，获得小区物业和其他品牌车主的赞扬。",
                "summary_topic": "充电桩安装好",
                "uuid": [
                    "63018b6f-7925-4770-8f55-5d813a617b1c"
                ],
                "keywords": [
                    "充电桩安装",
                    "施工质量",
                    "收费合理",
                    "充电桩保护箱",
                    "立柱"
                ]
            }
        ],
        "disadvantage": [
            {
                "summary": "许多用户对售后服务表示不满，认为售后服务态度差，推诿责任，问题解决不及时，甚至没有解决方案。",
                "summary_topic": "售后服务差",
                "uuid": [
                    "3a78fee1-d48b-47d5-8708-c2ce8f373bd1",
                    "e303e9f2-0b01-4b29-b888-898b05df80c2",
                    "638ca88e-0617-477f-9d77-ac8cec62cc3f",
                    "b3f2ee7f-d033-492d-bb3e-2011e63e7824",
                    "77c9c6b5-a39e-4918-9083-dd55259acb1b"
                ],
                "keywords": [
                    "售后服务",
                    "推诿责任",
                    "问题解决",
                    "态度差"
                ]
            },
            {
                "summary": "售后服务混乱，客户服务差，交付专员不负责任，售后问题得不到解决。",
                "summary_topic": "售后服务差",
                "uuid": [
                    "0a9cc4bf-ac37-4a91-aba2-91c6460eb1d3",
                    "0138d52d-accb-455f-9abb-00c68f449a91",
                    "9de6398d-a1ae-4329-8f16-f5c3166fba22",
                    "4f5cde7d-f4bf-43af-bcc3-7971eab46631",
                    "af3a0e0f-247c-4220-bcf5-c4ca9484ec99"
                ],
                "keywords": [
                    "售后服务",
                    "客户服务",
                    "交付专员",
                    "用户关怀",
                    "售后问题"
                ]
            },
            {
                "summary": "用户反映在售后过程中遇到沟通不畅的问题，客服和服务人员之间缺乏协调，导致问题解决效率低下。",
                "summary_topic": "沟通不畅",
                "uuid": [
                    "b3f2ee7f-d033-492d-bb3e-2011e63e7824",
                    "638ca88e-0617-477f-9d77-ac8cec62cc3f",
                    "77c9c6b5-a39e-4918-9083-dd55259acb1b"
                ],
                "keywords": [
                    "沟通不畅",
                    "客服",
                    "服务人员",
                    "协调问题"
                ]
            },
            {
                "summary": "一些用户指出售后服务中心的服务意识差，服务态度不佳，甚至出现推诿和不负责任的情况。",
                "summary_topic": "服务意识差",
                "uuid": [
                    "3a78fee1-d48b-47d5-8708-c2ce8f373bd1",
                    "638ca88e-0617-477f-9d77-ac8cec62cc3f",
                    "77c9c6b5-a39e-4918-9083-dd55259acb1b"
                ],
                "keywords": [
                    "服务意识",
                    "态度不佳",
                    "推诿",
                    "不负责任"
                ]
            },
            {
                "summary": "用户对售后服务的响应速度表示不满，认为问题反馈后没有得到及时处理，售后效率低下。",
                "summary_topic": "售后效率低",
                "uuid": [
                    "3a78fee1-d48b-47d5-8708-c2ce8f373bd1",
                    "638ca88e-0617-477f-9d77-ac8cec62cc3f",
                    "77c9c6b5-a39e-4918-9083-dd55259acb1b"
                ],
                "keywords": [
                    "响应速度",
                    "问题反馈",
                    "处理不及时",
                    "效率低下"
                ]
            }
        ],
        "theme": "售后服务"
    },
    {
        "advantage": [
            {
                "summary": "问界M7的内饰设计被多次提及为优点，内饰用料豪华，座椅舒适，车内空间宽敞，尤其是后排座椅的舒适性和空间表现良好。",
                "summary_topic": "内饰设计好",
                "uuid": [
                    "a787018e-8b5d-43f3-9f6c-5aee3ab93b61",
                    "b20f42ca-10fc-47db-a732-6532d3088f25",
                    "d90f6a91-c323-49df-8520-5cdc83fc7a5e",
                    "23b794ff-ab40-4f81-93ec-d074b30ccf29",
                    "b5b1428f-4665-4ffd-b05e-7e89d6fd42ba"
                ],
                "keywords": [
                    "内饰",
                    "豪华",
                    "舒适",
                    "空间",
                    "座椅"
                ]
            },
            {
                "summary": "问界M7的外观设计被部分用户认为大气，适合家庭和商务使用，尤其是车身线条和整体设计被认为稳重。",
                "summary_topic": "外观设计稳重",
                "uuid": [
                    "23b794ff-ab40-4f81-93ec-d074b30ccf29",
                    "b5b1428f-4665-4ffd-b05e-7e89d6fd42ba",
                    "b20f42ca-10fc-47db-a732-6532d3088f25",
                    "d90f6a91-c323-49df-8520-5cdc83fc7a5e",
                    "bceea00d-64cd-41e0-b9bb-559873599dc8"
                ],
                "keywords": [
                    "外观",
                    "大气",
                    "稳重",
                    "设计",
                    "车身线条"
                ]
            },
            {
                "summary": "问界M7的外观被描述为大气、耐看，尤其是黑色外观被认为具有质感和稳重感。车身设计虽然中庸，但在某些用户眼中显得大气且适合家庭使用。",
                "summary_topic": "外观大气稳重",
                "uuid": [
                    "b31f0cbb-73e2-447d-9c02-d9c45b9c166c",
                    "fdc85e8d-5980-4431-a7ce-0972783fdb63",
                    "d802806f-72be-4045-a604-4db64d41abec",
                    "e672c7c3-91d3-45a4-9778-feeb5df24672",
                    "e7eb03ea-5d2e-46c1-8b84-4c1b31c50440"
                ],
                "keywords": [
                    "外观",
                    "大气",
                    "稳重",
                    "黑色",
                    "质感"
                ]
            },
            {
                "summary": "内饰被描述为豪华、舒适，尤其是座椅的舒适性和内饰的高级感受到用户的好评。内饰设计的豪华感和用料的高级感让用户感到满意。",
                "summary_topic": "内饰豪华舒适",
                "uuid": [
                    "fdc85e8d-5980-4431-a7ce-0972783fdb63",
                    "d4522ac2-68cc-484a-a2e7-fd2b2d000b5f",
                    "e9a39c0a-f308-4812-8b7b-cc65cd03a8cf",
                    "e9e4fc03e-babe-47b6-99c7-dd63f8afdf50",
                    "f8e5a031-e3b2-4553-8b4a-d3d8bea7dd3d"
                ],
                "keywords": [
                    "内饰",
                    "豪华",
                    "舒适",
                    "座椅",
                    "高级感"
                ]
            },
            {
                "summary": "外观设计大气，整体外观耐看，特别是黑色和银色的搭配显得高贵和稳重，适合商务用途。",
                "summary_topic": "外观设计大气",
                "uuid": [
                    "b618968a-55e1-4e51-be45-55d1129612ef",
                    "4a3bf311-3108-4b9e-8ed8-10385bd33246",
                    "7d02751d-0578-4182-bb09-c08802e2bdbd",
                    "e8245a1c-729e-487e-9721-efafa9c1021c",
                    "b1f830d4-176c-4d4f-9a34-3b6754b7d4b4"
                ],
                "keywords": [
                    "外观",
                    "大气",
                    "耐看",
                    "黑色",
                    "银色"
                ]
            }
        ],
        "disadvantage": [
            {
                "summary": "问界M7的外观设计被部分用户批评为过于中庸和老气，缺乏现代感和创新，尤其是前脸设计不被看好。",
                "summary_topic": "外观设计老气",
                "uuid": [
                    "5ac47cab-e0ab-4b12-b14f-aed9627b0edd",
                    "db7be367-8324-4d3c-a634-682b0c1057d2",
                    "0e242bdc-702a-401c-afee-3a7d525545d1",
                    "c659dd22-82d3-4cc0-8a1d-1fff5ff6d508",
                    "f02a45da-4e83-4dc5-a0d1-8505e68f1a8e"
                ],
                "keywords": [
                    "外观",
                    "中庸",
                    "老气",
                    "前脸",
                    "设计"
                ]
            },
            {
                "summary": "问界M7的车身设计存在问题，尤其是底盘和车身晃动被用户多次提及，影响驾驶体验。",
                "summary_topic": "车身设计差",
                "uuid": [
                    "f6addd41-def6-46f1-bf50-87d19e44df6a",
                    "bceea00d-64cd-41e0-b9bb-559873599dc8",
                    "8b00fed3-88b4-49b7-9e9a-ad747650fd7d",
                    "87edb1ff-ac7f-4b4f-9038-c28fac832a4f",
                    "d2e24420-5a8c-49b2-87b8-c695ba311a00"
                ],
                "keywords": [
                    "底盘",
                    "晃动",
                    "车身",
                    "驾驶体验",
                    "设计"
                ]
            },
            {
                "summary": "一些用户对问界M7的外观设计不太满意，认为其设计中庸，甚至有些用户认为外观丑陋，影响了购买欲望。",
                "summary_topic": "外观设计中庸",
                "uuid": [
                    "82de82e4-dcc8-462a-8879-f4486c5c97b7",
                    "e38433ae-6388-44d1-a4e3-442886bb0693",
                    "f9b5a131-37e6-427d-85af-31f4edf6d393",
                    "eb21dde4-0de6-4479-a86a-3b4cf80bb8d8",
                    "dc03b3a8-1f5b-45fb-b2ac-9616cc6156ed"
                ],
                "keywords": [
                    "外观",
                    "中庸",
                    "丑",
                    "设计"
                ]
            },
            {
                "summary": "一些用户对问界M7的外观细节不满，尤其是车灯设计和车身比例被认为不协调，影响整体美观。",
                "summary_topic": "外观细节不佳",
                "uuid": [
                    "7f56a337-3be2-4610-8ec0-a3056a881424",
                    "e610cb03-c898-473a-acf1-fb83eee6a2ed",
                    "f621c2ed-7820-4e2b-abcc-9fb28de4cac5",
                    "c07c99cd-e05c-453f-a1d7-a4f091d0878d",
                    "c8d13dac-6ea7-4719-a50d-4f90abd1dacb"
                ],
                "keywords": [
                    "车灯",
                    "车身比例",
                    "不协调",
                    "美观"
                ]
            },
            {
                "summary": "外观设计不够吸引人，部分用户认为外观设计过于中庸，缺乏现代感和科技感。",
                "summary_topic": "外观设计平庸",
                "uuid": [
                    "7208dced-916c-490d-b0f1-14f187ec5d25",
                    "d2292a59-4e9e-4485-af68-0fa531843299",
                    "9177643f-b911-4c70-93c5-ce51bd01d128",
                    "c9ee9dbd-a698-467f-b0b6-6902a65444ed",
                    "a8d291c5-db3a-4dc1-bb82-439c9b148996"
                ],
                "keywords": [
                    "外观",
                    "设计",
                    "中庸",
                    "现代感",
                    "科技感"
                ]
            }
        ],
        "theme": "外观内饰"
    },
    {
        "advantage": [
            {
                "summary": "问界M7的空间表现非常出色，车内空间宽敞，适合家庭出行，尤其是六座布局提供了更多的乘坐选择。",
                "summary_topic": "空间表现出色",
                "uuid": [
                    "23b794ff-ab40-4f81-93ec-d074b30ccf29",
                    "a787018e-8b5d-43f3-9f6c-5aee3ab93b61",
                    "d8c3de36-7ab4-40c8-bf21-f07de9f224a9",
                    "baa6cfff-560c-4d19-98fd-3be77c561581",
                    "f258dafe-bad9-40f3-ac3d-8dafe0ac2164"
                ],
                "keywords": [
                    "空间大",
                    "六座布局",
                    "乘坐舒适",
                    "后备箱",
                    "家庭出行"
                ]
            },
            {
                "summary": "问界M7的空间非常宽敞，后排座椅舒适，适合家庭出行，后备箱空间大。",
                "summary_topic": "空间宽敞舒适",
                "uuid": [
                    "23398fa8-1d8b-4f9c-97ef-8d334170c853",
                    "9b7a809c-8310-4fc8-bdaf-f4f5ecd2486f",
                    "fa8c39aa-4566-4a35-8d83-820d29512ee4",
                    "485c5b81-c96b-4736-8e79-2f8f9d47c52d",
                    "54707eed-6e4f-409b-88e8-3eb93d698909"
                ],
                "keywords": [
                    "空间",
                    "后排座椅",
                    "舒适",
                    "后备箱"
                ]
            },
            {
                "summary": "M7的座椅舒适性极佳，尤其是前后排座椅的通风加热按摩功能，提升了乘坐体验。",
                "summary_topic": "座椅舒适性好",
                "uuid": [
                    "7dccd855-664b-4d09-a543-c8972d775d0c",
                    "fa8c39aa-4566-4a35-8d83-820d29512ee4",
                    "485c5b81-c96b-4736-8e79-2f8f9d47c52d",
                    "54707eed-6e4f-409b-88e8-3eb93d698909",
                    "76ac9ef0-6ee0-4e46-a7c8-0b1949297d1f"
                ],
                "keywords": [
                    "座椅舒适",
                    "通风加热按摩",
                    "乘坐体验"
                ]
            },
            {
                "summary": "M7的空间设计被认为比理想one更好，特别是零重力座椅的设计增加了舒适性，尽管第三排空间有限，但整体空间利用率高。",
                "summary_topic": "空间设计好",
                "uuid": [
                    "6f437f50-9f33-42ac-a59c-da91ee397b09",
                    "e1b122e9-5ced-4f19-9f17-a6a796ebeea6",
                    "54838155-7d86-42dc-8486-7beea515efec",
                    "c2d8cde9-5d06-4a86-a7d3-c57a54ef2285",
                    "7e2c0c0b-449f-432e-8195-3e67ff85ff73"
                ],
                "keywords": [
                    "空间",
                    "零重力座椅",
                    "舒适性",
                    "空间利用率"
                ]
            },
            {
                "summary": "M7的后排座椅舒适性较高，特别是零重力座椅的设计被多次提及为优势，提供了更好的乘坐体验。",
                "summary_topic": "后排舒适好",
                "uuid": [
                    "cd76d0a0-8a0c-40f1-b0c9-254279e52f44",
                    "66909ffd-c635-49e1-913e-715d23a4dfc0",
                    "5a409b90-b15c-4cd2-b582-b3ed858ff5c8",
                    "e05a5e92-c980-44e9-9840-af65d22e61c4",
                    "e1b50c00-1ceb-4b73-82c2-068887f7be4f"
                ],
                "keywords": [
                    "零重力座椅",
                    "舒适性",
                    "乘坐体验"
                ]
            }
        ],
        "disadvantage": [
            {
                "summary": "问界M7在颠簸路面时车身晃动较大，乘坐舒适性受到影响，尤其是后排乘客容易感到晕车。",
                "summary_topic": "车身晃动较大",
                "uuid": [
                    "580b368e-b684-409a-9e3d-748117bed1c9",
                    "f846c4cf-5d3a-4ebf-8116-91d24787a88a",
                    "77d8315b-04cd-4b2f-8a14-b12666503dae",
                    "f40c4751-d1f2-41a2-9660-b8b45583d9cf",
                    "d07e0def-9894-43be-9389-a2823876d16e"
                ],
                "keywords": [
                    "车身晃动",
                    "颠簸路面",
                    "晕车",
                    "舒适性",
                    "后排"
                ]
            },
            {
                "summary": "M7的第三排空间被认为较小，特别是在满载情况下，后备箱空间也显得不足，影响长途旅行的舒适性。",
                "summary_topic": "第三排空间差",
                "uuid": [
                    "f08bb036-311c-4830-bdc5-5e8e0560e07e",
                    "8cea1c59-43dd-4f43-a26a-9e3c9f87661c",
                    "0f507f6b-7b24-4cb9-8a92-0e18a7c42553",
                    "50ae7fc7-42af-4e52-8ae5-3047406281c7",
                    "e43e4ba5-bced-459e-b54e-66a5fc9dc837"
                ],
                "keywords": [
                    "第三排",
                    "后备箱",
                    "空间不足"
                ]
            },
            {
                "summary": "M7的轴距较短被认为影响了整体空间的设计，导致部分乘客座位舒适性不足，特别是在长途旅行中。",
                "summary_topic": "轴距设计差",
                "uuid": [
                    "8418687c-5e6d-4157-823c-fc58cf354b43",
                    "9a7c4fd7-ae1f-4df6-96a1-721f05b34a27",
                    "f8224e2e-c2d5-40e8-b9fe-cdc134325501",
                    "eec58bbb-080e-4b32-acb8-ce6a97712e38",
                    "d0232252-b4e4-448e-a9db-268154fa3444"
                ],
                "keywords": [
                    "轴距",
                    "空间设计",
                    "舒适性不足"
                ]
            },
            {
                "summary": "M7在行驶过程中，尤其是过减速带时，车身晃动明显，影响乘坐舒适性。",
                "summary_topic": "车身晃动明显",
                "uuid": [
                    "17d308ee-9396-4244-bcf8-ed095c03d5b5",
                    "8e8a2a5d-ef3b-45a4-b8dd-994005df844e",
                    "875df370-2037-409f-a9ba-af5f28570412",
                    "43cf07e0-9b18-4932-8517-c05fe0cbe03e"
                ],
                "keywords": [
                    "晃动",
                    "减速带",
                    "舒适性"
                ]
            },
            {
                "summary": "问界M7的后排空间在长途旅行中可能不够舒适，尤其是第三排座椅。",
                "summary_topic": "后排空间不足",
                "uuid": [
                    "791b25c2-7b5b-43d2-8027-2a8ce0f6e4d9",
                    "3728ccea-2fdb-4988-ba1f-041732496a5a",
                    "9af7fb95-1db2-4a7b-9bc5-189f28939e7f",
                    "3490c424-92e7-42ae-93ad-c0cdfe964216"
                ],
                "keywords": [
                    "后排空间",
                    "第三排座椅",
                    "舒适性"
                ]
            }
        ],
        "theme": "空间舒适"
    },
    {
        "advantage": [
            {
                "summary": "问界品牌在市场上的表现得到了广泛认可，其销量增长迅速，尤其是在短时间内实现了大幅度的订单增长，显示出品牌的强大吸引力和市场竞争力。",
                "summary_topic": "品牌销量好",
                "uuid": [
                    "a14077ff-a49a-4777-afe0-07777751e663",
                    "00124ab6-5db5-471f-bc41-a20cdb299117",
                    "8ed17756-05ab-430e-ab1b-24035adfbf0d",
                    "6446d71a-78e6-435d-87a8-bd3017c981c8",
                    "32dffd72-475c-4764-808a-570da2f94c0b"
                ],
                "keywords": [
                    "销量",
                    "品牌效应",
                    "市场表现",
                    "订单增长"
                ]
            },
            {
                "summary": "华为的品牌影响力和技术实力为问界提供了强有力的支持，使其在市场上获得了良好的口碑，消费者对其产品的信任度较高。",
                "summary_topic": "品牌影响力强",
                "uuid": [
                    "7459b601-829c-4495-ac99-9ad0a0e239f4",
                    "50f9f630-1629-45de-8dd7-e4a636d0b8ee",
                    "b974069d-8f70-49eb-a929-9c0cd25e8629",
                    "861623ed-0d57-4f20-bf92-7b6f97b8d4e5",
                    "c920f856-0453-4725-9160-1234293a1238"
                ],
                "keywords": [
                    "华为",
                    "品牌影响力",
                    "技术实力",
                    "市场认可"
                ]
            },
            {
                "summary": "华为品牌的影响力和支持增强了问界的市场认可度，许多消费者因为信任华为而选择问界汽车。",
                "summary_topic": "品牌影响力强",
                "uuid": [
                    "9471b831-b8a6-49c3-a837-f8e7cb22ce1a",
                    "e986b9bb-c40e-4edf-99e3-144b364d32fd",
                    "e2800854-accc-4168-854d-a6720bf95e7e",
                    "4a614bce-588e-4eef-9077-ad6ac0f5f9e4",
                    "e09590a1-d70a-458f-b49c-78a8d0d44fd4"
                ],
                "keywords": [
                    "华为",
                    "品牌",
                    "信任",
                    "影响力",
                    "支持"
                ]
            },
            {
                "summary": "问界M7的车机系统和智能座舱因华为的技术支持而备受好评，用户体验良好。",
                "summary_topic": "车机体验好",
                "uuid": [
                    "e05a5e92-c980-44e9-9840-af65d22e61c4",
                    "e986b9bb-c40e-4edf-99e3-144b364d32fd",
                    "e2800854-accc-4168-854d-a6720bf95e7e",
                    "4a614bce-588e-4eef-9077-ad6ac0f5f9e4",
                    "e09590a1-d70a-458f-b49c-78a8d0d44fd4"
                ],
                "keywords": [
                    "车机系统",
                    "智能座舱",
                    "华为",
                    "体验",
                    "鸿蒙"
                ]
            },
            {
                "summary": "华为品牌影响力强，吸引了大量消费者关注和购买问界M7，品牌效应显著。",
                "summary_topic": "品牌影响力强",
                "uuid": [
                    "c36c2018-b532-4383-8633-0cd917ed73fa",
                    "e1eba40a-e051-4df4-ba14-653a4bb991f5",
                    "5e5ee9c8-6fd0-4aa4-99e3-1278bbcf9fd2"
                ],
                "keywords": [
                    "华为",
                    "品牌影响力",
                    "问界",
                    "消费者"
                ]
            }
        ],
        "disadvantage": [
            {
                "summary": "问界品牌在交付过程中存在延迟问题，导致消费者的不满和投诉，影响了品牌的声誉和客户体验。",
                "summary_topic": "交付延迟差",
                "uuid": [
                    "6892bba0-651a-418b-b8c1-a844f7419db7",
                    "73ebae56-60ad-4842-9ad9-8b4112046ad7",
                    "081b0855-e5b7-41f7-8980-c1837a838306",
                    "25cd81f2-49bb-4d09-bb96-d90d16081fed",
                    "09d22a50-6fee-4945-b503-3b19685773e8"
                ],
                "keywords": [
                    "交付延迟",
                    "客户服务",
                    "定金退还",
                    "投诉"
                ]
            },
            {
                "summary": "问界品牌的某些车型在质量和做工上存在问题，消费者对其产品的可靠性表示担忧，影响了品牌的整体形象。",
                "summary_topic": "产品质量差",
                "uuid": [
                    "b0ec9a9e-7337-4c84-ac09-bd707735c020",
                    "fe27f3d5-8f2b-4ef2-99de-07efc1c3a2ac",
                    "e492042b-83ff-4cfb-b9bf-a646412c3daa",
                    "f482af62-030a-4288-beef-741326829b34",
                    "c1bd3028-a555-479b-84c3-2861f6703b37"
                ],
                "keywords": [
                    "质量",
                    "做工",
                    "可靠性",
                    "品控"
                ]
            },
            {
                "summary": "问界M7在碰撞测试中A柱变形引发了消费者对其安全性的质疑，影响品牌口碑。",
                "summary_topic": "安全性受质疑",
                "uuid": [
                    "d52e5531-764d-4287-9901-72da13e7ea48",
                    "fe265dda-10d0-4797-bfa9-030bde860bd4",
                    "d3f8aae6-838d-40ec-85e7-715ebbd9acdb",
                    "d3343e46-0e30-4503-ad9e-1d60ad60d8da",
                    "d8954f07-d5aa-4ae8-b1fe-40f33d0da512"
                ],
                "keywords": [
                    "A柱",
                    "安全性",
                    "碰撞测试",
                    "中保研",
                    "变形"
                ]
            },
            {
                "summary": "问界M7被指控是东风风光ix7的换壳车型，这种说法影响了品牌的独立性和市场形象。",
                "summary_topic": "换壳车型质疑",
                "uuid": [
                    "99364b35-7ba0-434a-b821-d0e720a46202",
                    "67e9975a-337e-49ea-ba5b-133decd6e0d5",
                    "d0232252-b4e4-448e-a9db-268154fa3444",
                    "93716abb-c54b-4d14-bf3c-d6eed1fb6f1a",
                    "30c0e8fd-542a-49bd-a8ac-0cb9877ba123"
                ],
                "keywords": [
                    "换壳",
                    "东风风光ix7",
                    "品牌形象",
                    "质疑",
                    "车型"
                ]
            },
            {
                "summary": "问界品牌在事故处理和售后服务方面存在问题，消费者体验不佳。",
                "summary_topic": "售后服务差",
                "uuid": [
                    "847ef6c9-005f-447e-8970-29e5a4c98e61",
                    "b82547b3-c9a4-49e6-9c06-8b319dac5505",
                    "203a2918-5f47-4bc8-9e40-f203fd5fa47b"
                ],
                "keywords": [
                    "售后服务",
                    "事故处理",
                    "消费者体验"
                ]
            }
        ],
        "theme": "品牌口碑"
    },
    {
        "advantage": [
            {
                "summary": "华为智驾系统在高速和高架上的表现被多次提及，用户普遍认为其在变道、超车和拥堵跟车方面表现出色，提供了良好的驾驶体验。",
                "summary_topic": "智驾表现好",
                "uuid": [
                    "23927e9e-66d3-41ad-a5f3-5ae72a0d5782",
                    "b4ba9d5f-9822-4d23-9e42-6ea8c6f17445",
                    "a123161c-f533-4ae1-99fa-64ff9078030c",
                    "70befce0-b118-4ae3-a55d-c179b3690995",
                    "b69dec68-aee3-4f0d-b5eb-50aaa177f36a"
                ],
                "keywords": [
                    "智驾",
                    "高速",
                    "变道",
                    "超车",
                    "拥堵跟车"
                ]
            },
            {
                "summary": "问界M7的智能驾驶系统在高速行驶中表现出色，用户称其为“遥遥领先”，并且在长途驾驶中提供了极大的便利和安全感。",
                "summary_topic": "智驾体验好",
                "uuid": [
                    "23927e9e-66d3-41ad-a5f3-5ae72a0d5782",
                    "b4ba9d5f-9822-4d23-9e42-6ea8c6f17445",
                    "a123161c-f533-4ae1-99fa-64ff9078030c",
                    "70befce0-b118-4ae3-a55d-c179b3690995",
                    "b69dec68-aee3-4f0d-b5eb-50aaa177f36a"
                ],
                "keywords": [
                    "智能驾驶",
                    "高速",
                    "安全",
                    "便利",
                    "遥遥领先"
                ]
            },
            {
                "summary": "问界M7的智能驾驶系统被多次提及为遥遥领先，用户体验非常好，尤其是在高速和城市驾驶中表现出色。",
                "summary_topic": "智能驾驶领先",
                "uuid": [
                    "62019c4e-ded0-4ccb-b443-5c1c965ba9ff",
                    "8c78e40f-591f-4d3a-9be1-56a0ebf2f2e6",
                    "b68831e6-d433-4d9c-b257-3b6c3de66666",
                    "9ad0e92f-ec03-443f-a9bf-4902013dfcde",
                    "390a8102-f605-46fd-831b-821c82ebef6b"
                ],
                "keywords": [
                    "智能驾驶",
                    "遥遥领先",
                    "高速",
                    "城市驾驶"
                ]
            },
            {
                "summary": "问界M7的车机系统被用户称赞为流畅，语音识别准确，功能强大，尤其是与华为手机的联动性好。",
                "summary_topic": "车机系统流畅",
                "uuid": [
                    "2305753f-451e-417f-b5bc-c905a7cea17f",
                    "8ad94350-5927-4dcf-84bb-5c0cfc27ed5e",
                    "c54c3bce-8dc1-4599-86f4-b8fb2285d123",
                    "9ad0e92f-ec03-443f-a9bf-4902013dfcde",
                    "ced0eff6-b591-41e5-8218-bc10cfa6098f"
                ],
                "keywords": [
                    "车机系统",
                    "流畅",
                    "语音识别",
                    "华为手机"
                ]
            },
            {
                "summary": "问界M7的鸿蒙车机系统被多次提及为其智能化的亮点，用户称其为天花板级别，流畅性和语音交互能力超群，能够实现手机与车机的无缝流转，提供便捷的智能体验。",
                "summary_topic": "车机体验好",
                "uuid": [
                    "dca31e68-be62-4e27-81cd-ae18aac4bbea",
                    "bfc0366b-d4c3-466a-9f23-a1918c3e8c81",
                    "be992574-1d9f-4a8c-98be-a94e9b59bfb0",
                    "2f185c81-0bd9-4c53-9dbb-cf4df75aa126",
                    "c73a85cc-581e-4ed3-a93f-cb457b2592a7"
                ],
                "keywords": [
                    "鸿蒙车机",
                    "智能座舱",
                    "语音交互",
                    "流畅",
                    "无缝流转"
                ]
            }
        ],
        "disadvantage": [
            {
                "summary": "用户反馈在使用智能驾驶时，系统有时会出现不稳定的情况，例如在高速上突然加速或减速，导致驾驶体验不佳。",
                "summary_topic": "智驾不稳定",
                "uuid": [
                    "b57898d3-903a-4bff-ab8f-6376b0b602e6",
                    "d39c3df1-d89e-4749-b435-87aca38198e4",
                    "b69dec68-aee3-4f0d-b5eb-50aaa177f36a",
                    "70befce0-b118-4ae3-a55d-c179b3690995",
                    "b4ba9d5f-9822-4d23-9e42-6ea8c6f17445"
                ],
                "keywords": [
                    "智能驾驶",
                    "不稳定",
                    "加速",
                    "减速",
                    "驾驶体验"
                ]
            },
            {
                "summary": "在某些情况下，智能驾驶系统的安全性受到质疑，用户担心其在复杂路况下的表现不够可靠。",
                "summary_topic": "智驾安全差",
                "uuid": [
                    "b57898d3-903a-4bff-ab8f-6376b0b602e6",
                    "d39c3df1-d89e-4749-b435-87aca38198e4",
                    "b69dec68-aee3-4f0d-b5eb-50aaa177f36a",
                    "70befce0-b118-4ae3-a55d-c179b3690995",
                    "b4ba9d5f-9822-4d23-9e42-6ea8c6f17445"
                ],
                "keywords": [
                    "智能驾驶",
                    "安全性",
                    "复杂路况",
                    "可靠性",
                    "质疑"
                ]
            },
            {
                "summary": "部分用户反映问界M7的智能驾驶功能在某些情况下不够稳定，尤其是在复杂路况下表现不佳。",
                "summary_topic": "智能驾驶不稳",
                "uuid": [
                    "9e17ec7d-1425-4a24-a1b3-bb2f09470856",
                    "91e06c58-b8f6-4dd9-a505-06b774013acf",
                    "b68831e6-d433-4d9c-b257-3b6c3de66666",
                    "eecc06a7-bb15-4420-a5df-387c7720637b",
                    "f751cd98-c205-4f7a-8aaf-bd6950fdbb4a"
                ],
                "keywords": [
                    "智能驾驶",
                    "稳定性",
                    "复杂路况"
                ]
            },
            {
                "summary": "问界M7的车机系统在某些情况下会出现卡顿和死机，影响用户体验。",
                "summary_topic": "车机系统卡顿",
                "uuid": [
                    "2807759a-52ae-4065-9165-d327e3d48ddb",
                    "c89718da-4c70-47bc-bdfd-f36053c28b6c",
                    "f8452388-8b9a-4b5f-9f54-4303b9e45f4b",
                    "c54c3bce-8dc1-4599-86f4-b8fb2285d123",
                    "9ad0e92f-ec03-443f-a9bf-4902013dfcde"
                ],
                "keywords": [
                    "车机系统",
                    "卡顿",
                    "死机"
                ]
            },
            {
                "summary": "问界M7的低速提示音被用户批评为影响车内驾驶体验，声音过大且无法关闭，导致长时间驾驶时感到不适。",
                "summary_topic": "低速提示音差",
                "uuid": [
                    "e3b1ddb0-0196-4a03-bc86-cf981ab4ea0b",
                    "79220f32-af47-443c-853c-01ced5c4445d",
                    "9b62d9d8-11a1-4c84-accc-9de3b9826dab",
                    "17f05476-16b0-4430-9eff-8ec11cd509c5"
                ],
                "keywords": [
                    "低速提示音",
                    "驾驶体验",
                    "声音大",
                    "不适"
                ]
            }
        ],
        "theme": "智能系统"
    },
    {
        "advantage": [
            {
                "summary": "多种优惠政策使得购买价格更具吸引力，包括积分抵扣、现金优惠、赠送充电桩等。",
                "summary_topic": "价格优惠多",
                "uuid": [
                    "6b7ef425-5048-40ef-ba17-ea5b9a50ab07",
                    "8043bb27-dc87-4540-ac74-9d09588bfd2a",
                    "51c733af-546f-4851-a8b0-09daa2327742",
                    "8b2202cb-be85-4344-8f34-d522fb35386f",
                    "9f74242c-7b3e-43f8-8bc9-9a4932b3f2ae",
                    "d05bbf98-5bd0-42db-8705-9645b1a1de42",
                    "f1512b65-8841-4fe1-89cf-5584580ea609",
                    "87e35eee-0719-4017-91f0-406b1a17ed04",
                    "0fd2d144-0c2c-40fb-af6f-b3bf09d4591e"
                ],
                "keywords": [
                    "优惠",
                    "积分",
                    "现金抵扣",
                    "赠送充电桩",
                    "补贴"
                ]
            },
            {
                "summary": "问界M7在价格方面提供了优惠政策，部分版本降价2万元，吸引了消费者的关注。这种价格调整使得该车型在市场上更具竞争力。",
                "summary_topic": "价格优惠吸引",
                "uuid": [
                    "5e5ee9c8-6fd0-4aa4-99e3-1278bbcf9fd2",
                    "c56b6df2-8e44-4789-a3de-5ec30fbb1e83",
                    "30026ba3-a91c-4ab7-99b7-bfa78c85e234",
                    "23c55875-3694-4d30-8f7d-3c7f601615b6",
                    "930d8620-7292-414d-a72d-e1cf1d4eec1d"
                ],
                "keywords": [
                    "降价",
                    "优惠",
                    "价格",
                    "吸引"
                ]
            },
            {
                "summary": "问界M7的价格在市场上具有竞争力，尤其是在一些优惠政策和补贴的支持下，消费者可以享受到较为实惠的购车成本。",
                "summary_topic": "价格优惠大",
                "uuid": [
                    "c350451b-02be-46a6-82cf-df8564133700",
                    "d9dc23e9-2998-4207-a053-1c675509c2be",
                    "d7bdcf9f-e26f-4d18-8c47-284438c3ef21",
                    "dba56f60-0de1-41fa-9cc8-1ddfb95e5c4c",
                    "1ad20479-1fc1-472b-81cc-ce66abcceb7a"
                ],
                "keywords": [
                    "优惠",
                    "补贴",
                    "价格",
                    "购车成本"
                ]
            },
            {
                "summary": "问界M7的能耗表现较好，尤其是在高速行驶时的油耗表现，整体使用成本较低。",
                "summary_topic": "能耗表现好",
                "uuid": [
                    "5f44166e-7165-42a3-8157-308ab058b0b6",
                    "b93c1f50-008f-4913-8336-b5765111b08d",
                    "6bd1df94-0bc5-46ff-9d4f-48e5206ab307",
                    "d95edd3b-6dad-4e93-b5df-3dc48e99463b",
                    "3290d3fd-3f27-48e4-a538-139dcd4164f3"
                ],
                "keywords": [
                    "油耗",
                    "能耗",
                    "使用成本",
                    "高速"
                ]
            },
            {
                "summary": "问界M7提供了多种优惠政策和补贴，包括现金优惠、权益包、政府补贴等，使得购车成本降低，性价比提升。",
                "summary_topic": "购车优惠多",
                "uuid": [
                    "d969486d-2369-4f35-bc78-1d7399cae855",
                    "c7cb99b5-a760-444c-bed9-abdfbf5c7693",
                    "13bf51e6-b626-4260-9260-0c4ed3636531",
                    "0c41d3cf-37d3-4452-80c3-713b20c1469d",
                    "8c833d96-c28e-46b9-a683-968a7775073e"
                ],
                "keywords": [
                    "优惠",
                    "补贴",
                    "权益",
                    "价格",
                    "购车"
                ]
            }
        ],
        "disadvantage": [
            {
                "summary": "问界M7的价格相较于其他车型仍然较高，尤其是一些高配版本，消费者可能会觉得性价比不高。",
                "summary_topic": "价格偏高",
                "uuid": [
                    "cd47269f-356f-4096-9c2b-75fb35712782",
                    "2b12c534-bfde-4be2-9d65-323e0d34b45c",
                    "065f8d9c-f6b8-4c5c-abd5-f1bf09801172",
                    "6327bbf3-43a8-42b9-8393-50c539dca10d",
                    "9c406836-a566-43cd-980e-81177074583a"
                ],
                "keywords": [
                    "价格",
                    "性价比",
                    "高配",
                    "成本"
                ]
            },
            {
                "summary": "问界M7的价格波动较大，消费者在购车时可能会遇到价格调整的情况，导致购车体验不佳。",
                "summary_topic": "价格波动大",
                "uuid": [
                    "7439bdc1-0fb3-46e7-8851-3a3ac94edf9c",
                    "b2602399-246e-424e-b6ff-e4624d49c62b",
                    "b32da7f1-2246-4c50-937a-3b8bfe165a2a",
                    "a72a40a8-7df1-4fcf-ab44-e6c354bff6b1",
                    "1e23d11b-032c-4e1f-81fc-8f24b0fcc885"
                ],
                "keywords": [
                    "价格波动",
                    "购车体验",
                    "价格调整",
                    "购车"
                ]
            },
            {
                "summary": "问界M7的价格波动较大，部分用户在购车后发现价格有所下降，导致心理不平衡。",
                "summary_topic": "价格波动大",
                "uuid": [
                    "5c91740c-8bc4-4f32-829b-6a91a8573631",
                    "1d466cd2-7851-434e-a2fd-29b18fcb8abd",
                    "8603ce61-dcf5-44dc-ab2d-5cf1571b5c38",
                    "ea655c83-2f9d-406c-8d78-d9adc2d7861a",
                    "50b10018-bba8-4342-9e5d-c678cb9f8ff7"
                ],
                "keywords": [
                    "价格波动",
                    "涨价",
                    "优惠",
                    "心理不平衡",
                    "购车"
                ]
            },
            {
                "summary": "购车后，部分用户对价格和优惠政策感到不满，认为没有得到应有的优惠或补贴。",
                "summary_topic": "优惠不满意",
                "uuid": [
                    "6732c71b-4c7f-410a-9549-67e508700000",
                    "ecfd611b-9a27-4543-9573-0546cbcf717d",
                    "d8067300-3782-46d2-99de-6b44d21e1a59",
                    "d7d825e2-1653-47e0-b6f2-ce4c5a07ac96",
                    "644add53-f68c-4ce8-bc00-b3c273f7fe36"
                ],
                "keywords": [
                    "优惠",
                    "补贴",
                    "不满",
                    "购车",
                    "政策"
                ]
            },
            {
                "summary": "问界M7的价格在某些版本上较高，尤其是智驾版，导致部分消费者预算不足。",
                "summary_topic": "价格偏高",
                "uuid": [
                    "9c4f04f8-ea7b-466a-936b-2a05ef37782a",
                    "8cee3d6c-fb6d-4480-bf91-402ca00a95c7",
                    "a578b06d-9f34-4bda-b960-b3a0c725bc00",
                    "c0cd21ef-fc01-4d9e-a342-79ce3672b832",
                    "9d02c31c-a0c4-4034-b6e0-4beb49e25fff"
                ],
                "keywords": [
                    "价格",
                    "预算",
                    "智驾版",
                    "高配"
                ]
            }
        ],
        "theme": "价格成本"
    },
    {
        "advantage": [
            {
                "summary": "一些用户提到提车过程顺利，销售人员服务热情，交付体验良好。",
                "summary_topic": "提车顺利体验好",
                "uuid": [
                    "e8dd3577-19ba-49d4-8f72-82f61a9976bd",
                    "c2296827-74cb-45ad-88a2-c8e9b7718589",
                    "d5bf7c6d-628d-4edc-bd80-e67ded1b32d7",
                    "76f2128f-b9e8-4535-8532-2204d00b8280",
                    "13ccd5ca-14a7-4637-b972-2703f570e892"
                ],
                "keywords": [
                    "提车",
                    "交付",
                    "服务",
                    "体验"
                ]
            },
            {
                "summary": "部分用户表示在购买过程中享受到了优惠政策和赠品，增加了购买的吸引力。",
                "summary_topic": "优惠赠品吸引人",
                "uuid": [
                    "d434cc15-d610-473a-8540-a2e073ed16e3",
                    "c3138e3e-2ac4-4908-8664-d2702734c0c7",
                    "79ec50f6-5ae9-4065-ad9d-19b8a4fe22a3",
                    "4cb8e428-1eb4-48a7-bf83-12fd9b3df123",
                    "fb205887-bbb1-447f-b258-253275822746"
                ],
                "keywords": [
                    "优惠",
                    "赠品",
                    "吸引力"
                ]
            },
            {
                "summary": "购买问界M7时，许多用户提到可以享受各种优惠和赠品，包括积分、大礼包、购车补贴、免费检查、洗车、充电等服务，这些都提升了购买体验。",
                "summary_topic": "优惠赠品多",
                "uuid": [
                    "280b41ba-8891-4877-9044-667056e42a9b",
                    "65afd722-dffc-4377-8e4e-5340637393a1",
                    "9b0a6f7c-e8c2-4168-99af-70b61c3a17de",
                    "3fab7264-12eb-4b3c-b4b0-86c1c531618f",
                    "e8a24ddf-6550-4e71-aacf-d5ff61f8473c"
                ],
                "keywords": [
                    "优惠",
                    "赠品",
                    "积分",
                    "补贴",
                    "免费检查"
                ]
            },
            {
                "summary": "许多用户对提车过程表示满意，交付中心的服务态度好，手续办理顺利，提车体验整体良好。",
                "summary_topic": "提车体验好",
                "uuid": [
                    "ef948494-51ab-4c9c-aa6b-d0b5eeda545a",
                    "ab20e7ce-b149-4cf6-ac1a-bdc81c36051d",
                    "122c13a9-1ec7-430a-b321-0dafd38cd130",
                    "703480fd-5485-4c91-99aa-238811a31fb7",
                    "470c0759-c1c4-4fbb-aeb3-273495a1da2e"
                ],
                "keywords": [
                    "提车",
                    "交付中心",
                    "服务态度",
                    "手续办理",
                    "体验"
                ]
            },
            {
                "summary": "用户对购买体验中的赠品和优惠感到满意，如赠送充电桩、积分、保养等，增加了购车的性价比。",
                "summary_topic": "购车赠品多",
                "uuid": [
                    "878e3f14-d8e9-4571-ade2-a5d0f6e6eebd",
                    "0fd2d144-0c2c-40fb-af6f-b3bf09d4591e",
                    "fa16a6f9-a61d-4679-8922-2719194a27fb",
                    "87e35eee-0719-4017-91f0-406b1a17ed04",
                    "9f74242c-7b3e-43f8-8bc9-9a4932b3f2ae"
                ],
                "keywords": [
                    "赠品",
                    "优惠",
                    "充电桩",
                    "积分",
                    "保养"
                ]
            }
        ],
        "disadvantage": [
            {
                "summary": "有用户抱怨提车等待时间过长，交付进度不如预期。",
                "summary_topic": "提车等待时间长",
                "uuid": [
                    "0cb72396-fd4d-4918-bdc3-ea0168ee2759",
                    "f170367e-e695-4f34-9931-fe8f00014306",
                    "7bc28ef2-591e-47b2-bacf-b21d6bd1369a",
                    "8a0d2704-0215-49d0-943a-1959473ba99b",
                    "419b0bab-f863-433e-ad92-9da7ef61215b"
                ],
                "keywords": [
                    "等待时间",
                    "提车",
                    "交付"
                ]
            },
            {
                "summary": "一些用户对售后服务不满，认为问题解决不及时，服务态度差。",
                "summary_topic": "售后服务态度差",
                "uuid": [
                    "a85c11af-fb66-4864-95f9-42d8e22c1091",
                    "8b532223-35de-483c-9daa-76d3e71cb619",
                    "cd05f3e9-7762-4f38-aa92-616a2ddbc351",
                    "462928c2-2f09-4eee-b83d-74d52e653a2e",
                    "fa3f1ba2-cc66-4cf5-a770-8cdde4d00e47"
                ],
                "keywords": [
                    "售后服务",
                    "解决不及时",
                    "态度差"
                ]
            },
            {
                "summary": "用户反映购买过程中缺乏透明度，销售承诺未兑现。",
                "summary_topic": "销售承诺未兑现",
                "uuid": [
                    "d146ab01-042d-42a3-8d35-b4f7b9299960",
                    "19c78b48-47c1-4b5b-a76f-8a0b5f260909",
                    "a3a7b107-1fc3-4176-a7cd-a9e3f859b24f",
                    "9dc3a0bf-b5d4-43f0-b037-51a2296d61d0",
                    "b85d2e84-6af7-4da5-8543-710656186276"
                ],
                "keywords": [
                    "透明度",
                    "销售承诺",
                    "未兑现"
                ]
            },
            {
                "summary": "许多用户抱怨交付过程不透明，交车时间延迟，客服反馈不及时，影响了整体购买体验。",
                "summary_topic": "交付延迟差",
                "uuid": [
                    "9de6398d-a1ae-4329-8f16-f5c3166fba22",
                    "db017603-3df1-410d-90f1-efde75b1957d",
                    "0d7f4330-0c17-4676-8144-5f0fd623fe11",
                    "adbb0f37-5473-4a2a-b5c0-6865aa2895aa",
                    "603c60d0-aeb4-43f0-93cb-8836bf8f6a1c"
                ],
                "keywords": [
                    "交付",
                    "延迟",
                    "客服",
                    "不透明",
                    "购买体验"
                ]
            },
            {
                "summary": "部分用户对销售承诺的优惠和权益未兑现表示不满，认为存在虚假宣传，影响了对品牌的信任。",
                "summary_topic": "优惠承诺差",
                "uuid": [
                    "9de6398d-a1ae-4329-8f16-f5c3166fba22",
                    "0d7f4330-0c17-4676-8144-5f0fd623fe11",
                    "adbb0f37-5473-4a2a-b5c0-6865aa2895aa",
                    "603c60d0-aeb4-43f0-93cb-8836bf8f6a1c",
                    "af3a0e0f-247c-4220-bcf5-c4ca9484ec99"
                ],
                "keywords": [
                    "销售承诺",
                    "优惠",
                    "权益",
                    "虚假宣传",
                    "信任"
                ]
            }
        ],
        "theme": "购买体验"
    },
    {
        "advantage": [
            {
                "summary": "驾驶感受良好，动力充沛，车身稳定，适合长途驾驶。",
                "summary_topic": "驾驶感受好",
                "uuid": [
                    "e91b516b-bfd3-4ca5-8ebe-f7487d5b54d9",
                    "4cd206b8-f7c5-4962-998a-126f393f3001",
                    "ea3f466d-2c0f-44ab-b5b3-4781011898dd",
                    "11f6ce6f-8139-4539-9eb6-746c4ea22a43",
                    "f8e5a031-e3b2-4553-8b4a-d3d8bea7dd3d"
                ],
                "keywords": [
                    "动力充沛",
                    "车身稳定",
                    "驾驶感受",
                    "长途驾驶"
                ]
            },
            {
                "summary": "驾驶辅助功能强大，LCC和ACC表现良好，提升驾驶体验。",
                "summary_topic": "驾驶辅助好",
                "uuid": [
                    "ea3f466d-2c0f-44ab-b5b3-4781011898dd",
                    "eac36d74-0efb-401a-93d3-71498fac5534",
                    "11f6ce6f-8139-4539-9eb6-746c4ea22a43",
                    "f8e5a031-e3b2-4553-8b4a-d3d8bea7dd3d",
                    "299c1cee-15ef-4855-b27c-278067594e9f"
                ],
                "keywords": [
                    "LCC",
                    "ACC",
                    "驾驶辅助",
                    "自动泊车"
                ]
            },
            {
                "summary": "驾驶性能表现出色，尤其是在加速和操控方面，用户普遍对其驾驶体验表示满意。",
                "summary_topic": "驾驶性能好",
                "uuid": [
                    "5a0b8915-fbfb-443b-b6b0-ad36a920f1a9",
                    "5814de1f-1c24-40ba-ba5f-201e7f5617d8",
                    "f8bd1a1b-09b5-480f-898d-495db2f057aa",
                    "91e06c58-b8f6-4dd9-a505-06b774013acf",
                    "b1bad826-fd22-45be-92da-817bcf80365a"
                ],
                "keywords": [
                    "加速性能",
                    "操控",
                    "驾驶体验",
                    "加速",
                    "动力"
                ]
            },
            {
                "summary": "驾驶体验轻松，方向盘指向精准，转弯半径小，操控灵活。",
                "summary_topic": "操控灵活好",
                "uuid": [
                    "941f27da-4fd3-4a63-8c8f-84a64ff699e9",
                    "e8345779-3c8b-4d33-8522-97f1efe04b85",
                    "e986b9bb-c40e-4edf-99e3-144b364d32fd",
                    "e00f25b5-bd11-45b8-a47b-67aeb830a693",
                    "4a1ff869-8b3f-46ca-a7e2-fb4aa5fb809e"
                ],
                "keywords": [
                    "操控灵活",
                    "转弯半径小",
                    "方向盘",
                    "驾驶体验"
                ]
            },
            {
                "summary": "加速性能强劲，电门响应快，动力充沛。",
                "summary_topic": "加速性能强",
                "uuid": [
                    "941f27da-4fd3-4a63-8c8f-84a64ff699e9",
                    "4a1ff869-8b3f-46ca-a7e2-fb4aa5fb809e",
                    "e8345779-3c8b-4d33-8522-97f1efe04b85",
                    "e986b9bb-c40e-4edf-99e3-144b364d32fd",
                    "61e8e404-4165-4a64-b692-34a59faa57ca"
                ],
                "keywords": [
                    "加速强劲",
                    "动力充沛",
                    "电门响应",
                    "提速快"
                ]
            }
        ],
        "disadvantage": [
            {
                "summary": "方向盘抖动问题，影响驾驶稳定性，需改进。",
                "summary_topic": "方向盘抖动",
                "uuid": [
                    "1d9c89ec-6623-4e90-85f5-13c66e8ddd7b",
                    "71c181a9-bf04-42e6-a920-63ff79ee244c",
                    "4aa333fd-218d-42d3-9dbc-a02edcbc5634",
                    "360b0a59-d573-4106-8f56-746c9fc63b95",
                    "ead7a2a3-0a7a-4acc-8b78-381b92bd0cb7"
                ],
                "keywords": [
                    "方向盘抖动",
                    "驾驶稳定性"
                ]
            },
            {
                "summary": "刹车系统存在顿挫感，影响驾驶舒适性。",
                "summary_topic": "刹车顿挫感",
                "uuid": [
                    "ccd23ac4-74ce-4692-962b-0a3b9729aaf5",
                    "f5b6de15-fa87-47a8-9be1-bcc6a7eb8c12",
                    "70734c86-5841-4dee-8dcb-48b00e4ebd8d",
                    "8b6bd6f7-6d79-4441-9be4-3dee1fdcd73e",
                    "7e49c73c-bf3c-46ef-b0f1-c0e3a1f66b28"
                ],
                "keywords": [
                    "刹车顿挫感",
                    "驾驶舒适性"
                ]
            },
            {
                "summary": "底盘悬挂偏硬，过减速带颠簸明显。",
                "summary_topic": "悬挂偏硬差",
                "uuid": [
                    "dc67c630-6257-4f46-91c8-2a4f6f476a3d",
                    "e986b9bb-c40e-4edf-99e3-144b364d32fd",
                    "e8345779-3c8b-4d33-8522-97f1efe04b85",
                    "e7e4a0f1-dc3d-4fa1-8ab4-c9efc22febc9",
                    "851d5955-7a43-470b-9e04-8c9ac8b771c1"
                ],
                "keywords": [
                    "底盘悬挂",
                    "颠簸",
                    "减速带"
                ]
            },
            {
                "summary": "增程器噪音大，影响驾驶体验。",
                "summary_topic": "增程噪音大",
                "uuid": [
                    "94e20a48-ba35-4af3-a69b-9c121eee0919",
                    "ea48f5fe-a5e7-4f83-bb90-95915901f084",
                    "50e27446-f643-42bc-b9e4-62beb7a8ed18",
                    "3c92d91d-3209-4d76-8c81-a9c8742d1d0d",
                    "c193c79f-f29d-4342-b66d-d4c32d8962e7"
                ],
                "keywords": [
                    "增程器",
                    "噪音",
                    "驾驶体验"
                ]
            },
            {
                "summary": "问界M7在高速行驶时，底盘表现不佳，容易导致车身晃动。",
                "summary_topic": "底盘表现差",
                "uuid": [
                    "a787018e-8b5d-43f3-9f6c-5aee3ab93b61",
                    "f40c4751-d1f2-41a2-9660-b8b45583d9cf",
                    "d5371599-84e2-40d4-b27e-cf01eae86faf"
                ],
                "keywords": [
                    "底盘",
                    "车身晃动",
                    "高速"
                ]
            }
        ],
        "theme": "驾驶性能"
    }
]