[
    {
        "advantage": [
            {
                "summary": "理想的售后服务被多次提及为优质，用户反馈问题能够快速解决，服务态度良好，提供免费洗车、充电等增值服务。",
                "summary_topic": "售后服务优",
                "uuid": [
                    "d8a5c4f1-c97e-4d67-b86f-315fa5098662",
                    "c1457581-3094-4c4a-b705-93f3e714b783",
                    "2b2f7e64-5089-4423-96fa-4b0b9508afd8",
                    "5676b06b-7be0-4d4d-8a26-fe0a451064f9",
                    "645bd383-31a2-422d-8ffd-82aa0aec97a2"
                ],
                "keywords": [
                    "售后服务",
                    "客服",
                    "维修保养",
                    "免费服务",
                    "问题解决"
                ]
            },
            {
                "summary": "理想的售后服务被认为是市场上最好的之一，用户普遍认为服务态度好，有问必答，问题能够迅速解决。",
                "summary_topic": "服务态度好",
                "uuid": [
                    "645bd383-31a2-422d-8ffd-82aa0aec97a2",
                    "31053882-e5fb-4d88-8af2-7830294f9934",
                    "f1025d94-eabf-40cc-996f-3a597c6ad0be",
                    "d8a5c4f1-c97e-4d67-b86f-315fa5098662",
                    "c1457581-3094-4c4a-b705-93f3e714b783"
                ],
                "keywords": [
                    "售后服务",
                    "有问必答",
                    "问题解决",
                    "服务态度"
                ]
            }
        ],
        "disadvantage": [
            {
                "summary": "理想售后在处理某些问题时被指责推卸责任，尤其是对外力造成的问题要求用户自费，用户对此表示不满。",
                "summary_topic": "推卸责任差",
                "uuid": [
                    "505e8ca0-6ada-48fc-914b-0e4464cb880f",
                    "05460583-63d1-4d8b-8caa-2b39440343eb",
                    "928a85f6-e904-427e-b4dd-776739a90db4",
                    "524f6333-c3cc-4f81-810c-cb1ff49fd410"
                ],
                "keywords": [
                    "推卸责任",
                    "外力造成",
                    "自费",
                    "售后"
                ]
            },
            {
                "summary": "售后服务价格高昂，某些维修和更换零件的费用较高，用户对售后服务的高成本表示不满。",
                "summary_topic": "售后费用高",
                "uuid": [
                    "68bd98eb-52f7-4c4b-be31-d98428f1fffe",
                    "57ed353b-27da-4054-8f0f-4a5eba7eb6f8",
                    "2a3f9801-84cf-4bd7-84f2-dd2e92829c5a",
                    "70145013-3e3a-4e2c-992f-d03d790f7b70"
                ],
                "keywords": [
                    "费用",
                    "售后服务",
                    "维修",
                    "更换"
                ]
            }
        ],
        "theme": "售后服务"
    },
    {
        "advantage": [
            {
                "summary": "理想的车机系统被认为是目前市场上最智能和好用的，用户体验流畅，语音助手功能强大。",
                "summary_topic": "车机体验好",
                "uuid": [
                    "71e434c4-7d6d-403b-bb69-4d4866682045",
                    "7fe339ee-a1e0-42c1-a25e-c83604e82cf1",
                    "f1828951-d480-49a8-99e9-9e75c427a58f",
                    "605bc654-39da-4748-9431-13f667b5b13b"
                ],
                "keywords": [
                    "理想车机",
                    "智能",
                    "流畅",
                    "语音助手"
                ]
            },
            {
                "summary": "理想的HUD系统被用户称赞为市场上最清晰和实用的，提供了良好的驾驶体验。",
                "summary_topic": "HUD体验好",
                "uuid": [
                    "9c14633b-7852-40f0-910d-db7151d24e0e",
                    "87ac9efd-3ea4-49b0-9f55-c7c87de7717f",
                    "905dc166-ddb6-4491-a81c-14d0fc171915"
                ],
                "keywords": [
                    "HUD",
                    "清晰",
                    "驾驶体验"
                ]
            },
            {
                "summary": "理想智驾系统在更新后表现出色，用户体验良好，尤其在高速驾驶中表现稳定。",
                "summary_topic": "智驾表现好",
                "uuid": [
                    "b10c70da-c45d-4e0c-9a3d-c5c793174abf",
                    "e2788169-801d-434a-b7c3-b6ee6d2f11a2",
                    "92fc2ef7-c15b-4ede-bda3-8871df7fa074"
                ],
                "keywords": [
                    "理想智驾",
                    "更新",
                    "高速",
                    "稳定"
                ]
            },
            {
                "summary": "华为的智能驾驶系统被广泛认为是市场上的领先者，反应灵敏，用户体验良好。",
                "summary_topic": "华为智驾强",
                "uuid": [
                    "a71ca13c-cb26-4e6e-ae4d-d46c8bd7254c",
                    "1a2afaa8-45ea-49e3-b497-5e75711b1d42",
                    "35010991-a4c7-4e61-90ab-b5dcf8ebfa07"
                ],
                "keywords": [
                    "华为智驾",
                    "领先",
                    "反应灵敏"
                ]
            },
            {
                "summary": "理想的HUD系统提供了良好的用户体验，信息显示全面且清晰。",
                "summary_topic": "HUD体验好",
                "uuid": [
                    "b5a4ee7a-f63a-4cb3-aa5e-c3a8085c95bd",
                    "914fc141-1668-489e-b9a2-adcd4a9c8e58",
                    "46f65ca5-71e0-4370-a481-10d863de75b9"
                ],
                "keywords": [
                    "HUD",
                    "清晰",
                    "信息全面"
                ]
            }
        ],
        "disadvantage": [
            {
                "summary": "理想的智能驾驶在城市环境中表现不佳，用户反馈不够安全和稳定。",
                "summary_topic": "城市智驾差",
                "uuid": [
                    "d9c5840d-fb1b-4e0b-b6ab-da8ed30744b4",
                    "2a932041-2322-47d5-bf36-af021225d97a",
                    "6210724e-c057-47e9-96c8-d18e98020a7b"
                ],
                "keywords": [
                    "城市智驾",
                    "不安全",
                    "不稳定"
                ]
            },
            {
                "summary": "理想的智驾系统在城市道路上表现不佳，用户反馈在复杂路况下不够可靠。",
                "summary_topic": "智驾城市差",
                "uuid": [
                    "7435338c-6c1f-4699-b710-aa49e1ad7043",
                    "e8709c60-d091-4f38-9940-3f774fe5ac9e"
                ],
                "keywords": [
                    "智驾",
                    "城市道路",
                    "不可靠"
                ]
            },
            {
                "summary": "部分用户对智能驾驶系统的激进驾驶风格感到不满，尤其在城市驾驶中。",
                "summary_topic": "智驾激进差",
                "uuid": [
                    "bd407af8-7b39-48e7-b718-3836b8428c63",
                    "d62f66b6-7803-4248-9748-26833c86eaec"
                ],
                "keywords": [
                    "激进",
                    "城市驾驶",
                    "不满"
                ]
            },
            {
                "summary": "智能驾驶系统在某些情况下会出现误判，导致驾驶体验不佳。",
                "summary_topic": "误判体验差",
                "uuid": [
                    "13707d1a-0cbf-4af9-b8eb-10421b4e3f62",
                    "d31ee263-c40c-4564-bd6e-0ff77c7caf70"
                ],
                "keywords": [
                    "误判",
                    "驾驶体验",
                    "不佳"
                ]
            },
            {
                "summary": "理想的音响系统调教不佳，用户体验不如预期，建议增加用户自定义调节功能。",
                "summary_topic": "音响调教差",
                "uuid": [
                    "c93db53a-4165-4378-8d4b-9d770e01d3ea"
                ],
                "keywords": [
                    "音响",
                    "调教",
                    "用户体验"
                ]
            }
        ],
        "theme": "智能系统"
    },
    {
        "advantage": [
            {
                "summary": "试驾体验后，许多用户对车辆的印象发生了积极变化，直接促成购买决策。",
                "summary_topic": "试驾体验好",
                "uuid": [
                    "e478ce5f-2f51-44af-b92a-4c6336715725",
                    "c84c6eb4-c344-40ab-8561-4a37bc2b1233",
                    "c705f3ba-6aa0-4a2a-989f-a96beb2e8f63",
                    "3a4e5661-a9ee-4c93-9953-9e9386cf13c2",
                    "9da58d11-38c2-417e-aa07-29ee1bddfdcd"
                ],
                "keywords": [
                    "试驾",
                    "体验",
                    "购买",
                    "印象改变"
                ]
            },
            {
                "summary": "理想汽车的舒适性和家用功能吸引了许多家庭用户，尤其是带孩子的家庭。",
                "summary_topic": "家用舒适好",
                "uuid": [
                    "22ba4701-3b2b-472a-b1ee-cf4389f432dc",
                    "bfb531c1-b5e1-46c2-9226-6c5a25c0c2d0",
                    "9e1d3812-3b4a-495e-94c4-0c5a76f447a2",
                    "6c51d652-98e6-42fc-9c6c-25671da57ffe",
                    "876d3a36-38c9-4c0b-8604-73256accdf54"
                ],
                "keywords": [
                    "舒适",
                    "家用",
                    "带娃",
                    "理想",
                    "家庭"
                ]
            },
            {
                "summary": "购买理想汽车的用户普遍对其销售服务和购车体验表示满意，尤其是试驾体验和销售态度得到了认可。",
                "summary_topic": "购车体验好",
                "uuid": [
                    "b67a5b58-3ae1-4d8a-8cb2-cfd7a34f3fd7",
                    "9432af68-e48c-4639-84a9-578cfa75bf47",
                    "f7aaa4b7-c510-4339-a08d-b94ef116daff"
                ],
                "keywords": [
                    "试驾",
                    "购车体验",
                    "满意",
                    "销售态度"
                ]
            },
            {
                "summary": "理想汽车提供的购车优惠和赠品丰富，使得用户在购车时感受到较高的性价比。",
                "summary_topic": "购车优惠多",
                "uuid": [
                    "372a6df1-6a16-4c2b-bb14-3cce34f81cb7",
                    "d2e83ecd-d80c-4d28-bc07-617261da9fcf",
                    "f29e42b6-71bc-4154-94e0-0c7a1767f715"
                ],
                "keywords": [
                    "优惠",
                    "赠品",
                    "性价比"
                ]
            },
            {
                "summary": "理想汽车的试驾体验被用户广泛认可，许多用户在试驾后决定购买。",
                "summary_topic": "试驾体验佳",
                "uuid": [
                    "f7d15bec-f364-4e20-b4ca-f8b4bdbaf296",
                    "0558e0ba-abeb-4238-9eee-a63105806b5a",
                    "f7aaa4b7-c510-4339-a08d-b94ef116daff"
                ],
                "keywords": [
                    "试驾",
                    "体验",
                    "购买"
                ]
            }
        ],
        "disadvantage": [
            {
                "summary": "部分用户对车辆的安全性表示担忧，认为宣传与实际安全性不符。",
                "summary_topic": "安全性担忧",
                "uuid": [
                    "503cd9d1-d69b-4ce0-9965-e9a0ffbfecec",
                    "e11d903d-6be9-4587-b7a4-dd2b354969a1",
                    "5319591-1a15-46c8-9a4b-299b7a2a1f84",
                    "10d224ad-a215-46d6-8ccb-f01f210897fe",
                    "be221c84-c777-4708-b1e0-43b8bf795721"
                ],
                "keywords": [
                    "安全",
                    "担忧",
                    "宣传",
                    "实际",
                    "车祸"
                ]
            },
            {
                "summary": "一些用户对提车周期过长表示不满，影响了购买体验。",
                "summary_topic": "提车周期长",
                "uuid": [
                    "47257033-2565-4dbd-8a31-09eb3b469831",
                    "3d56fe70-6a11-4632-bf2a-38a3657e54fc",
                    "2efa66df-4c28-4d5d-ab4a-04f1643c0abb",
                    "e30ccf17-ef49-4b12-b684-d4b6a8500946",
                    "2afda5d8-59c9-4fe8-a68f-a4efdab8116d"
                ],
                "keywords": [
                    "提车",
                    "周期",
                    "等待",
                    "不满"
                ]
            },
            {
                "summary": "购车贷款压力大，需分期购买。",
                "summary_topic": "贷款压力大",
                "uuid": [
                    "834a4f59-c0fe-48ea-8766-f04deb6bc3d2",
                    "c3ecab72-5688-40e8-85e4-b6ad19da4e9d",
                    "458f30c8-6bb0-4724-88f5-2cb4a2287b60"
                ],
                "keywords": [
                    "理想",
                    "贷款",
                    "压力"
                ]
            },
            {
                "summary": "一些用户对理想汽车的购车过程中的销售服务不满，特别是对销售态度和服务质量提出了质疑。",
                "summary_topic": "销售服务差",
                "uuid": [
                    "cb8aa7a4-20e5-439a-815b-a473c80c65bf",
                    "a8d335bd-6f7f-4394-9d77-6e8b480d6679"
                ],
                "keywords": [
                    "销售服务",
                    "态度",
                    "不满"
                ]
            },
            {
                "summary": "部分用户在购车后对理想汽车的配置和选装感到不满，认为选装过程复杂且不透明。",
                "summary_topic": "选装不透明",
                "uuid": [
                    "dbcc380f-b66d-4ca6-9e3a-b0b762615252",
                    "0b7f1bf6-c0b4-436c-ab69-524bde6f43f7"
                ],
                "keywords": [
                    "选装",
                    "配置",
                    "不满"
                ]
            }
        ],
        "theme": "购买体验"
    },
    {
        "advantage": [
            {
                "summary": "理想的外观设计被认为简约大气，受到消费者的喜爱，尤其是L6和L9的设计被认为很酷和舒适。",
                "summary_topic": "外观设计好",
                "uuid": [
                    "c0e82d0c-1273-48e1-9816-8e0d3da46789",
                    "31fff95f-5977-4d4d-ac4d-6efb2e37c9e9",
                    "2ce52717-50ba-4c7b-bccf-0a77b076b727",
                    "660341e3-9071-491b-9b3c-82ba1b071929",
                    "5006cc7e-ca36-4f4c-a874-47add6c7a355"
                ],
                "keywords": [
                    "理想",
                    "外观",
                    "简约大气",
                    "舒适",
                    "好看"
                ]
            },
            {
                "summary": "理想的外观设计被广泛认为简约大气，具有很高的识别度，受到许多消费者的喜爱。",
                "summary_topic": "外观设计好",
                "uuid": [
                    "3c7da0a7-bd76-4c6b-8ac7-9c67dab1e522",
                    "8838599a-285d-463f-9c17-cad83a0cb86e",
                    "15b17866-1a23-44a8-a79a-93165887eab2",
                    "4409964a-be1e-42cf-81b6-43b117d42795",
                    "e0558d27-7aab-4add-aa47-753c5da939c1"
                ],
                "keywords": [
                    "外观",
                    "简约",
                    "大气",
                    "识别度",
                    "设计"
                ]
            },
            {
                "summary": "外观设计好看",
                "summary_topic": "外观设计好",
                "uuid": [
                    "2f326f85-0cf7-474f-a789-8824ca32d917",
                    "f422367c-e68f-4f6d-86f6-61f5be87bc94",
                    "429efc17-77d8-45ab-9ec0-709a9dec0b8a",
                    "b4990ecb-e691-4d2c-bb05-19ce8cb7805e",
                    "0f800485-27b1-418b-ae7d-3880137e999c"
                ],
                "keywords": [
                    "外观不错",
                    "好看",
                    "外观",
                    "颜值",
                    "设计"
                ]
            },
            {
                "summary": "理想的细节做工和用料得到了好评，体现出豪华车的质感。",
                "summary_topic": "细节做工好",
                "uuid": [
                    "2e1be68d-e792-4dcb-bf6c-70ee30cac903",
                    "99f2736e-7b6f-4979-a316-ead7f7dc231c",
                    "cd1157b5-4a1a-419f-aac0-6e45f38c7c6d",
                    "d955b746-e9f1-4baf-b9df-2dd4fd5892ae"
                ],
                "keywords": [
                    "细节做工",
                    "用料",
                    "豪华车",
                    "质感"
                ]
            },
            {
                "summary": "L6的外观设计被认为比其他车型更好看，尤其是腰线设计更优雅。",
                "summary_topic": "外观设计优",
                "uuid": [
                    "2babfd01-913c-4efd-baa5-794998924256",
                    "8915228d-9cab-4ad7-8b2c-a923290ba50c",
                    "831613a5-0268-44cf-9910-fc892cba1735"
                ],
                "keywords": [
                    "腰线",
                    "好看",
                    "L6",
                    "外观设计"
                ]
            }
        ],
        "disadvantage": [
            {
                "summary": "M7的外观被普遍认为丑陋，设计上缺乏吸引力。",
                "summary_topic": "外观设计差",
                "uuid": [
                    "ac26aadf-eb20-4327-abef-6743c2f22691",
                    "e2fb378c-164f-4e5d-9823-f925c7afde50",
                    "feee4bba-0cc2-493f-a5a9-01b2bca88d2f",
                    "4748db03-cd5e-4fc2-ae11-6a1f6e8b3994",
                    "0e967075-d2eb-4c16-8b7f-3e1480cfb507"
                ],
                "keywords": [
                    "M7",
                    "丑",
                    "外观"
                ]
            },
            {
                "summary": "理想的外观被一些消费者认为过于中庸和普通，缺乏个性。",
                "summary_topic": "外观中庸差",
                "uuid": [
                    "6afbe69c-ead6-4076-9d08-66c01e9b36b9",
                    "dc091c96-cd14-44e8-958f-525aad1f1de1",
                    "2fe4e31e-c620-4743-9e5f-841db0c9f69f",
                    "d5bac204-e1d9-48ff-830e-4d534c5520c6",
                    "091b15bf-2d97-4afb-be7c-deae5895c214"
                ],
                "keywords": [
                    "外观",
                    "中庸",
                    "普通",
                    "个性"
                ]
            },
            {
                "summary": "问界的外观被认为缺乏吸引力，设计上显得油腻和老气。",
                "summary_topic": "外观设计差",
                "uuid": [
                    "1e07dd37-4c1f-4b27-9e98-ceb632e0c66e",
                    "1245b6f5-86aa-4af5-9405-f6d5e43c0c21",
                    "e31af6b5-6a8f-449d-8949-02dff315ed9f",
                    "93b7fae3-f79a-402e-b3b1-3470f77b0e40"
                ],
                "keywords": [
                    "问界",
                    "外观",
                    "老气",
                    "油腻"
                ]
            },
            {
                "summary": "一些消费者对理想的外观设计感到不满，认为其设计过于保守，缺乏创新。",
                "summary_topic": "设计保守差",
                "uuid": [
                    "da2548e7-1908-434d-82cf-108d0e153aef",
                    "d5bac204-e1d9-48ff-830e-4d534c5520c6",
                    "478ef541-2d14-410a-93a4-f5671836775d",
                    "c6e0e2b0-ed10-4207-b74e-e385caf9e0aa"
                ],
                "keywords": [
                    "设计",
                    "保守",
                    "创新",
                    "缺乏"
                ]
            },
            {
                "summary": "方向盘设计不佳",
                "summary_topic": "方向盘设计差",
                "uuid": [
                    "01aa7143-8c0d-418d-b271-24a5dd027576",
                    "df3a0be7-226e-4eea-bf89-820bbfd31ee9",
                    "77ee3632-936c-4b11-8d22-cbac71795711"
                ],
                "keywords": [
                    "方向盘",
                    "对称",
                    "难看"
                ]
            }
        ],
        "theme": "外观内饰"
    },
    {
        "advantage": [
            {
                "summary": "理想L6的空间表现出色，适合家庭使用，尤其是后排空间宽敞，乘坐舒适。",
                "summary_topic": "空间宽敞舒适",
                "uuid": [
                    "70d0ed3d-60bc-44cf-ba18-bae8c05a44e5",
                    "7e333098-7559-4a50-bcdd-a5df2b5637a1",
                    "806fafaa-6aa3-4c0f-8f3f-1339f58dc8d5",
                    "6215b974-5f45-488f-b415-de216536d4e1",
                    "440ca260-da3c-4a6b-a95d-2ea7038a501c"
                ],
                "keywords": [
                    "空间大",
                    "乘坐舒适",
                    "后排空间",
                    "家庭使用",
                    "舒适"
                ]
            },
            {
                "summary": "理想L6的座椅舒适性高，尤其是后排座椅，提供了良好的乘坐体验。",
                "summary_topic": "座椅舒适体验",
                "uuid": [
                    "f9c458ef-a0a2-41d3-bdaa-c399e0bf27e5",
                    "d15fb988-2a5c-4e3b-aef1-19034a87d8fb",
                    "fcaf5e7c-95c2-4eea-a8bd-24b0b7f65613",
                    "5af36075-ea50-4fde-9e98-8414883d2d9c",
                    "f2fb04d6-c62b-4666-97c2-200b4729eea3"
                ],
                "keywords": [
                    "舒适性",
                    "座椅",
                    "乘坐体验",
                    "后排",
                    "舒适"
                ]
            },
            {
                "summary": "理想车型的空间设计受到用户的高度评价，特别是后排空间的舒适性和宽敞性，适合家庭使用。",
                "summary_topic": "空间舒适大",
                "uuid": [
                    "16b6068c-943f-466b-91fd-2a3efdda6e5f",
                    "217028a5-fc56-468e-9228-860d7e9dbe1e",
                    "2ce52717-50ba-4c7b-bccf-0a77b076b727",
                    "7bb0721c-9721-4532-a586-1ad5a1b7fdfd",
                    "888a52e9-7b6d-4e2d-b060-46775e5e22f3"
                ],
                "keywords": [
                    "空间",
                    "舒适",
                    "后排",
                    "宽敞",
                    "家庭"
                ]
            },
            {
                "summary": "理想的座椅设计提供了极高的舒适度，尤其是后排座椅的舒适性得到了用户的认可。",
                "summary_topic": "座椅舒适好",
                "uuid": [
                    "fa61ac1b-7631-457f-b27a-07129237c039",
                    "7c0e36fd-dbbf-4815-ab6f-f3b1004ccebd",
                    "48738199-9355-4a88-9d72-106e3379b30c",
                    "62ca63a6-e1b5-4e43-b53d-29adb2ac5124",
                    "888a52e9-7b6d-4e2d-b060-46775e5e22f3"
                ],
                "keywords": [
                    "座椅",
                    "舒适",
                    "后排",
                    "沙发"
                ]
            },
            {
                "summary": "理想L6的座椅和空间设计非常舒适，乘坐体验如同在家中沙发，适合家庭出行。",
                "summary_topic": "座椅空间舒适",
                "uuid": [
                    "0cef09ac-50a3-4db9-8820-36192ecd36f5",
                    "f3d8f551-1a36-474c-bac4-6f6852433ec7",
                    "292f880c-02df-4fe2-95ea-bed0bad2a855",
                    "b8fe25a3-bb6b-4917-95e4-b4052de4d365",
                    "b54f75b1-8903-4998-b020-d0c963c0e4c1"
                ],
                "keywords": [
                    "理想",
                    "空间",
                    "座椅",
                    "舒适",
                    "沙发"
                ]
            }
        ],
        "disadvantage": [
            {
                "summary": "理想L6存在后排进灰的问题，影响车内清洁和舒适性。",
                "summary_topic": "后排进灰问题",
                "uuid": [
                    "115062e5-886d-405f-983d-4d04086f1acc",
                    "fe3df3c4-4160-43a1-b310-bf5f8f329d83",
                    "cc62acef-6ab0-445a-8099-3ba9918b553f",
                    "3a165630-552c-4dab-9c6d-6699712033a4",
                    "fbaecb3d-30fe-4abd-a9e3-d09e68f01501"
                ],
                "keywords": [
                    "后排",
                    "进灰",
                    "密封",
                    "灰尘",
                    "车内清洁"
                ]
            },
            {
                "summary": "部分用户反映理想车型在行驶过程中后排容易晕车，尤其是在颠簸路段时。",
                "summary_topic": "后排晕车差",
                "uuid": [
                    "04ff8d16-5e4c-4042-b2a2-ca8f60265557",
                    "ca7cb547-b11e-4af2-ba3b-aa3b816c199a",
                    "50faa5ba-659d-47fb-b548-79096144668c",
                    "929c4330-88be-45e8-a9b4-29f21e3a2748",
                    "ad33d0b9-22c3-4ce8-94f4-9fccfe475e92"
                ],
                "keywords": [
                    "晕车",
                    "后排",
                    "颠簸",
                    "舒适性"
                ]
            },
            {
                "summary": "理想车型的隔音效果在某些情况下表现不佳，尤其是高速行驶时风噪较大。",
                "summary_topic": "隔音效果差",
                "uuid": [
                    "fbda0af5-22dc-4742-8587-7ed889912e86",
                    "0456a495-07dd-4b6b-bf46-f81e2ab1a4e8",
                    "96874a01-f6a8-4588-b35e-78f926fd5382",
                    "63787376-15ec-4888-bcc5-6434a3ba6aea",
                    "49c46465-0384-47b4-b855-507c02cce2bb"
                ],
                "keywords": [
                    "隔音",
                    "风噪",
                    "高速",
                    "噪音"
                ]
            },
            {
                "summary": "理想L6在高速行驶时，后排乘客会感到晕车，舒适性下降。",
                "summary_topic": "高速舒适性差",
                "uuid": [
                    "4ba8312c-bd48-4147-9a0c-7d243fa187db",
                    "2e45e681-2369-4bf1-bb8f-614f8ff4adab",
                    "121e7905-4a9b-43eb-86d4-cf265f007090",
                    "54b0b0c6-9f3d-46a4-8e09-b8ca3e90ff5a",
                    "4ddeac9f-3926-44aa-a76a-8c361c2f996c"
                ],
                "keywords": [
                    "高速",
                    "晕车",
                    "后排",
                    "舒适性",
                    "下降"
                ]
            },
            {
                "summary": "理想L6的后排空间在某些情况下显得狭窄，影响乘坐舒适性。",
                "summary_topic": "后排空间狭窄",
                "uuid": [
                    "72ee0a71-2984-42a6-859c-74e47c9bf9cf",
                    "6818d193-e290-4b7d-a9a9-4f8f053af1aa",
                    "0ca4d975-85e6-4db2-8ce2-f125167877d2",
                    "14377ff0-74b0-49c7-8cd2-1aa38b365992",
                    "40542b6e-c067-41f1-9c0a-5eee1917be3c"
                ],
                "keywords": [
                    "后排",
                    "空间",
                    "狭窄",
                    "乘坐",
                    "舒适性"
                ]
            }
        ],
        "theme": "空间舒适"
    },
    {
        "advantage": [
            {
                "summary": "理想L6的价格定位在25万左右，性价比高，适合预算有限但追求高配置的消费者。",
                "summary_topic": "性价比高",
                "uuid": [
                    "7e9dca07-798f-4d9a-bdc7-e3cf74cee77e",
                    "52e61e64-2e5f-48eb-9ee0-013ebf0bd731",
                    "b88f6188-8a86-4cf7-84e9-f073ff16bedc",
                    "a2506ae8-a2ff-462f-957e-46f437e1bfb8",
                    "a25c6286-0ad4-4324-927f-f1f158c1a874"
                ],
                "keywords": [
                    "性价比",
                    "预算",
                    "配置",
                    "理想L6",
                    "价格"
                ]
            },
            {
                "summary": "理想L6提供了较好的驾驶体验和舒适性，适合家庭使用，满足多种需求。",
                "summary_topic": "驾驶体验好",
                "uuid": [
                    "b6913499-2dda-4c61-afd2-2adcefbef516",
                    "e7bb2266-2918-4fd9-8028-8f82706ca417",
                    "b88f6188-8a86-4cf7-84e9-f073ff16bedc",
                    "4e680f90-62eb-42f1-8135-54b3e6aa051e",
                    "50e93556-dbb3-46eb-a0a6-eff2bfd99d66"
                ],
                "keywords": [
                    "驾驶体验",
                    "舒适性",
                    "家庭",
                    "理想L6",
                    "用料"
                ]
            },
            {
                "summary": "L6价格竞争力强，性价比高，适合家庭用户。",
                "summary_topic": "价格竞争力强",
                "uuid": [
                    "16f28c45-3dd4-419c-abbe-a1725e730847",
                    "6163df5e-f6f7-488b-9ba5-d8bb42f793a8",
                    "b576faff-ed63-4857-9906-0895af58968d",
                    "4aba35d6-c77c-4777-ac30-37bfa6de35c5",
                    "c7390342-af90-4d87-8d6c-7b1bb28691bf"
                ],
                "keywords": [
                    "L6",
                    "价格",
                    "竞争力",
                    "性价比",
                    "家庭"
                ]
            },
            {
                "summary": "部分车型价格较低，性价比高，适合预算有限的消费者。",
                "summary_topic": "价格性价比高",
                "uuid": [
                    "2271da08-1f71-4808-8a00-785a99725298",
                    "4cffce5e-864a-4bb8-95a4-5fe90ee5011e",
                    "352fe894-cf60-416f-8ca0-5f163c1fc568",
                    "f5c36e50-3ddb-4863-9991-9a5d3c95391d",
                    "713d4d6e-97d5-4123-9077-c5fdf63e8c1f"
                ],
                "keywords": [
                    "便宜",
                    "性价比",
                    "价格"
                ]
            },
            {
                "summary": "理想L6降价幅度大，市场定位精准。",
                "summary_topic": "降价幅度大",
                "uuid": [
                    "44354757-0603-49e7-b304-eb9acc6ae06f",
                    "6b90bf58-af51-4ffe-940f-4de9a9be4ad2",
                    "fb7890b2-233e-44ac-adab-33ee4527f900",
                    "369249c9-6ed4-4518-a17c-38f8eefd3c65"
                ],
                "keywords": [
                    "降价",
                    "市场定位",
                    "L6",
                    "价格下探"
                ]
            }
        ],
        "disadvantage": [
            {
                "summary": "理想L6的增程器在高速行驶时油耗较高，影响经济性。",
                "summary_topic": "高速油耗高",
                "uuid": [
                    "b7495234-30b8-4f72-918b-f70291dbf9de",
                    "58bdb1c7-b191-4a0a-9a45-71329ad150b3",
                    "de53b5c9-76f2-4675-829c-5df244fb1a12",
                    "8b0761bf-d926-4165-a4f4-6c9f65058574",
                    "ca2da7eb-7362-4076-9dd5-24c4e7e267bb"
                ],
                "keywords": [
                    "增程器",
                    "高速",
                    "油耗",
                    "经济性",
                    "理想L6"
                ]
            },
            {
                "summary": "理想L6在亏电状态下的油耗表现不佳，影响用户体验。",
                "summary_topic": "亏电油耗高",
                "uuid": [
                    "8fc6601e-b727-46ef-95c0-d6d8befa12b3",
                    "557aa058-bee7-4133-828f-383ee5f4ba9b",
                    "9e09cd39-a443-4940-9f8b-c2236947ce9f",
                    "5b0e02ff-c66a-4c10-88d7-9354b0221977",
                    "58335f10-49fa-4c01-a1d6-c35db3221e5c"
                ],
                "keywords": [
                    "亏电",
                    "油耗",
                    "用户体验",
                    "理想L6",
                    "电量"
                ]
            },
            {
                "summary": "理想车油耗高，需加95号油，使用成本高。",
                "summary_topic": "油耗使用成本高",
                "uuid": [
                    "79280db5-2eec-4a1b-b4ab-fde89496e297",
                    "ec492644-8731-4782-82be-96b91303c337",
                    "c63ef29b-61fa-4c4a-b58a-84735b7f7449",
                    "e17b7e12-828a-488a-ae14-03b833fa39c6",
                    "5872b606-0dbe-4bab-9af9-6d67d1fdc84b"
                ],
                "keywords": [
                    "油耗",
                    "95号油",
                    "使用成本",
                    "高油耗"
                ]
            },
            {
                "summary": "理想车溢价高，品牌定位不如BBA。",
                "summary_topic": "品牌溢价高",
                "uuid": [
                    "4d60371c-a447-4002-8e52-e64742bbf324",
                    "b07db48f-36e9-420b-8865-6da5262b9e17",
                    "07e2fd8b-d9c6-4f64-abec-5e9a6c722ed5",
                    "dfe8a6ff-6ad1-484f-9659-176cb5058dde"
                ],
                "keywords": [
                    "溢价",
                    "品牌",
                    "BBA",
                    "价格"
                ]
            },
            {
                "summary": "部分车型价格较高，超出预算，性价比低。",
                "summary_topic": "价格超预算高",
                "uuid": [
                    "61019a80-1fd0-43c6-ae83-8cb535678f15",
                    "e98c8571-6484-4715-85c4-2c739020006a",
                    "deeb93f7-efd8-4668-9d38-106da298c244",
                    "b5866a6d-254c-4d34-b8a5-9110eb4d7f9c"
                ],
                "keywords": [
                    "太贵",
                    "价格贵",
                    "性价比低"
                ]
            }
        ],
        "theme": "价格成本"
    },
    {
        "advantage": [
            {
                "summary": "理想L6的驾驶表现被多次提及为优秀，尤其是在城市和高速上的表现。其底盘质感、操控性和舒适性被认为是同级别中的佼佼者。",
                "summary_topic": "驾驶表现优",
                "uuid": [
                    "499b27d0-5ec5-4b1f-b0ca-16c0d17ba1cc",
                    "c2cbe39c-f3df-4fd7-a0e0-5cb2b7df9fd2",
                    "8bc1cfc7-6c62-4dde-aee3-48c21aa81908",
                    "159825cf-9c8f-4221-be7c-14afa5ff4f76",
                    "6383fca1-a248-49f6-a061-2aae14d763ac"
                ],
                "keywords": [
                    "理想L6",
                    "驾驶表现",
                    "底盘质感",
                    "操控性",
                    "舒适性"
                ]
            },
            {
                "summary": "L6的运动模式被认为提升了驾驶体验，尤其是在底盘支撑和操控方面，表现出色。",
                "summary_topic": "运动模式优",
                "uuid": [
                    "c2cbe39c-f3df-4fd7-a0e0-5cb2b7df9fd2",
                    "4bb5cb77-368f-4335-b3dd-ca727a741713",
                    "1bc85299-46ac-4aff-82ac-3fd9fb09844a",
                    "7ad03c88-bbce-4689-a2c3-f304f38f284a",
                    "1d9ad04f-7434-4646-ae08-19478aa55dd9"
                ],
                "keywords": [
                    "运动模式",
                    "底盘支撑",
                    "操控",
                    "驾驶体验"
                ]
            },
            {
                "summary": "理想L6的驾驶体验被普遍认为舒适且豪华，适合家庭出行，尤其在长途驾驶中表现出色。",
                "summary_topic": "驾驶体验好",
                "uuid": [
                    "52e61e64-2e5f-48eb-9ee0-013ebf0bd731",
                    "d350534e-c632-4642-9c53-c2d326b10c9d",
                    "fa8927ec-1d12-4fbe-b760-afbf0883d949",
                    "d8cdba80-6f47-4175-91b3-474f7c181be5"
                ],
                "keywords": [
                    "理想L6",
                    "驾驶体验",
                    "舒适",
                    "豪华感",
                    "家庭出行"
                ]
            },
            {
                "summary": "理想L6的驾驶感受被多次提及为舒适且安静，尤其是在高速行驶时表现良好，底盘和悬挂系统提供了良好的行驶质感。",
                "summary_topic": "驾驶舒适安静",
                "uuid": [
                    "4a9bbab3-f942-42cd-a4f2-9cb20e19dc61",
                    "6ff7b3bc-71cb-4c36-a1ae-7d9923872d5e",
                    "c9b4bf3e-c10b-4de7-98fa-27ba179b7db1",
                    "174e85cb-a51d-4fc3-97bd-506ddec71006"
                ],
                "keywords": [
                    "舒适",
                    "安静",
                    "高速",
                    "底盘",
                    "悬挂"
                ]
            },
            {
                "summary": "理想L6在驾驶质感方面表现出色，驾驶起来松弛且舒适，适合长途驾驶。",
                "summary_topic": "驾驶质感好",
                "uuid": [
                    "7e81e985-b01c-410c-9586-cb558b89776a",
                    "7bb0721c-9721-4532-a586-1ad5a1b7fdfd",
                    "599d8c48-ee1e-4961-a5b8-a16d3546e3d4"
                ],
                "keywords": [
                    "驾驶质感",
                    "松弛",
                    "舒适",
                    "长途驾驶"
                ]
            }
        ],
        "disadvantage": [
            {
                "summary": "理想L6在某些情况下会出现晃动，尤其是在变道和过弯时，影响驾驶稳定性。",
                "summary_topic": "驾驶稳定差",
                "uuid": [
                    "b998f539-0804-484a-944b-13bc5d78bd08",
                    "74673e0d-6c7f-412b-919c-d12b24d90a79",
                    "f49f22dc-1c89-4222-9ae9-2da51ce004ec",
                    "2ab32275-c6a7-4465-b220-742a88d0518b",
                    "e868969f-76c5-4036-af43-9d43e1bc9d6e"
                ],
                "keywords": [
                    "晃动",
                    "变道",
                    "过弯",
                    "驾驶稳定性"
                ]
            },
            {
                "summary": "理想L6的刹车系统在某些情况下表现不佳，存在刹车点头现象，影响驾驶信心。",
                "summary_topic": "刹车表现差",
                "uuid": [
                    "3360c487-f6eb-4388-be77-5846af1975c6",
                    "2ab32275-c6a7-4465-b220-742a88d0518b",
                    "4bb5cb77-368f-4335-b3dd-ca727a741713",
                    "6383fca1-a248-49f6-a061-2aae14d763ac",
                    "159825cf-9c8f-4221-be7c-14afa5ff4f76"
                ],
                "keywords": [
                    "刹车",
                    "点头",
                    "驾驶信心"
                ]
            },
            {
                "summary": "理想L6在高速行驶时的稳定性较差，容易出现晃动，影响驾驶信心。",
                "summary_topic": "高速稳定差",
                "uuid": [
                    "62c074c2-f3bb-4f78-bb8c-703e65df80a0",
                    "fb8ed357-1a06-4703-95f0-318d91fa7f20",
                    "cfff5ef3-adff-47e3-9864-f2c40a8d206c"
                ],
                "keywords": [
                    "高速",
                    "稳定性",
                    "晃动",
                    "驾驶信心"
                ]
            },
            {
                "summary": "理想L6的刹车系统存在点头现象，影响驾驶舒适性，尤其在低速时表现明显。",
                "summary_topic": "刹车点头差",
                "uuid": [
                    "71b6149e-a300-4456-8ece-b44d263a318d",
                    "e7fbcd49-608d-4e60-b2fb-0f2e4e71333d",
                    "25885090-4f0f-4548-84b5-ab9659531af1"
                ],
                "keywords": [
                    "刹车",
                    "点头",
                    "驾驶舒适性",
                    "低速"
                ]
            },
            {
                "summary": "理想L6的底盘在某些情况下表现出轻飘飘的感觉，缺乏厚重感，尤其是在高速行驶时。",
                "summary_topic": "底盘轻飘飘",
                "uuid": [
                    "6036b489-0d78-4523-8cdf-48851fbd8d13",
                    "22ab39c1-8a7b-4f53-9072-fe85ccd3fe5b",
                    "1ad5346c-e16c-4198-96d0-cec645705f96"
                ],
                "keywords": [
                    "底盘",
                    "轻飘飘",
                    "高速"
                ]
            }
        ],
        "theme": "驾驶性能"
    },
    {
        "advantage": [
            {
                "summary": "理想品牌在市场上表现良好，销量高且用户需求把握精准，产品经理和产品设计受到认可。",
                "summary_topic": "品牌销量高",
                "uuid": [
                    "66e72340-cd9d-4f22-8208-f73a5e863c18",
                    "1c6e5220-bb30-4284-931f-7801066f84b1",
                    "f25c6900-344e-4a42-9b32-b1e05aa51ba1",
                    "ad143930-a2fb-40e1-a891-5e8758313e4b",
                    "be9de8ba-dbdf-41ec-9bb7-01174a3f29b4"
                ],
                "keywords": [
                    "销量",
                    "客户需求",
                    "产品经理",
                    "产品设计",
                    "国人"
                ]
            },
            {
                "summary": "理想品牌在市场上有着较高的认可度，尤其在中年消费者中受欢迎，销量表现良好。",
                "summary_topic": "品牌认可度高",
                "uuid": [
                    "9cddd4b7-7acd-40b4-835e-5f7f6656724b",
                    "0f5cd398-1c6e-49cf-a7f7-0c1d86fb87fa",
                    "c6c88fad-8582-4e6c-b59f-e75ad3af1873",
                    "e973effb-d7d2-457d-ad07-ad3e24b083a3",
                    "cb6bf70c-bc61-409f-9a62-e86dfebc6adf"
                ],
                "keywords": [
                    "理想",
                    "销量",
                    "认可",
                    "中年人",
                    "市场表现"
                ]
            },
            {
                "summary": "理想品牌的口碑在市场上表现良好，销量高且用户认可度高。",
                "summary_topic": "品牌口碑好",
                "uuid": [
                    "85663c82-423d-4438-a986-4475ad5c62ea",
                    "5d313231-7448-4c7b-9073-294cf4f1efa9",
                    "66df7b4b-484a-4134-ba14-503d8dd02d80",
                    "b52cd71c-fe60-48e6-8b61-768398695f07"
                ],
                "keywords": [
                    "理想",
                    "销量",
                    "品牌",
                    "认可度"
                ]
            },
            {
                "summary": "理想品牌在市场上表现出色，销量稳步增长，显示出其在消费者中受欢迎。",
                "summary_topic": "品牌受欢迎",
                "uuid": [
                    "816855c0-af5a-4444-82a6-42ae9b8b497a",
                    "252b6e13-e7ad-4bd1-96f6-c85c00264202",
                    "d28c45e5-e168-436c-b289-bede64a80c77",
                    "d7aa3a1a-bf0f-4118-9276-2fb1fcd47b4c"
                ],
                "keywords": [
                    "理想",
                    "销量",
                    "市场",
                    "受欢迎"
                ]
            },
            {
                "summary": "理想品牌在市场上被认为是国产少数几个能够树立高端形象的品牌，具有较高的品牌调性和市场认可度。",
                "summary_topic": "品牌调性高",
                "uuid": [
                    "f54540ee-83f7-4c42-8fc0-a0f9e16323de",
                    "b80bbe75-be3a-431f-b0fb-3ca4a9d77786",
                    "353bfdb4-f00c-49e4-a4ec-97d9e2775a67"
                ],
                "keywords": [
                    "理想",
                    "高端形象",
                    "品牌调性",
                    "市场认可度"
                ]
            }
        ],
        "disadvantage": [
            {
                "summary": "理想品牌在技术实力上被质疑，特别是发动机技术缺乏自主研发，依赖外部供应。",
                "summary_topic": "技术实力弱",
                "uuid": [
                    "45141477-3ced-4537-a102-b8b5ec36857d",
                    "c83b2df3-ae2b-4590-991a-ba8dc01abbfb",
                    "2f577e02-a025-4685-b8f4-4687509c4966"
                ],
                "keywords": [
                    "技术",
                    "发动机",
                    "捡破烂",
                    "外部供应"
                ]
            },
            {
                "summary": "理想品牌的安全性受到质疑，特别是在碰撞测试中的表现不佳，引发用户担忧。",
                "summary_topic": "安全性差",
                "uuid": [
                    "4ac67654-8134-4c8e-b10d-08faf13c0eed",
                    "d74322b7-236f-476c-8572-e084edb20f68",
                    "3cc5643d-7b22-4d83-baed-e42c84e94246"
                ],
                "keywords": [
                    "安全性",
                    "碰撞",
                    "后排",
                    "假人数据"
                ]
            },
            {
                "summary": "理想品牌在安全性方面存在争议，部分用户对其碰撞测试结果表示担忧。",
                "summary_topic": "安全性存疑",
                "uuid": [
                    "c7e05c5f-a2a0-4220-917c-228d8a39fc2a",
                    "7afbaed5-80d2-4227-9301-cdb3288e6ea9",
                    "500ade7f-2578-409d-a9a6-d2271981763b"
                ],
                "keywords": [
                    "理想",
                    "安全性",
                    "碰撞测试"
                ]
            },
            {
                "summary": "理想品牌在技术创新方面被认为依赖于供应商，缺乏核心技术。",
                "summary_topic": "技术创新弱",
                "uuid": [
                    "7d277f8e-03b1-41ea-8592-1c2adc2670d8",
                    "c1ff1819-ba34-46e5-9377-ec1d00f00eb5",
                    "8d768e1f-f6c8-4d44-a966-4d2cf118b02c"
                ],
                "keywords": [
                    "理想",
                    "技术创新",
                    "供应商",
                    "核心技术"
                ]
            },
            {
                "summary": "理想品牌在网络上的口碑不佳，常被批评，尽管现实中销量不错。",
                "summary_topic": "网络口碑差",
                "uuid": [
                    "e973effb-d7d2-457d-ad07-ad3e24b083a3",
                    "96e64bfc-5ffb-4bd7-a661-05528c4ae1d5",
                    "c60809c7-0a05-44aa-a8a1-2bee694006f4"
                ],
                "keywords": [
                    "理想",
                    "喷",
                    "网络口碑",
                    "批评"
                ]
            }
        ],
        "theme": "品牌口碑"
    }
]