[
    {
        "advantage": [
            {
                "summary": "终身质保政策提供了长期的售后保障。",
                "summary_topic": "终身质保好",
                "uuid": [
                    "46b9ffe8-4d33-4201-988e-c045a70c9ebe",
                    "29f7e8b7-923f-419c-815e-d7f1defa7e1e"
                ],
                "keywords": [
                    "终身质保",
                    "免费换电池",
                    "售后服务"
                ]
            },
            {
                "summary": "比亚迪售后服务网点多，维修方便。",
                "summary_topic": "售后服务好",
                "uuid": [
                    "ad634ec8-e55f-4760-a34d-5a72982547dd"
                ],
                "keywords": [
                    "比亚迪",
                    "售后",
                    "维修",
                    "店多"
                ]
            },
            {
                "summary": "售后服务价格实惠，用户体验良好。",
                "summary_topic": "售后价格优",
                "uuid": [
                    "301fd95c-60e7-4234-8473-b09161b5ce52"
                ],
                "keywords": [
                    "保养",
                    "换件",
                    "实惠",
                    "用户体验"
                ]
            }
        ],
        "disadvantage": [
            {
                "summary": "售后服务态度差，问题解决不及时。",
                "summary_topic": "售后态度差",
                "uuid": [
                    "91c4372e-e136-404f-866a-670dcdc204de",
                    "6ed4e608-fb56-4ba8-b8de-edf729537a15"
                ],
                "keywords": [
                    "问题",
                    "车主",
                    "解决",
                    "售后服务"
                ]
            },
            {
                "summary": "售后维修成本高，配件难以获得。",
                "summary_topic": "维修成本高",
                "uuid": [
                    "5a500a48-7872-41c2-a8df-da5fcf49a598",
                    "afaf725a-2c8f-4bac-8505-e00fc1199ca1"
                ],
                "keywords": [
                    "维修成本",
                    "故障",
                    "维修费用"
                ]
            },
            {
                "summary": "售后服务不可靠，配件供应不稳定。",
                "summary_topic": "售后不可靠",
                "uuid": [
                    "f6f5be6c-88e6-403d-a21e-7ab7200ffaac"
                ],
                "keywords": [
                    "售后服务",
                    "配件",
                    "可靠性"
                ]
            }
        ],
        "theme": "售后服务"
    },
    {
        "advantage": [
            {
                "summary": "购买体验中，许多用户提到通过置换补贴和各种优惠政策，能够以较低的价格购车，这使得购车过程更加经济实惠。",
                "summary_topic": "购车优惠多",
                "uuid": [
                    "d9a1f113-79fa-48d7-b874-3896f60e174e",
                    "fd45178e-f542-4031-88df-923966177e10",
                    "60521611-ba72-4562-a50a-f69839b4d4f2",
                    "b92fc5ef-c223-429e-8de8-731433b44bc5",
                    "7b9b4269-135f-42e0-a021-9414253f98b9"
                ],
                "keywords": [
                    "购车优惠",
                    "补贴",
                    "置换补贴",
                    "省补",
                    "厂补"
                ]
            },
            {
                "summary": "用户提到在购车过程中，4S店提供了较为便捷的贷款服务，部分用户享受到了免息贷款的优惠，这使得购车更加方便。",
                "summary_topic": "贷款服务便捷",
                "uuid": [
                    "3693f0a5-73de-4b1e-8354-3404a1d0234d",
                    "23ad664e-e251-4247-b810-11b4341614da",
                    "40f02e76-f7e3-4eb4-965c-6f9f2e526d29",
                    "8443c53e-5233-469a-867d-779739b8774d",
                    "47c9cef0-1dee-4220-b775-645983ca1a4c"
                ],
                "keywords": [
                    "贷款",
                    "免息",
                    "提前还款",
                    "贷款服务"
                ]
            }
        ],
        "disadvantage": [
            {
                "summary": "一些用户在购车过程中遇到4S店服务不佳的问题，包括销售态度不佳和购车优惠不透明等，影响了整体购买体验。",
                "summary_topic": "4S店服务差",
                "uuid": [
                    "de9b9b53-dfd7-4842-a716-0fd54689a070",
                    "3ee8ed36-f2dc-419d-8490-52e0ce5d1a7c",
                    "e7bd60aa-3926-41e8-90dd-474254256493",
                    "d894056a-4e4c-4c02-8e4d-8a9e45636477",
                    "1cac830b-8af5-4c47-b41f-709b279086f3"
                ],
                "keywords": [
                    "4S店",
                    "服务",
                    "销售",
                    "优惠不透明"
                ]
            },
            {
                "summary": "部分用户反映在购车后发现车辆存在问题，导致实际体验与预期不符，造成了购买后的失望和不满。",
                "summary_topic": "购后体验差",
                "uuid": [
                    "f70773c0-1f63-41e3-9b4d-2f45f90af15b",
                    "6d8defdf-78da-43be-b444-fd6365bb2021",
                    "51b5f5da-6b9a-46b9-a34e-f7791ec94c5b",
                    "e2972865-13cc-4a4a-ae18-26fc8ff21d94",
                    "d2608815-43a4-45b7-bcef-83ba46104b97"
                ],
                "keywords": [
                    "车辆问题",
                    "体验",
                    "失望",
                    "不满"
                ]
            }
        ],
        "theme": "购买体验"
    },
    {
        "advantage": [
            {
                "summary": "腾势Z9 GT的智能化配置丰富，配备了14颗摄像头、5颗毫米波雷达、2颗激光雷达，以及英伟达DRIVE OrinX芯片，支持高级别的自动驾驶功能。",
                "summary_topic": "智能配置丰富",
                "uuid": [
                    "ea679476-c026-4e78-b554-6a54d5c11fdc",
                    "1146a05a-9bd0-4fa5-9228-77d61c80569c",
                    "1bc94904-7d62-4804-afbf-53e98ddbe9be",
                    "4b7f62f3-5ad3-43f6-8398-1632128cd153",
                    "340771ee-8c50-4851-a706-b56091bdabf7",
                    "4f43488e-7138-4ac1-9d60-5d40007bd885",
                    "11bf6da0-d7cf-476c-8f4f-f4a2703d83e0",
                    "9291421d-128b-4ea4-8b6c-2aa365e1c298"
                ],
                "keywords": [
                    "智能化配置",
                    "摄像头",
                    "毫米波雷达",
                    "激光雷达",
                    "英伟达DRIVE OrinX",
                    "自动驾驶"
                ]
            },
            {
                "summary": "问界M5的语音交互功能强大，智能化程度高。",
                "summary_topic": "语音交互强",
                "uuid": [
                    "ad3126f0-486e-463f-8358-c8155174cd35"
                ],
                "keywords": [
                    "问界M5",
                    "语音交互",
                    "智能化"
                ]
            },
            {
                "summary": "比亚迪汉DM-i的智能化程度高，语音指令响应迅速。",
                "summary_topic": "语音指令快",
                "uuid": [
                    "de076345-9c8a-44c3-b3e1-a2f37d71bf67"
                ],
                "keywords": [
                    "比亚迪汉DM-i",
                    "智能化",
                    "语音指令"
                ]
            }
        ],
        "disadvantage": [
            {
                "summary": "比亚迪的智驾功能被认为聊胜于无，没有实质性作用。",
                "summary_topic": "智驾功能弱",
                "uuid": [
                    "324b1d0c-1457-4de4-92f1-83707225876a",
                    "db3d75c7-6a8f-4500-a7b7-a3f42e6cd315"
                ],
                "keywords": [
                    "比亚迪",
                    "智驾",
                    "聊胜于无"
                ]
            },
            {
                "summary": "车机故障可能导致车辆无法行驶，用户体验不佳。",
                "summary_topic": "车机故障多",
                "uuid": [
                    "affd64b4-510c-47ab-aecb-5d7539cf292a"
                ],
                "keywords": [
                    "车机故障",
                    "用户体验",
                    "产品质量"
                ]
            },
            {
                "summary": "智能跟车功能决策不清晰，提示不明显，乘坐体验不佳。",
                "summary_topic": "跟车体验差",
                "uuid": [
                    "18a220bc-2bf4-407a-af41-e3bc3759fa2d"
                ],
                "keywords": [
                    "智能跟车",
                    "决策不清晰",
                    "提示不明显"
                ]
            }
        ],
        "theme": "智能系统"
    },
    {
        "advantage": [
            {
                "summary": "汉的空间非常宽敞，后排空间大，适合家用和商务用途。",
                "summary_topic": "空间宽敞舒适",
                "uuid": [
                    "ebf2d5ee-28e8-4410-bc89-2d6d8e35f8d1",
                    "6b5d468f-aabe-4864-87ae-dbc44cf3c34c",
                    "2b763e94-5135-44bb-b950-b2f2c8850fa3"
                ],
                "keywords": [
                    "空间",
                    "宽敞",
                    "舒适",
                    "家用",
                    "商务"
                ]
            },
            {
                "summary": "腾势Z9 GT的车身尺寸更大，车内空间可能更宽敞。",
                "summary_topic": "车内空间大",
                "uuid": [
                    "ea679476-c026-4e78-b554-6a54d5c11fdc",
                    "1146a05a-9bd0-4fa5-9228-77d61c80569c",
                    "4b7f62f3-5ad3-43f6-8398-1632128cd153"
                ],
                "keywords": [
                    "腾势Z9 GT",
                    "车身尺寸",
                    "空间",
                    "宽敞"
                ]
            },
            {
                "summary": "汉的座舱空间宽敞，特别适合体型较大的人，提供了良好的舒适性。",
                "summary_topic": "座舱宽敞舒适",
                "uuid": [
                    "7141379a-98bc-41d8-a4ac-3746dfdd7173"
                ],
                "keywords": [
                    "座舱",
                    "宽敞",
                    "舒适"
                ]
            },
            {
                "summary": "汉的后排空间较大，腿部空间充足，乘坐舒适。",
                "summary_topic": "后排空间大",
                "uuid": [
                    "eab08881-9897-491e-9573-9aa15973dce5"
                ],
                "keywords": [
                    "后排空间",
                    "腿",
                    "伸直"
                ]
            },
            {
                "summary": "汉的乘坐空间大，适合家用，提供舒适的乘坐体验。",
                "summary_topic": "乘坐空间大",
                "uuid": [
                    "9693f69b-6924-4d14-89d8-239c5d5a4266"
                ],
                "keywords": [
                    "家用空间",
                    "舒适型"
                ]
            }
        ],
        "disadvantage": [
            {
                "summary": "汉的后排空间不够舒适，腿部空间有限，长途乘坐体验不佳。",
                "summary_topic": "后排空间差",
                "uuid": [
                    "984704a6-5d91-49d2-be82-fd209a00bd31",
                    "c24b3bda-f9cd-4ce0-b904-bd22c17b892d",
                    "a3f7da21-c88d-4bac-b59a-5a5663c2c2b6"
                ],
                "keywords": [
                    "后排空间",
                    "舒适性",
                    "腿部空间",
                    "长途乘坐"
                ]
            },
            {
                "summary": "汉的后排中间位置坐着不舒服，地台凸起影响乘坐体验。",
                "summary_topic": "地台凸起影响",
                "uuid": [
                    "52fee272-b15a-436c-807e-73c71f0bc8cc",
                    "94ea8a4c-a62e-474c-9093-510f0b998c24",
                    "c173634f-5c6c-43ca-9d90-f83314b2d200"
                ],
                "keywords": [
                    "后排中间",
                    "地台凸起",
                    "舒适性"
                ]
            },
            {
                "summary": "汉的后排中间位置设计不佳，头部空间不足，容易碰头。",
                "summary_topic": "头部空间不足",
                "uuid": [
                    "19e1a93f-3873-426d-ab48-51ba64983e87"
                ],
                "keywords": [
                    "后排中间位置",
                    "碰头",
                    "设计问题",
                    "凸起",
                    "头顶下凸"
                ]
            },
            {
                "summary": "汉的后排地板不平，影响乘坐舒适性。",
                "summary_topic": "后排地板不平",
                "uuid": [
                    "92e3cd95-aa3b-4f18-8cd1-791c659e11f1"
                ],
                "keywords": [
                    "后排地板",
                    "不是纯平"
                ]
            },
            {
                "summary": "汉的后备箱空间小，影响储物能力。",
                "summary_topic": "后备箱空间小",
                "uuid": [
                    "ad0b34f4-c23a-4eb5-991d-e4423c13bbb0"
                ],
                "keywords": [
                    "后备箱空间",
                    "行李箱",
                    "婴儿推车"
                ]
            }
        ],
        "theme": "空间舒适"
    },
    {
        "advantage": [
            {
                "summary": "汉的外观设计被广泛赞誉为非常好看，吸引了很多消费者的目光，甚至被认为是颜值巅峰。",
                "summary_topic": "外观设计好",
                "uuid": [
                    "8d00d1e0-9583-4ea9-aa81-c7fa4e51983b",
                    "b8e819ac-fb96-4d93-94ea-7dfa9f7bf5f2",
                    "b4dcd82e-10fc-467e-b4b3-4a92aa05a66c",
                    "761bc1b6-0342-48b8-a44c-08f19befed77",
                    "04543119-dd0e-4f0d-8ef7-6963b9679812"
                ],
                "keywords": [
                    "外观",
                    "好看",
                    "颜值",
                    "设计"
                ]
            },
            {
                "summary": "汉的外观被认为具有高级感，与同价位的合资车相比，展现出明显的优越性。",
                "summary_topic": "外观高级感",
                "uuid": [
                    "9d7bf00b-80c5-468f-9dd4-898edca8135b",
                    "04b6685e-f742-4429-96e8-5be1b0594266",
                    "b467e298-6933-421d-a8b9-9321180f6578",
                    "6602b615-7b9b-4deb-a882-638221be1eb7",
                    "1d4e5da3-8ba9-4b73-b7d4-7cfeb20db0ed"
                ],
                "keywords": [
                    "高级",
                    "外观",
                    "合资",
                    "质感"
                ]
            },
            {
                "summary": "汉的外观设计被广泛认为是比亚迪车系中的巅峰之作，具有高颜值和独特的设计风格。",
                "summary_topic": "外观设计佳",
                "uuid": [
                    "8873ec21-3bf4-414b-b6d4-6dfadcd206b8",
                    "25fb6ad6-42a8-4f21-a02d-9ba83ec7a251",
                    "55553b0d-4beb-443f-b3ff-1138a23fe350",
                    "b5f613ea-5987-421c-9c26-6f6851187ef6",
                    "cbcf08d9-9b3b-4034-bbbb-c3ca93bc1934"
                ],
                "keywords": [
                    "外观",
                    "设计",
                    "颜值",
                    "巅峰",
                    "比亚迪"
                ]
            },
            {
                "summary": "汉的外观被认为是高端大气，尤其是黑色款式被认为非常帅气。",
                "summary_topic": "外观大气帅",
                "uuid": [
                    "6e70160c-55f2-4da5-b1ec-a3da9a090f78",
                    "b7ca5e2c-ed46-4291-ba65-003d5847067f",
                    "b549f024-68f1-44bf-aae1-fd2f172bbf08",
                    "d49c5528-dfb0-41a3-a35a-28b1fab516d6",
                    "c642e177-498c-4f1b-9b23-efcce666f0e7"
                ],
                "keywords": [
                    "外观",
                    "黑色",
                    "帅气",
                    "大气",
                    "高端"
                ]
            },
            {
                "summary": "汉的外观设计被认为具有浓厚的中国风，优雅且不易过时。",
                "summary_topic": "外观优雅风",
                "uuid": [
                    "55553b0d-4beb-443f-b3ff-1138a23fe350",
                    "91ea8040-e7ce-4164-9b1e-556e293d26c2",
                    "74aada8f-d82d-4142-a43d-b1c687c692d0",
                    "e66a9faa-52cd-400e-9733-05333a36ada9"
                ],
                "keywords": [
                    "外观",
                    "优雅",
                    "中国风",
                    "不易过时"
                ]
            }
        ],
        "disadvantage": [
            {
                "summary": "钢琴烤漆的设计虽然好看，但容易留下指纹和划痕，导致使用体验不佳。",
                "summary_topic": "烤漆易划痕",
                "uuid": [
                    "706ad7a3-6ebd-4dd2-af62-98ec99a1aa92",
                    "962560d3-3fcb-4655-8432-bad24ec48051",
                    "fa4be4a8-f70b-4a7b-a9a5-e4d9b53f4e1d",
                    "6c828167-83b4-44cf-9655-8eedcf211511",
                    "4167ad6e-718a-43b8-9bca-0a2eb5a712be"
                ],
                "keywords": [
                    "钢琴烤漆",
                    "指纹",
                    "划痕",
                    "外观"
                ]
            },
            {
                "summary": "部分消费者认为汉的外观设计显得臃肿，缺乏轻盈感。",
                "summary_topic": "外观显臃肿",
                "uuid": [
                    "d9740212-a94c-4ae3-96eb-6bd12bb47c6c",
                    "b0df8758-a698-4f75-af5d-b07caaa08875",
                    "197ac691-f9e6-4d41-8d9f-7966f3d94253",
                    "fa94364c-d8af-4451-92f7-df3aab60ca85",
                    "67309df1-b686-49d6-b4b2-ec9637fa6e04"
                ],
                "keywords": [
                    "臃肿",
                    "外观",
                    "设计",
                    "轻盈"
                ]
            },
            {
                "summary": "钢琴烤漆内饰虽然好看，但容易留下指纹和划痕，被认为不实用。",
                "summary_topic": "烤漆不实用",
                "uuid": [
                    "5e8a7cea-99cb-44b9-9207-3681232ba4d7",
                    "ac6d18f8-ba31-4ca1-802d-059b006fa3a6",
                    "779a29e3-ce85-4f4a-8b11-e3b824ad8743",
                    "a4cf474d-08f1-4155-88d8-1620cf6e571e",
                    "37088544-cc89-43ae-a05b-cd1147019676"
                ],
                "keywords": [
                    "钢琴烤漆",
                    "指纹",
                    "划痕",
                    "不实用"
                ]
            },
            {
                "summary": "内饰设计被认为塑料感强，缺乏高档感。",
                "summary_topic": "内饰塑料感",
                "uuid": [
                    "188ec212-9189-4910-9559-1a0e2cd6f07a",
                    "05c3dbf1-e2fc-448f-8a93-f95df7644277",
                    "cf37ca43-de39-4c29-b6cc-a84cefd77eb3",
                    "94742809-e503-4820-937b-99539e6d84ea",
                    "2238bd62-fd0a-4df9-93c1-40ad95e6ef46"
                ],
                "keywords": [
                    "内饰",
                    "塑料感",
                    "高档感"
                ]
            },
            {
                "summary": "档把和按键设计被认为廉价且不够精致。",
                "summary_topic": "按键廉价感",
                "uuid": [
                    "cd354bc6-ab19-471e-a1de-331b6b8ce1ed",
                    "188ec212-9189-4910-9559-1a0e2cd6f07a",
                    "37088544-cc89-43ae-a05b-cd1147019676",
                    "d26e64c2-5a70-4915-8cc2-67f137195b0b",
                    "a4cf474d-08f1-4155-88d8-1620cf6e571e"
                ],
                "keywords": [
                    "档把",
                    "按键",
                    "廉价",
                    "设计"
                ]
            }
        ],
        "theme": "外观内饰"
    },
    {
        "advantage": [
            {
                "summary": "腾势Z9 GT的动力性能更强，提供纯电和插混两种动力版本，三电机四驱车型，综合最大功率710kW，可实现3.4秒破百。",
                "summary_topic": "动力性能强",
                "uuid": [
                    "ea679476-c026-4e78-b554-6a54d5c11fdc",
                    "1146a05a-9bd0-4fa5-9228-77d61c80569c",
                    "1bc94904-7d62-4804-afbf-53e98ddbe9be",
                    "4b7f62f3-5ad3-43f6-8398-1632128cd153",
                    "340771ee-8c50-4851-a706-b56091bdabf7"
                ],
                "keywords": [
                    "动力性能",
                    "三电机",
                    "四驱",
                    "710kW",
                    "3.4秒破百"
                ]
            },
            {
                "summary": "车辆在高速行驶时表现出较低的油耗，尤其是在特定的驾驶模式下更为省油。",
                "summary_topic": "高速油耗低",
                "uuid": [
                    "5f5af5dd-f48e-4d1f-ad38-052cf0104459",
                    "b3a3012d-06a4-48b2-aa28-c8b06255a511",
                    "b76a18f0-842b-4692-a616-3c7eb54fd462"
                ],
                "keywords": [
                    "运动模式",
                    "油耗",
                    "高速",
                    "省油"
                ]
            },
            {
                "summary": "海豹的驾驶质感被认为优于汉，转向灵活，驾驶乐趣高。",
                "summary_topic": "驾驶质感好",
                "uuid": [
                    "0018e699-40e7-40b9-8891-75992d28e392",
                    "fab26dbd-9531-43a7-81e0-771a8950fb17",
                    "9ef50f53-b9df-4063-8ea1-85e9d8820b05"
                ],
                "keywords": [
                    "海豹",
                    "驾驶质感",
                    "转向",
                    "驾驶乐趣"
                ]
            },
            {
                "summary": "新款汉的动力系统升级，百公里加速从7.9秒提升到6.9秒。",
                "summary_topic": "动力系统优",
                "uuid": [
                    "45b5088e-5218-4e47-b28e-94f29d87d2f6",
                    "f62a2c7a-f5a5-48f6-9349-bca61cac6da4"
                ],
                "keywords": [
                    "动力系统",
                    "升级",
                    "加速",
                    "7.9秒",
                    "6.9秒"
                ]
            },
            {
                "summary": "车辆的动力表现强劲，尤其在加速和高速行驶时表现出色。",
                "summary_topic": "动力表现强",
                "uuid": [
                    "206a6592-f052-4b53-9aff-515eb1597ce0",
                    "ab867d23-d2b3-48cb-9fca-c15b404aa74b"
                ],
                "keywords": [
                    "动力",
                    "加速",
                    "马力",
                    "扭矩"
                ]
            }
        ],
        "disadvantage": [
            {
                "summary": "汉的转弯半径较大，影响驾驶灵活性。",
                "summary_topic": "转弯半径大",
                "uuid": [
                    "7bba13d3-63c7-40c5-a7e1-dcf9127df263",
                    "c0378664-4183-4838-9585-797db15dad6f",
                    "e728ffde-815a-4589-bc02-ebedddbbebfb",
                    "cdc36230-c88b-4701-8a0c-e23620ffbb71",
                    "d19d1d68-4996-4fbb-ac09-8d0bd109e8fa"
                ],
                "keywords": [
                    "转弯半径",
                    "驾驶性能",
                    "灵活性"
                ]
            },
            {
                "summary": "汉的底盘设计被批评为不够先进，影响操控性能。",
                "summary_topic": "底盘设计差",
                "uuid": [
                    "d141064b-9f03-40bc-b5a9-1ebea0feb99e",
                    "f41bb86e-8f77-4cf0-aebd-7dc4c4fd1a47",
                    "055ef8df-4129-48b9-9e55-b13b4c2cc36b",
                    "5c5f4aa8-2913-4840-941d-320bec3ceeab",
                    "fd88beda-ecaf-42ff-a4c7-f342e8fb108d"
                ],
                "keywords": [
                    "底盘",
                    "设计",
                    "操控",
                    "不够先进"
                ]
            },
            {
                "summary": "汉的驾驶体验在颠簸路面上表现不佳，转弯半径大。",
                "summary_topic": "驾驶体验差",
                "uuid": [
                    "256a89fd-1654-4eb1-ab58-4ffa1a737183",
                    "ec9f4ade-781e-4e08-8400-8ffa45219916",
                    "9a3d8b1c-2f3f-451e-ac56-37a28c0e936f"
                ],
                "keywords": [
                    "驾驶体验",
                    "颠簸路面",
                    "转弯半径"
                ]
            },
            {
                "summary": "车辆在高速行驶时油耗较高，尤其是在超过一定速度后油耗显著增加。",
                "summary_topic": "高速油耗高",
                "uuid": [
                    "da396de1-cf29-42f2-8ad6-b335b8507c7d",
                    "40f3b0c7-f91e-4597-9b75-a851983c54fe",
                    "743e85b1-4d9e-4bc8-bdbf-080151a5d390"
                ],
                "keywords": [
                    "油耗",
                    "高速",
                    "能耗",
                    "比亚迪"
                ]
            },
            {
                "summary": "车辆的悬挂系统在高速行驶时表现不佳，导致驾驶体验不够舒适。",
                "summary_topic": "悬挂表现差",
                "uuid": [
                    "d9fb35ac-a16f-47ff-9097-e6e2e527a6a1",
                    "c6e07d5a-6afb-4f2d-81cf-57b3da9a8fed"
                ],
                "keywords": [
                    "悬挂",
                    "舒适性",
                    "驾驶体验"
                ]
            }
        ],
        "theme": "驾驶性能"
    },
    {
        "advantage": [
            {
                "summary": "比亚迪汉的销量和品牌认可度较高，市场表现良好，用户普遍对其外观和品牌形象持积极态度。",
                "summary_topic": "销量品牌认可",
                "uuid": [
                    "f6f5be6c-88e6-403d-a21e-7ab7200ffaac",
                    "ab05056a-d890-4163-bf72-11e64cb0c6a5",
                    "87d7cf0a-2375-4541-ab1d-fb834f8fb7bf",
                    "86cb1bed-75b0-43bb-8a2b-ed9d4cc739f7",
                    "362b4a23-2233-41d0-9849-e33eaf47f8c9"
                ],
                "keywords": [
                    "销量",
                    "品牌",
                    "认可",
                    "外观",
                    "市场表现"
                ]
            },
            {
                "summary": "比亚迪汉的外观设计被认为是国产轿车中的天花板级别，具有较高的美感和吸引力。",
                "summary_topic": "外观设计出色",
                "uuid": [
                    "8e41a238-7782-40c5-a83e-9cf282b64d9f",
                    "095bbf7e-5339-4628-a204-fea0e58eb121",
                    "8873ec21-3bf4-414b-b6d4-6dfadcd206b8",
                    "6d6019ce-a9c9-483a-8cee-b03a9e3c10d9",
                    "253cabab-a1e1-4eba-a3e6-fbed35ce6d3a"
                ],
                "keywords": [
                    "外观",
                    "设计",
                    "美感",
                    "天花板",
                    "吸引力"
                ]
            },
            {
                "summary": "比亚迪品牌在国内市场的认可度较高，尤其是在体制内和网约车市场中表现突出。",
                "summary_topic": "品牌认可度高",
                "uuid": [
                    "48e8fdfb-f303-4db5-9b7d-2bddb955533b",
                    "96f1c16a-eab1-42bf-bbbb-8e3a127378d3",
                    "e70d1b7e-733c-4558-b061-cd1af16a759d",
                    "429d2568-0d67-406b-954a-c4f196038921",
                    "e709eee1-fa4a-4096-8a67-84c68616752b"
                ],
                "keywords": [
                    "比亚迪",
                    "认可",
                    "体制内",
                    "网约车",
                    "市场"
                ]
            },
            {
                "summary": "比亚迪在新能源领域的市场表现强劲，销量持续增长，显示出品牌的市场竞争力。",
                "summary_topic": "市场表现强劲",
                "uuid": [
                    "cffb6fa3-1409-49b3-bba4-4c4660c3e8d4",
                    "71300ecf-ab2e-4e10-8b8a-84ac92a6e696",
                    "e3acfa50-6b7e-49ad-b979-077ab3fcf27c",
                    "d72abac0-db3c-4a8a-9964-c864fd2a3626",
                    "6104ea8d-720c-4442-9a12-8dd4a4526bea"
                ],
                "keywords": [
                    "市场表现",
                    "销量",
                    "竞争力",
                    "新能源"
                ]
            },
            {
                "summary": "比亚迪汉的品牌形象在市场上得到了提升，成为该价位段的首选车型，因其设计和品牌影响力吸引了众多消费者。",
                "summary_topic": "品牌形象提升",
                "uuid": [
                    "169c0dd0-ae16-4781-88de-8ce58e15b598",
                    "fd88beda-ecaf-42ff-a4c7-f342e8fb108d",
                    "fa2dd876-d0dc-49d7-a911-a1b663ffd9d0",
                    "73a7cfed-221e-446d-8ea3-cfbe2b8fdc50"
                ],
                "keywords": [
                    "比亚迪汉",
                    "品牌形象",
                    "市场",
                    "首选车型"
                ]
            }
        ],
        "disadvantage": [
            {
                "summary": "比亚迪汉的内饰设计被部分用户认为缺乏高级感，存在土气和廉价感。",
                "summary_topic": "内饰设计土气",
                "uuid": [
                    "f6d8be4c-5eac-4999-8b2e-020c40d17f65",
                    "e1a38998-7352-408e-a350-0cf294866cec",
                    "9fa4e087-ddb5-46d5-a0fa-19c4b5549d66",
                    "6dc2c76a-233d-4fba-bb14-c336994d92db",
                    "4d05db7d-8519-4878-a163-b8ff091e4db5"
                ],
                "keywords": [
                    "内饰",
                    "土气",
                    "廉价",
                    "设计",
                    "高级感"
                ]
            },
            {
                "summary": "比亚迪汉的品牌形象在部分用户中仍存在偏见，认为其不如合资品牌。",
                "summary_topic": "品牌形象偏见",
                "uuid": [
                    "a806f427-5d67-4cfd-8436-7cc86d9dc9d3",
                    "09a83ff4-ae95-4930-a70d-dd9313d6332a",
                    "81d551d6-3de3-44ec-952a-37435e0bf524",
                    "cdd2f79a-0c5f-4a9b-a1b7-973919bd6428",
                    "043de3f1-a187-4fc7-82be-720e6b744850"
                ],
                "keywords": [
                    "品牌形象",
                    "偏见",
                    "合资品牌",
                    "不如",
                    "用户"
                ]
            },
            {
                "summary": "比亚迪在海外市场面临挑战，尤其是在欧洲市场受到关税和品牌认知的限制。",
                "summary_topic": "海外市场挑战",
                "uuid": [
                    "1c81de38-aaf0-45b5-ad56-5fc3d2b628a3",
                    "638808aa-ea1f-4fef-b3a3-fe78eb6d93ec",
                    "99e2d945-4878-4fb6-a6c7-009e2ebf20d0",
                    "d9d5d69a-a9bb-4f13-916e-46cf5628fce9",
                    "f0dcea7c-790e-4fe9-9066-746ce06c4c41"
                ],
                "keywords": [
                    "海外市场",
                    "挑战",
                    "关税",
                    "品牌认知",
                    "欧洲"
                ]
            },
            {
                "summary": "比亚迪的品牌形象在年轻消费者中不如其他品牌，主要吸引中老年人和网约车市场。",
                "summary_topic": "品牌形象局限",
                "uuid": [
                    "46fa46af-4dcf-4450-97c0-b54da38d5dfb",
                    "577aa72d-9393-46c5-b396-396c72ad411a",
                    "75d97cf3-92bf-4d48-af54-aadbc10ea889",
                    "674b181d-cbf2-4767-9725-4ddcb7b5aa59",
                    "1cac830b-8af5-4c47-b41f-709b279086f3"
                ],
                "keywords": [
                    "品牌形象",
                    "年轻消费者",
                    "中老年人",
                    "网约车"
                ]
            },
            {
                "summary": "比亚迪汉的品牌力与其他国际品牌相比仍有差距，影响其在高端市场的竞争力。",
                "summary_topic": "品牌力不足",
                "uuid": [
                    "73a7cfed-221e-446d-8ea3-cfbe2b8fdc50",
                    "c7bcc9ae-340f-4aa9-af64-3c8c6e6ca98f"
                ],
                "keywords": [
                    "比亚迪汉",
                    "品牌力",
                    "高端市场",
                    "竞争力"
                ]
            }
        ],
        "theme": "品牌口碑"
    },
    {
        "advantage": [
            {
                "summary": "多种优惠政策使得购车成本降低，例如置换补贴、保险补贴和现金优惠等，吸引了许多消费者。",
                "summary_topic": "价格优惠多",
                "uuid": [
                    "9f5d6fcb-c3d1-4749-9ede-d72e3cb37d5a",
                    "e9dde38a-7ac8-4fc8-a448-8ee688c14ff7",
                    "40f02e76-f7e3-4eb4-965c-6f9f2e526d29",
                    "d9a1f113-79fa-48d7-b874-3896f60e174e",
                    "5e194daa-015d-4f0f-b5d8-5beecccbf0db"
                ],
                "keywords": [
                    "优惠",
                    "补贴",
                    "现金优惠",
                    "置换补贴",
                    "保险补贴"
                ]
            },
            {
                "summary": "性价比高的车型在同价位中具有竞争优势，吸引预算有限的消费者。",
                "summary_topic": "性价比高",
                "uuid": [
                    "0c690df4-9c0a-44a1-80ae-7330569527ae",
                    "6445b7c5-c07e-48f6-bd85-a4e768a94529",
                    "f80981c3-1429-49a4-afb1-a4c04ac04204",
                    "de6799d9-2905-433f-be86-15e0988bb66d",
                    "fa2dd876-d0dc-49d7-a911-a1b663ffd9d0"
                ],
                "keywords": [
                    "性价比",
                    "竞争力",
                    "价格",
                    "预算",
                    "优势"
                ]
            },
            {
                "summary": "贷款和分期付款选项多样，降低了购车的经济压力。",
                "summary_topic": "贷款选择多",
                "uuid": [
                    "fe6ceb77-cbec-47e2-a363-328c1c561f28",
                    "cce15617-bb96-4124-83b6-3c11a4fa3296",
                    "27240b26-8c88-4871-a586-1b34bc8bae51",
                    "3693f0a5-73de-4b1e-8354-3404a1d0234d",
                    "6646632f-625f-426d-a865-84977e09130c"
                ],
                "keywords": [
                    "贷款",
                    "分期",
                    "经济压力",
                    "购车方式",
                    "选择"
                ]
            },
            {
                "summary": "比亚迪汉的价格相对较低，性价比高，吸引了不少消费者。",
                "summary_topic": "价格性价比高",
                "uuid": [
                    "f74af694-c92a-4cd5-99b9-44f7aad3a5d1",
                    "73a7cfed-221e-446d-8ea3-cfbe2b8fdc50",
                    "ab05056a-d890-4163-bf72-11e64cb0c6a5",
                    "78900649-5e89-4f3c-83a0-a2fe8bde585c"
                ],
                "keywords": [
                    "比亚迪",
                    "便宜",
                    "性价比",
                    "价格合适"
                ]
            },
            {
                "summary": "购车有补贴，价格较为实惠，尤其对于有旧车置换的用户。",
                "summary_topic": "购车补贴多",
                "uuid": [
                    "d5dd0c41-ce74-4c14-a845-663952072c6f",
                    "d5d00f77-805a-4d37-b6a8-cf3c46ac41f5",
                    "b92fc5ef-c223-429e-8de8-731433b44bc5",
                    "053ae4a9-45d8-4f1f-ac91-e658485a57f1"
                ],
                "keywords": [
                    "购置补贴",
                    "国补",
                    "置换补贴",
                    "省补"
                ]
            }
        ],
        "disadvantage": [
            {
                "summary": "部分车型价格较高，超出消费者预算，导致购买意愿降低。",
                "summary_topic": "价格偏高",
                "uuid": [
                    "92cabd6d-251c-4ede-9b64-9b9eafdcbcc1",
                    "641d2050-1a2a-4bc3-9d24-25704536e398",
                    "a42f41e8-dce2-471c-9b83-fb508b9fd1cf",
                    "c1e4d77a-d33a-49d3-be3b-e00f343307b3",
                    "8ef2e85b-260d-4c43-b8fe-a0fb075e82fd"
                ],
                "keywords": [
                    "价格",
                    "预算",
                    "购买意愿",
                    "高价",
                    "超出预算"
                ]
            },
            {
                "summary": "部分车型的配置与价格不匹配，消费者认为不划算。",
                "summary_topic": "配置不划算",
                "uuid": [
                    "fcb820d3-eeaf-4e00-8d63-0733c08463da",
                    "5e0151d5-d96b-470b-a144-a8a9881a1987",
                    "f07c7f65-0665-4fa1-870a-db612ef477fb",
                    "fe15fcea-f026-450b-9328-db004be4b784",
                    "8a960d98-67e6-469d-9a95-0d6c72101b4b"
                ],
                "keywords": [
                    "配置",
                    "价格",
                    "不划算",
                    "性价比",
                    "消费者"
                ]
            },
            {
                "summary": "电动车的保险和维修成本高于传统燃油车，增加了使用成本。",
                "summary_topic": "使用成本高",
                "uuid": [
                    "4237c92a-1ffb-4aa3-87be-f9cb8438c794",
                    "ec17a1de-25ff-4ce4-aa20-3238aff4c22a",
                    "8576eba6-fc6e-45b0-ab3e-2fbbbcdde681",
                    "374ad7fd-d320-4f3e-9a3e-548a93fc11d6",
                    "4f47cc53-b2fb-4ee0-8230-6f682a5de1b5"
                ],
                "keywords": [
                    "保险",
                    "维修",
                    "使用成本",
                    "电动车",
                    "费用"
                ]
            },
            {
                "summary": "比亚迪汉的保险费用较高，尤其是第一年的保费。",
                "summary_topic": "保险费用高",
                "uuid": [
                    "1df47175-7f57-4205-b8b5-c373088799af",
                    "faf0a2ca-3b8d-4554-a3a5-a052b5900ea1",
                    "e0df9f3d-6c81-4770-adcd-055d30b84407"
                ],
                "keywords": [
                    "保险",
                    "费用",
                    "贵"
                ]
            },
            {
                "summary": "比亚迪的混动方案在高速行驶时油耗较高，不适合长途高速使用。",
                "summary_topic": "高速油耗高",
                "uuid": [
                    "8dfb718b-ec65-42df-ae9a-7c005ddd1d90",
                    "177d6e6d-2f60-4dc1-9270-f64431d3e064",
                    "3ad5a37d-d1a5-4d83-aee7-f9110a3c7eef"
                ],
                "keywords": [
                    "比亚迪",
                    "混动方案",
                    "高速",
                    "油耗"
                ]
            }
        ],
        "theme": "价格成本"
    }
]