[
    {
        "overall_score": 75,
        "dimensions": [
            {
                "dimension": "安全性",
                "score": 85
            },
            {
                "dimension": "舒适性",
                "score": 80
            },
            {
                "dimension": "易用性",
                "score": 70
            },
            {
                "dimension": "经济性",
                "score": 65
            }
        ],
        "keywords": [
            "老年人",
            "代步",
            "安全",
            "舒适",
            "易用"
        ],
        "uuid": [
            "6f24c83f-dac1-4084-a2a3-a84ffb53d565"
        ],
        "scenario": "老年人代步",
        "description": "用于老年人日常出行、购物、就医等。"
    },
    {
        "overall_score": 75,
        "dimensions": [
            {
                "dimension": "舒适性",
                "score": 80
            },
            {
                "dimension": "商务外观",
                "score": 70
            },
            {
                "dimension": "配置丰富度",
                "score": 75
            }
        ],
        "keywords": [
            "商务",
            "座椅",
            "配置"
        ],
        "uuid": [
            "6ecd2657-c388-4e0b-ac2f-cdf201c268ec",
            "50ea8c75-dec8-421e-944f-9681809c9069",
            "9e3ea80e-a517-4962-8cbe-9d89b46ad6b3"
        ],
        "scenario": "商务接待",
        "description": "用于接送客户、商务会议、出差等正式场合。"
    },
    {
        "overall_score": 85,
        "dimensions": [
            {
                "dimension": "奢华感",
                "score": 90
            },
            {
                "dimension": "身份象征",
                "score": 85
            },
            {
                "dimension": "驾驶乐趣",
                "score": 80
            },
            {
                "dimension": "高端社交",
                "score": 85
            }
        ],
        "keywords": [
            "奢华",
            "身份",
            "驾驶乐趣",
            "社交",
            "高端"
        ],
        "uuid": [
            "f030b0f7-41b2-45d3-a9fa-df588646c260",
            "94bd2baa-55b6-4a33-95fe-793c2126a882",
            "56200211-e326-4f28-9cb9-363e6cfc8c5c",
            "bfc3bad2-734a-4613-b993-9e8f1e8cbe9a",
            "6e6e07c8-8ecb-4809-881f-9a4072107ea5"
        ],
        "scenario": "高端奢华",
        "description": "用于展示身份、享受驾驶乐趣、参加高端社交活动。"
    },
    {
        "overall_score": 85,
        "dimensions": [
            {
                "dimension": "外观设计",
                "score": 90
            },
            {
                "dimension": "社交属性",
                "score": 80
            },
            {
                "dimension": "短途旅行",
                "score": 85
            }
        ],
        "keywords": [
            "年轻",
            "个性",
            "社交",
            "旅行",
            "设计"
        ],
        "uuid": [
            "4b059927-e986-4d27-b7ed-5f8a688038d1",
            "02519cbf-f315-48cf-84d7-6b3707041fc2",
            "efe09358-9794-4a56-8718-af55753c4de4",
            "836c6746-784f-4912-b519-e2253e818faa",
            "2dd74742-9b4b-48f5-9504-75571deb97dc"
        ],
        "scenario": "年轻个性",
        "description": "用于展示个性、社交、短途旅行等。"
    },
    {
        "overall_score": 85,
        "dimensions": [
            {
                "dimension": "四驱性能",
                "score": 90
            },
            {
                "dimension": "续航能力",
                "score": 80
            },
            {
                "dimension": "智能驾驶辅助",
                "score": 85
            },
            {
                "dimension": "舒适性",
                "score": 88
            },
            {
                "dimension": "充电便利性",
                "score": 82
            }
        ],
        "keywords": [
            "四驱",
            "越野",
            "露营",
            "长途自驾",
            "智能驾驶"
        ],
        "uuid": [
            "9e1dc8dc-1b48-48c3-acc6-a070ba9ec6bb",
            "70f4ff54-686e-4064-9872-90b4e8062ec1",
            "fdef5aab-5e00-45b5-9b9c-d18a8a44a150",
            "1295c6b1-accd-494b-a74c-a8332f9833ec",
            "306fa9fc-86cb-4998-9046-729716a18cfd"
        ],
        "scenario": "户外探险",
        "description": "用于越野、露营、长途自驾等户外活动。"
    },
    {
        "overall_score": 85,
        "dimensions": [
            {
                "dimension": "续航能力",
                "score": 80
            },
            {
                "dimension": "智能驾驶",
                "score": 90
            },
            {
                "dimension": "经济性",
                "score": 85
            }
        ],
        "keywords": [
            "城市通勤",
            "续航",
            "智能驾驶",
            "经济性",
            "舒适性"
        ],
        "uuid": [
            "c28fb596-0dde-4859-8697-5e3ab6cb81ac",
            "d228e370-0e9d-43c7-92a2-98355a12706f",
            "e2ba328d-3580-4466-bc29-50382cec3f74",
            "a16b6794-341f-41e9-bfe1-c2f88bb0952e",
            "8c4c9775-d7e1-4d30-864c-cc081c180653"
        ],
        "scenario": "城市通勤",
        "description": "用于日常上下班、短途出行等城市内活动。"
    },
    {
        "overall_score": 75,
        "dimensions": [
            {
                "dimension": "空间",
                "score": 90
            },
            {
                "dimension": "舒适性",
                "score": 85
            },
            {
                "dimension": "智能化",
                "score": 80
            },
            {
                "dimension": "续航",
                "score": 60
            },
            {
                "dimension": "性价比",
                "score": 80
            }
        ],
        "keywords": [
            "空间大",
            "舒适",
            "智能化",
            "增程",
            "家用"
        ],
        "uuid": [
            "2c0ca3b0-df76-473e-b855-6b124b0cb222",
            "bd564e48-1f2c-496b-89eb-6d6b5eb45c3a",
            "d6841c8e-073e-42e4-8cc5-d89ff8a73640",
            "0ee236b0-c6ec-48f5-a81f-31b089eaefc3",
            "cc1e8cfa-3c1f-4f64-8746-4e6d30a3e46e"
        ],
        "scenario": "家庭出行",
        "description": "用于日常通勤、周末郊游、长途旅行等家庭活动。"
    }
]