[
    {
        "advantage": [
            {
                "summary": "理想汽车凭借其创新的技术和对市场需求的深刻理解，迅速在消费者中建立了良好的口碑。理想L6作为理想汽车旗下的一款中型SUV，不仅继承了品牌的智能化和电动化特点，更在设计、性能和用户体验上进行了全面升级。",
                "summary_topic": "品牌口碑良好",
                "uuid": [
                    "84681dcf-2193-42cd-ae97-146d6efd6bfa"
                ],
                "keywords": [
                    "理想L6",
                    "新能源SUV",
                    "智能化",
                    "电动化",
                    "外观设计",
                    "内饰",
                    "智能驾驶辅助",
                    "续航里程",
                    "环保"
                ]
            },
            {
                "summary": "理想汽车在市场上占据了一席之地，凭借其出色的智能化配置、电动化性能以及环保理念，成为了新能源汽车市场上的一股新风。",
                "summary_topic": "市场认可度高",
                "uuid": [
                    "84681dcf-2193-42cd-ae97-146d6efd6bfa"
                ],
                "keywords": [
                    "理想L6",
                    "智能化配置",
                    "电动化性能",
                    "环保理念"
                ]
            },
            {
                "summary": "理想汽车凭借其创新的技术和对市场需求的深刻理解，迅速在消费者中建立了良好的口碑。",
                "summary_topic": "品牌口碑良好",
                "uuid": [
                    "84681dcf-2193-42cd-ae97-146d6efd6bfa"
                ],
                "keywords": [
                    "理想L6",
                    "智能化",
                    "电动化",
                    "外观设计",
                    "内饰",
                    "智能驾驶辅助",
                    "续航里程",
                    "环保"
                ]
            }
        ],
        "disadvantage": [
            {
                "summary": "理想汽车的产品设计缺乏新鲜感，容易让消费者审美疲劳，虽然这样可以大大减少成本的支出，并提高产品的辨识度。",
                "summary_topic": "设计缺乏新意",
                "uuid": [
                    "493f8bfd-96d9-4ba4-8e28-47207beb7553"
                ],
                "keywords": [
                    "理想L6",
                    "套娃式风格",
                    "设计风格",
                    "成本"
                ]
            },
            {
                "summary": "理想汽车的设计风格缺乏新鲜感，容易让消费者审美疲劳。",
                "summary_topic": "设计缺乏新意",
                "uuid": [
                    "493f8bfd-96d9-4ba4-8e28-47207beb7553"
                ],
                "keywords": [
                    "理想L6",
                    "套娃式风格",
                    "设计风格"
                ]
            }
        ],
        "theme": "品牌口碑"
    },
    {
        "advantage": [
            {
                "summary": "理想汽车的售后服务态度很好，提供了优质的服务体验。",
                "summary_topic": "售后服务好",
                "uuid": [
                    "7ce01e29-8548-49c5-b59e-cc200077ff03",
                    "4ec567b6-8386-40ff-9247-a6bcb0a3b15b"
                ],
                "keywords": [
                    "售后服务",
                    "服务态度",
                    "优质服务"
                ]
            },
            {
                "summary": "理想汽车提供免费检测和保养服务，用户体验良好。",
                "summary_topic": "免费检测好",
                "uuid": [
                    "71352a3a-5cb2-4729-9a0a-b526be38b065",
                    "40edd504-a81c-4013-84fa-46f232d6c4f9"
                ],
                "keywords": [
                    "免费检测",
                    "保养",
                    "服务"
                ]
            }
        ],
        "disadvantage": [
            {
                "summary": "理想汽车售后服务存在推诿和不解决问题的现象，用户体验差。",
                "summary_topic": "售后服务差",
                "uuid": [
                    "0fb730b8-b18b-494d-874d-d7e92b305104",
                    "80ae94b8-311b-40ba-b27a-bb390ff97a3a",
                    "7edabe8e-6c97-4770-8470-9c6ebfc5f37a"
                ],
                "keywords": [
                    "售后",
                    "推诿",
                    "不解决问题"
                ]
            },
            {
                "summary": "理想汽车售后服务响应慢，处理问题不及时。",
                "summary_topic": "售后响应慢",
                "uuid": [
                    "e6db2871-dc00-40e5-9522-a384751730ca",
                    "7f77322a-a594-49aa-b8f3-cf25fb5e03b9",
                    "e5f4cd92-7d56-4dc5-8c08-dc0a7c74beaa"
                ],
                "keywords": [
                    "响应慢",
                    "处理不及时",
                    "售后服务"
                ]
            },
            {
                "summary": "理想汽车售后服务地点不便，影响用户体验。",
                "summary_topic": "售后地点差",
                "uuid": [
                    "e5f4cd92-7d56-4dc5-8c08-dc0a7c74beaa"
                ],
                "keywords": [
                    "售后服务",
                    "地点不便",
                    "用户体验"
                ]
            }
        ],
        "theme": "售后服务"
    },
    {
        "advantage": [
            {
                "summary": "理想L6被描述为一个“移动的家”，强调其宽敞的内部空间和适合家庭出行的舒适性。",
                "summary_topic": "空间舒适好",
                "uuid": [
                    "baffd6c7-a574-4e6b-af3d-e75ac594f262",
                    "e1d1d012-763e-4e23-8038-d746b2930b58",
                    "afccdf6c-f584-45c8-bb2a-d2fa6b8094a2"
                ],
                "keywords": [
                    "理想L6",
                    "移动的家",
                    "空间",
                    "舒适性",
                    "宽敞内部空间"
                ]
            },
            {
                "summary": "理想L6车内空间宽敞，乘坐舒适，能够满足家庭出行的需求。",
                "summary_topic": "车内空间宽敞",
                "uuid": [
                    "984d40c8-b8e6-443a-bbba-9ca169dd72eb",
                    "013d4c5a-846e-4783-bfde-fb3a5bbf0b1a"
                ],
                "keywords": [
                    "空间宽敞",
                    "空间",
                    "空间足够"
                ]
            },
            {
                "summary": "理想L6的内部空间宽敞，乘坐舒适，尤其是后排空间表现出色。",
                "summary_topic": "乘坐舒适空间大",
                "uuid": [
                    "894bffae-20bc-40b8-b3da-8bd474694b76",
                    "04c0f87c-c015-4ecd-85bc-cea8f87059ef"
                ],
                "keywords": [
                    "空间宽敞",
                    "后排空间表现出色"
                ]
            },
            {
                "summary": "理想L6车内空间宽敞，座椅舒适，适合全家出行。",
                "summary_topic": "空间大乘坐舒适",
                "uuid": [
                    "cf099fdc-23ee-4858-9059-d1ca5bead450",
                    "8c4c9775-d7e1-4d30-864c-cc081c180653"
                ],
                "keywords": [
                    "空间很大",
                    "空间大",
                    "座椅舒适"
                ]
            },
            {
                "summary": "SUV车型被认为在家庭用车场景下更加实用，空间表现不逊于MPV。",
                "summary_topic": "SUV空间好",
                "uuid": [
                    "4d93bdd1-5480-45fd-b863-b4856335895d",
                    "f0321653-25c2-4c8b-a83b-ebec26766a8f"
                ],
                "keywords": [
                    "SUV",
                    "空间",
                    "实用性",
                    "家庭用车"
                ]
            }
        ],
        "disadvantage": [
            {
                "summary": "理想L6车身尺寸较大，在普通停车位停车时会感到局促，容易发生开门杀。",
                "summary_topic": "停车位太窄",
                "uuid": [
                    "2c0ca3b0-df76-473e-b855-6b124b0cb222",
                    "4adb643d-c53f-4dfc-b601-b2f16de128c3",
                    "666e8972-582d-4ec6-a5b4-062e32c13683"
                ],
                "keywords": [
                    "理想车太大",
                    "车位不够大",
                    "车大不太好停车"
                ]
            },
            {
                "summary": "理想L6后备箱空间虽然够用，但不算特别大。",
                "summary_topic": "后备箱不大",
                "uuid": [
                    "bd564e48-1f2c-496b-89eb-6d6b5eb45c3a"
                ],
                "keywords": [
                    "后备箱空间不是特别大"
                ]
            },
            {
                "summary": "理想L6的中控下方储物空间有限。",
                "summary_topic": "储物空间小",
                "uuid": [
                    "04c0f87c-c015-4ecd-85bc-cea8f87059ef"
                ],
                "keywords": [
                    "储物空间一般",
                    "镂空空间不大"
                ]
            },
            {
                "summary": "理想L6后排座椅虽然宽敞，但不带按摩功能。",
                "summary_topic": "后排无按摩",
                "uuid": [
                    "bd564e48-1f2c-496b-89eb-6d6b5eb45c3a"
                ],
                "keywords": [
                    "后排不带按摩"
                ]
            },
            {
                "summary": "理想L6主驾驶座椅承托不足，大腿感觉不受力。",
                "summary_topic": "主驾位承托差",
                "uuid": [
                    "0dcf6e9d-93f5-4fe0-940c-9308f80a4bc8"
                ],
                "keywords": [
                    "主驾座椅承托不足",
                    "大腿感觉不受力"
                ]
            }
        ],
        "theme": "空间舒适"
    },
    {
        "advantage": [
            {
                "summary": "理想L6的三年免息政策很香，可以节省不少利息。",
                "summary_topic": "免息省利息",
                "uuid": [
                    "506ab5e7-325f-49a9-a91a-c55bb5f0cec7",
                    "e911cdf9-051c-437e-8906-af91bc5fa2a0",
                    "73d0031a-d998-45fd-8803-4aad1c4dd9b8",
                    "bd564e48-1f2c-496b-89eb-6d6b5eb45c3a",
                    "3e10d200-a057-4343-a6d1-31f0bf9e6e83",
                    "2ca8c395-8391-468d-b8df-4343c3dc82c1",
                    "2ac30c42-ac1f-40e1-8cfe-e23a4dd81f25",
                    "8c4c9775-d7e1-4d30-864c-cc081c180653",
                    "2461750c-197d-4696-92db-b8c00043326e",
                    "06e3d667-d770-4720-867b-b0df3ef99ff0",
                    "10b42d50-1531-4752-a422-f790e5a2c748",
                    "1c23f24c-3c75-4e75-b39f-e6027507b620",
                    "fc224910-bebc-4dc3-af76-7cda998bc191",
                    "0711f1a6-cba2-44e4-9a50-39db9ec37554",
                    "bd1effb7-f5b0-42a8-923d-3692b47591ca",
                    "718fc96c-5fe2-4b8f-9972-6c986a233a67",
                    "ef669484-5dff-441b-b996-423079aa7e72",
                    "11d515b4-2f8c-44c5-b496-079ae7bbc550",
                    "65e88296-f277-4273-a6b2-1c552854792a",
                    "bf351ca7-07a3-4c1f-ab97-1b92b67d9d74",
                    "769c43fa-63e4-4438-ac10-3ae699400387",
                    "51a42105-ce60-41f0-843a-172206f8574c",
                    "e17429f0-04a8-4782-8721-bf9625b54656",
                    "8be136e8-7779-402d-84a3-0fd168a9d74f"
                ],
                "keywords": [
                    "0息贷款",
                    "3年0息",
                    "免息",
                    "价格优惠",
                    "利息节省",
                    "三年免息",
                    "0息政策",
                    "金融特惠",
                    "零利息"
                ]
            },
            {
                "summary": "理想L6首付低，不到7万就能开回家。",
                "summary_topic": "首付低门槛",
                "uuid": [
                    "e911cdf9-051c-437e-8906-af91bc5fa2a0",
                    "73d0031a-d998-45fd-8803-4aad1c4dd9b8",
                    "3e10d200-a057-4343-a6d1-31f0bf9e6e83",
                    "2ac30c42-ac1f-40e1-8cfe-e23a4dd81f25",
                    "4b059927-e986-4d27-b7ed-5f8a688038d1",
                    "06e3d667-d770-4720-867b-b0df3ef99ff0",
                    "10b42d50-1531-4752-a422-f790e5a2c748",
                    "1c23f24c-3c75-4e75-b39f-e6027507b620",
                    "fc224910-bebc-4dc3-af76-7cda998bc191",
                    "7ce01e29-8548-49c5-b59e-cc200077ff03",
                    "11d515b4-2f8c-44c5-b496-079ae7bbc550",
                    "65e88296-f277-4273-a6b2-1c552854792a",
                    "8c4c9775-d7e1-4d30-864c-cc081c180653",
                    "2461750c-197d-4696-92db-b8c00043326e",
                    "0711f1a6-cba2-44e4-9a50-39db9ec37554",
                    "51a42105-ce60-41f0-843a-172206f8574c",
                    "bd1effb7-f5b0-42a8-923d-3692b47591ca"
                ],
                "keywords": [
                    "首付",
                    "首付七万",
                    "最低首付",
                    "购车门槛",
                    "低首付"
                ]
            },
            {
                "summary": "用车成本低，充电比油车省钱。",
                "summary_topic": "用车成本低",
                "uuid": [
                    "c28fb596-0dde-4859-8697-5e3ab6cb81ac",
                    "37dd471d-6769-42c9-a945-e4450a0e9e66",
                    "a16b6794-341f-41e9-bfe1-c2f88bb0952e",
                    "be0b4105-bae6-496e-b26e-4a2fd6335c5a",
                    "73057066-5e56-40f6-ae50-c3775e070c9f",
                    "49f8b042-8324-4aa3-a4fd-d2726f52ee4e"
                ],
                "keywords": [
                    "充电成本",
                    "油钱",
                    "电费",
                    "省钱",
                    "用电便宜",
                    "电省钱"
                ]
            },
            {
                "summary": "理想L6的性价比很高，价格和配置都很不错。",
                "summary_topic": "价格配置好",
                "uuid": [
                    "530d9dc0-7fd6-4e92-a1e8-e4c5e73771ad",
                    "bd564e48-1f2c-496b-89eb-6d6b5eb45c3a",
                    "4bb35244-d253-48cf-9845-28a5ba262345",
                    "539ebfa5-487c-4c52-ba41-1999cec6d7a4",
                    "10c26a9e-1bd1-4408-921c-f8f3a3fc11e1"
                ],
                "keywords": [
                    "性价比",
                    "价格",
                    "配置",
                    "免息政策",
                    "产品力",
                    "优势",
                    "经济实惠"
                ]
            },
            {
                "summary": "理想L6价格实惠，25万左右就可以入手。",
                "summary_topic": "价格很实惠",
                "uuid": [
                    "e911cdf9-051c-437e-8906-af91bc5fa2a0",
                    "0532b0ce-d7e8-4124-8208-b556585bea98",
                    "3848fa6d-fd9a-4f34-bc1b-f339c983ff51",
                    "765b88f0-3598-422f-bcce-03a5df419ef3"
                ],
                "keywords": [
                    "价格",
                    "价格便宜",
                    "25w左右"
                ]
            }
        ],
        "disadvantage": [
            {
                "summary": "降价背刺老车主，贷款利息损失大。",
                "summary_topic": "降价背刺老",
                "uuid": [
                    "4e82916f-cd64-4964-8980-1a56f2ec24a8",
                    "718fc96c-5fe2-4b8f-9972-6c986a233a67",
                    "e489fc3c-26b8-42a9-a99b-68036b792010",
                    "77ec7a35-819d-42ee-9e17-49aeffed91c8",
                    "4e2c8500-3302-4a54-b8a0-a670679a3951",
                    "6ce32c58-34d1-4245-bd0c-dda3818d95de",
                    "18751a8f-db05-4aa4-8908-8a37536ae2e5"
                ],
                "keywords": [
                    "降价",
                    "贷款利息",
                    "损失",
                    "背刺",
                    "血亏"
                ]
            },
            {
                "summary": "后期使用成本高，保险、维修费用贵。",
                "summary_topic": "后期成本高",
                "uuid": [
                    "2ac30c42-ac1f-40e1-8cfe-e23a4dd81f25",
                    "06e3d667-d770-4720-867b-b0df3ef99ff0",
                    "cf1833cd-aba6-45d2-afdc-37a2d5c70849",
                    "69205527-181a-4d1e-a1d7-98f1fffab60c"
                ],
                "keywords": [
                    "使用成本",
                    "保险",
                    "维修",
                    "保险费",
                    "维修费",
                    "修理成本",
                    "附加费用"
                ]
            },
            {
                "summary": "充电桩安装费用高，超过30米要额外收费。",
                "summary_topic": "充电桩费用",
                "uuid": [
                    "4adb643d-c53f-4dfc-b601-b2f16de128c3",
                    "bf67f21b-7c93-417e-842d-5c239d8973bc",
                    "637b1112-1d88-4f52-988a-678db587379c",
                    "b8fd26fa-4b20-4da6-bf47-988f41a7d6ec"
                ],
                "keywords": [
                    "充电桩",
                    "费用",
                    "安装"
                ]
            },
            {
                "summary": "电池包价格贵，维修成本高，会劝退潜在客户。",
                "summary_topic": "电池包太贵",
                "uuid": [
                    "2004e089-386b-46fd-bae7-685c1e7d67e0"
                ],
                "keywords": [
                    "电池包",
                    "价格",
                    "维修成本",
                    "购车意愿"
                ]
            },
            {
                "summary": "车辆成本高，厂家含泪赚15万。",
                "summary_topic": "成本价太高",
                "uuid": [
                    "a230ea34-0baf-47e8-99c8-5e763ed06d3b"
                ],
                "keywords": [
                    "成本",
                    "价格",
                    "含泪赚"
                ]
            }
        ],
        "theme": "价格成本"
    },
    {
        "advantage": [
            {
                "summary": "理想L6的购买流程便捷高效，线上线下均可操作，价格透明，没有经销商的套路。",
                "summary_topic": "购车流程便捷",
                "uuid": [
                    "530d9dc0-7fd6-4e92-a1e8-e4c5e73771ad",
                    "2c0ca3b0-df76-473e-b855-6b124b0cb222",
                    "d6841c8e-073e-42e4-8cc5-d89ff8a73640",
                    "bd564e48-1f2c-496b-89eb-6d6b5eb45c3a",
                    "637b1112-1d88-4f52-988a-678db587379c"
                ],
                "keywords": [
                    "价格透明",
                    "流程简单",
                    "没有套路",
                    "线上下单",
                    "直营模式"
                ]
            },
            {
                "summary": "理想L6的提车速度快，等待时间短。",
                "summary_topic": "提车速度快",
                "uuid": [
                    "f58d7c26-b239-4e7d-a547-6663e7e9d2cb",
                    "1adad904-f7bf-4165-b24c-8db48e1f976e",
                    "013d4c5a-846e-4783-bfde-fb3a5bbf0b1a",
                    "da486960-3652-4def-ab46-d07251366270",
                    "c0d09354-d355-40b4-a489-a292705ed335"
                ],
                "keywords": [
                    "提车快",
                    "速度快",
                    "提车顺利",
                    "2周提车",
                    "10天提车"
                ]
            },
            {
                "summary": "理想汽车的金融政策灵活，例如提供三年免息贷款，降低了购车门槛。",
                "summary_topic": "金融政策灵活",
                "uuid": [
                    "506ab5e7-325f-49a9-a91a-c55bb5f0cec7",
                    "e911cdf9-051c-437e-8906-af91bc5fa2a0",
                    "bd564e48-1f2c-496b-89eb-6d6b5eb45c3a",
                    "3e10d200-a057-4343-a6d1-31f0bf9e6e83",
                    "2ac30c42-ac1f-40e1-8cfe-e23a4dd81f25"
                ],
                "keywords": [
                    "3年0息",
                    "免息",
                    "0息贷款",
                    "三年免息",
                    "最低首付"
                ]
            },
            {
                "summary": "提车过程不复杂，交付人员细心，现场服务周到，包括保险办理和免税登记。",
                "summary_topic": "交付服务好",
                "uuid": [
                    "317870a5-171c-45e8-bbd6-f7586bf6267d"
                ],
                "keywords": [
                    "交付中心",
                    "保险",
                    "免税登记",
                    "车管所挂牌"
                ]
            },
            {
                "summary": "试驾后感受良好，新能源车科技感和便捷性强，体验舒适。",
                "summary_topic": "试驾体验好",
                "uuid": [
                    "ce08e8c0-4081-48ec-a6a6-2a76a2f1a673"
                ],
                "keywords": [
                    "试驾",
                    "新能源车",
                    "科技感",
                    "便捷性"
                ]
            }
        ],
        "disadvantage": [
            {
                "summary": "部分销售人员存在承诺不兑现、服务态度差等问题，影响了消费者的购车体验。",
                "summary_topic": "销售服务差",
                "uuid": [
                    "2c0ca3b0-df76-473e-b855-6b124b0cb222",
                    "71c9ffef-2c18-4d33-b2ca-2f170f03f831",
                    "e6db2871-dc00-40e5-9522-a384751730ca",
                    "7f77322a-a594-49aa-b8f3-cf25fb5e03b9",
                    "a9666a03-436b-423e-bdfd-69296b7f78ee",
                    "d52ec571-d346-4709-bf77-ec8455d80d42"
                ],
                "keywords": [
                    "销售辞职",
                    "礼品未给",
                    "不作数",
                    "销售套路",
                    "服务态度差",
                    "虚假宣传"
                ]
            },
            {
                "summary": "理想汽车的赠品种类和数量较少，部分消费者感到不满。",
                "summary_topic": "赠品种类少",
                "uuid": [
                    "637b1112-1d88-4f52-988a-678db587379c",
                    "71c9ffef-2c18-4d33-b2ca-2f170f03f831",
                    "227d3cb0-0e45-44be-83c2-060d40b9e603",
                    "45313e88-7eb7-4383-a5df-19d2aa0830e2",
                    "b5dd4810-d0a2-42d4-b571-30d172d8594d"
                ],
                "keywords": [
                    "没有礼物",
                    "没有赠品",
                    "赠品缩水",
                    "礼品没多少钱",
                    "一点赠品都没有"
                ]
            },
            {
                "summary": "理想汽车的交付时间存在不确定性，部分消费者经历了较长的等待时间。",
                "summary_topic": "交付时间长",
                "uuid": [
                    "7f77322a-a594-49aa-b8f3-cf25fb5e03b9",
                    "765e25b7-2e9e-4073-8e47-9df948226004",
                    "d71e181c-1e51-4e75-a990-7395585330f2",
                    "01215ee2-75f5-4b71-999c-7bd3c2124090",
                    "8a91945f-74d2-4286-8243-6c2e33bb56c3"
                ],
                "keywords": [
                    "提不了车",
                    "两个礼拜",
                    "还要等多久",
                    "漫长的等待",
                    "交付时间长"
                ]
            },
            {
                "summary": "销售承诺的优惠和赠品少，客户对销售政策不满。",
                "summary_topic": "优惠政策差",
                "uuid": [
                    "fb9eae93-d5e2-48cd-a910-6ca58c7ccb17",
                    "72ebce88-0378-41d4-a0a2-bfc3d4ec1568"
                ],
                "keywords": [
                    "优惠",
                    "赠品",
                    "销售政策"
                ]
            },
            {
                "summary": "交付延迟，客户等待时间长，影响购买体验。",
                "summary_topic": "交付延迟差",
                "uuid": [
                    "0f74a50c-31fd-446f-ab6f-6c8a7b61380f",
                    "d12b42ff-1f02-41b0-a737-c6e5c2ae6686"
                ],
                "keywords": [
                    "交付延迟",
                    "等待时间"
                ]
            }
        ],
        "theme": "购买体验"
    },
    {
        "advantage": [
            {
                "summary": "动力强劲，加速性能出色。",
                "summary_topic": "动力强劲，加速快",
                "uuid": [
                    "c87c1dff-f28e-4372-a31f-60a1b04360ae",
                    "f58d7c26-b239-4e7d-a547-6663e7e9d2cb",
                    "bd564e48-1f2c-496b-89eb-6d6b5eb45c3a",
                    "81b609ab-7a5c-4741-a98f-f3d4174b7f6a",
                    "431c7041-56dd-4fbe-bee5-a3f04ea0dfe9",
                    "be0b4105-bae6-496e-b26e-4a2fd6335c5a",
                    "984d40c8-b8e6-443a-bbba-9ca169dd72eb",
                    "d902089d-3219-4983-8016-b7247f8c206c",
                    "0ee236b0-c6ec-48f5-a81f-31b089eaefc3",
                    "cf099fdc-23ee-4858-9059-d1ca5bead450",
                    "5065d0ea-cc03-4ab2-8fa1-81c17acf35d5",
                    "efe09358-9794-4a56-8718-af55753c4de4",
                    "984d40c8-b8e6-443a-bbba-9ca169dd72eb",
                    "02519cbf-f315-48cf-84d7-6b3707041fc2",
                    "2c0ca3b0-df76-473e-b855-6b124b0cb222"
                ],
                "keywords": [
                    "提速",
                    "加速",
                    "动力强劲",
                    "推背感",
                    "操控感",
                    "动力充足",
                    "驾驶平顺",
                    "加速反应快"
                ]
            },
            {
                "summary": "高速NOA智能驾驶辅助功能便捷好用，减轻驾驶负担。",
                "summary_topic": "高速NOA好用",
                "uuid": [
                    "2c0ca3b0-df76-473e-b855-6b124b0cb222",
                    "e2ba328d-3580-4466-bc29-50382cec3f74",
                    "9e1dc8dc-1b48-48c3-acc6-a070ba9ec6bb",
                    "a16b6794-341f-41e9-bfe1-c2f88bb0952e",
                    "013d4c5a-846e-4783-bfde-fb3a5bbf0b1a",
                    "cf099fdc-23ee-4858-9059-d1ca5bead450",
                    "54c2739c-0189-494a-8aaf-b8bde4d9bda3",
                    "2c458655-395c-487d-97be-cd36bda321f8",
                    "0ee236b0-c6ec-48f5-a81f-31b089eaefc3",
                    "9e647f1a-b87d-41b9-9070-8d51354a812b"
                ],
                "keywords": [
                    "智能辅助驾驶",
                    "NOA",
                    "智驾",
                    "LCC",
                    "高速",
                    "便捷",
                    "轻松",
                    "省心"
                ]
            },
            {
                "summary": "操控灵活，转向轻便，易于上手。",
                "summary_topic": "操控灵活易上手",
                "uuid": [
                    "2c0ca3b0-df76-473e-b855-6b124b0cb222",
                    "013d4c5a-846e-4783-bfde-fb3a5bbf0b1a",
                    "7eedd3c9-8fca-41c5-a004-29a9def81149",
                    "9d74f7bd-5546-4a4c-82e1-31e3fb9cc9b5",
                    "984d40c8-b8e6-443a-bbba-9ca169dd72eb",
                    "b3fb2da6-d3e5-43ed-b476-6a2d02243966",
                    "cf099fdc-23ee-4858-9059-d1ca5bead450",
                    "7592c2fe-7438-4313-b26c-50656e2535e2"
                ],
                "keywords": [
                    "转向轻便",
                    "操控灵活",
                    "好开",
                    "易于上手",
                    "操控性"
                ]
            },
            {
                "summary": "理想L6的双电机四驱系统提供了强劲的动力表现，百公里加速仅为5.4秒，适合在冰雪路面上行驶。",
                "summary_topic": "动力表现强劲",
                "uuid": [
                    "d5d91cf5-da21-4832-82f0-cbb718707787",
                    "b3a3d4d6-d836-4133-9df1-89c7cde29e73",
                    "cf95f616-d1de-4f4e-be7c-a4a5b6a2d7fd"
                ],
                "keywords": [
                    "双电机四驱",
                    "动力表现",
                    "百公里加速"
                ]
            },
            {
                "summary": "理想L6在操控性能上表现出色，转向精准，悬挂系统能够有效过滤路面颠簸，提供足够的支撑力。",
                "summary_topic": "操控性能出色",
                "uuid": [
                    "763ea0ab-13c3-436b-a31b-12cbafdab521",
                    "d135c5c3-d63a-43ca-a857-75833abb25f8"
                ],
                "keywords": [
                    "操控性能",
                    "转向精准",
                    "悬挂系统"
                ]
            }
        ],
        "disadvantage": [
            {
                "summary": "底盘调校偏软，过弯侧倾明显，路感不清晰。",
                "summary_topic": "底盘偏软路感差",
                "uuid": [
                    "2c0ca3b0-df76-473e-b855-6b124b0cb222",
                    "81b609ab-7a5c-4741-a98f-f3d4174b7f6a",
                    "7eedd3c9-8fca-41c5-a004-29a9def81149",
                    "e092080b-ab49-4d96-84e6-b020d1a49bf9",
                    "6cbd8b33-008e-436b-b2c1-c664f344f582",
                    "1b2fc074-2c62-4898-81d8-5d6e86533b61",
                    "8bd09c34-fefa-450c-be76-52d7db55cf4a",
                    "f489fc4d-2565-4336-8ef3-3c0cd839a56c",
                    "cc29ffdf-262a-43c9-9bfe-1936e1164e1e",
                    "fc0b9c20-fd6d-42c1-8f8a-4ac3439afffa"
                ],
                "keywords": [
                    "底盘",
                    "悬挂",
                    "偏软",
                    "侧倾",
                    "路感",
                    "晃",
                    "开船感"
                ]
            },
            {
                "summary": "车身尺寸较大，停车不便，尤其在城市。",
                "summary_topic": "车身大停车难",
                "uuid": [
                    "2c0ca3b0-df76-473e-b855-6b124b0cb222",
                    "666e8972-582d-4ec6-a5b4-062e32c13683",
                    "73057066-5e56-40f6-ae50-c3775e070c9f",
                    "e092080b-ab49-4d96-84e6-b020d1a49bf9",
                    "6cbd8b33-008e-436b-b2c1-c664f344f582",
                    "b0fd0406-e875-429e-be6e-f937f2090d2b",
                    "d59c2f9b-2a9b-4cf2-a633-7c6244d4ab37"
                ],
                "keywords": [
                    "车身尺寸",
                    "车大",
                    "停车",
                    "不便"
                ]
            },
            {
                "summary": "刹车点头现象明显，需要适应。",
                "summary_topic": "刹车点头明显",
                "uuid": [
                    "81b609ab-7a5c-4741-a98f-f3d4174b7f6a",
                    "1448dcbc-b08a-4582-8581-9ab2ef34c107",
                    "1b2fc074-2c62-4898-81d8-5d6e86533b61",
                    "dd07a9c7-326b-418b-8f4c-80e3a6826205",
                    "27bbd27e-50ed-48ab-accc-67ee4ef92b3c",
                    "e102b614-97c3-4eb1-ba41-dd52d0a4cb78"
                ],
                "keywords": [
                    "刹车点头",
                    "刹车",
                    "点头",
                    "顿挫感"
                ]
            },
            {
                "summary": "理想L6在高速行驶时，变道会出现晃动，影响驾驶稳定性。",
                "summary_topic": "高速变道晃动",
                "uuid": [
                    "2a50cf65-c2c9-4f28-845a-13c99a27b0f7"
                ],
                "keywords": [
                    "高速",
                    "变道",
                    "晃动"
                ]
            },
            {
                "summary": "理想L6的操控性在激烈驾驶时表现不足，转弯速度快时缺乏信心。",
                "summary_topic": "操控性不足",
                "uuid": [
                    "7f581e14-a416-4c99-9850-e451b629ebd3"
                ],
                "keywords": [
                    "操控性",
                    "转弯速度",
                    "缺乏信心"
                ]
            }
        ],
        "theme": "驾驶性能"
    },
    {
        "advantage": [
            {
                "summary": "内饰豪华精致，用料扎实，做工精细，科技感强。",
                "summary_topic": "内饰精致又豪华",
                "uuid": [
                    "4b059927-e986-4d27-b7ed-5f8a688038d1",
                    "2461750c-197d-4696-92db-b8c00043326e",
                    "bd564e48-1f2c-496b-89eb-6d6b5eb45c3a",
                    "013d4c5a-846e-4783-bfde-fb3a5bbf0b1a",
                    "a16b6794-341f-41e9-bfe1-c2f88bb0952e",
                    "4bb35244-d253-48cf-9845-28a5ba262345",
                    "9c0be50b-0c3b-4938-874b-08524700ba98",
                    "cc1e8cfa-3c1f-4f64-8746-4e6d30a3e46e",
                    "5065d0ea-cc03-4ab2-8fa1-81c17acf35d5",
                    "0c26c0d2-d21e-4353-b4b6-aa280eb09335",
                    "46b36c7a-740f-44ea-ae1f-ca0057f42c00",
                    "4449cd40-de44-4bb7-a739-fcc7fe9ad0fd",
                    "984d40c8-b8e6-49d5-84c1-807f923f3c86",
                    "c6a2c08d-afa0-49a9-835c-e4819b3fe45a",
                    "a2808f74-e0d1-4997-b29a-5041b359b41c",
                    "01d7bc36-9d39-48f5-8fe0-7b72b6904c52",
                    "71463ed3-d053-4e94-827a-5747cc550827",
                    "248fc284-95ad-4289-98a9-43f75aefaa48",
                    "63435f0b-9114-4d05-876b-b14bbba8fa2f",
                    "f030b0f7-41b2-45d3-a9fa-df588646c260",
                    "90c5e835-c911-427f-983e-a0c487b03c5e",
                    "cf099fdc-23ee-4858-9059-d1ca5bead450",
                    "32972e72-1814-4112-81f8-fca995c9f944",
                    "f1ddfc30-e2c4-41de-96b7-1e48dafa9dc8",
                    "71478587-1491-4c56-bbbf-91720f30267f"
                ],
                "keywords": [
                    "豪华内饰",
                    "精致",
                    "科技感",
                    "大屏",
                    "简洁大方",
                    "高级感",
                    "舒适",
                    "Nappa真皮座椅",
                    "三室一厅"
                ]
            },
            {
                "summary": "配色多样，个性化选择丰富，满足不同审美需求。",
                "summary_topic": "配色选择很丰富",
                "uuid": [
                    "bd564e48-1f2c-496b-89eb-6d6b5eb45c3a",
                    "2c0ca3b0-df76-473e-b855-6b124b0cb222",
                    "0db42f09-9e3d-4810-a44c-11d3f6eb013f",
                    "f030b0f7-41b2-45d3-a9fa-df588646c260",
                    "da486960-3652-4def-ab46-d07251366228",
                    "b0fd0406-e875-429e-be6e-f937f2090d2b",
                    "efe09358-9794-4a56-8718-af55753c4de4",
                    "01d7bc36-9d39-48f5-8fe0-7b72b6904c52",
                    "f1ddfc30-e2c4-41de-96b7-1e48dafa9dc8",
                    "49f8b042-8324-4aa3-a4fd-d2726f52ee4e",
                    "984d40c8-b8e6-49d5-84c1-807f923f3c86",
                    "a2808f74-e0d1-4997-b29a-5041b359b41c",
                    "f1ddfc30-e2c4-41de-96b7-1e48dafa9dc8",
                    "861e7960-50ae-4f4e-b431-03908999d9f0",
                    "c239912f-6553-445d-818e-a96b13a438c5",
                    "00d59200-1d10-44b1-aaa0-b069618be619",
                    "32972e72-1814-4112-81f8-fca995c9f944",
                    "f1ddfc30-e2c4-41de-96b7-1e48dafa9dc8",
                    "71478587-1491-4c56-bbbf-91720f30267f",
                    "8eb7b593-859a-4034-a662-19611d0dc31e"
                ],
                "keywords": [
                    "小象灰",
                    "橙色内饰",
                    "白色内饰",
                    "黑色内饰",
                    "熊猫配色",
                    "黑武士",
                    "双拼色"
                ]
            },
            {
                "summary": "外观大气时尚，辨识度高，符合大众审美。",
                "summary_topic": "外观时尚又大气",
                "uuid": [
                    "4b059927-e986-4d27-b7ed-5f8a688038d1",
                    "894bffae-20bc-40b8-b3da-8bd474694b76",
                    "2461750c-197d-4696-92db-b8c00043326e",
                    "02519cbf-f315-48cf-84d7-6b3707041fc2",
                    "46b36c7a-740f-44ea-ae1f-ca0057f42c00",
                    "04c0f87c-c015-4ecd-85bc-cea8f87059ef",
                    "127a9d08-4472-42f2-9f10-a71bb02585bb",
                    "9c0be50b-0c3b-4938-874b-08524700ba98",
                    "0c26c0d2-d21e-4353-b4b6-aa280eb09335",
                    "2dd74742-9b4b-48f5-9504-75571deb97dc",
                    "4449cd40-de44-4bb7-a739-fcc7fe9ad0fd"
                ],
                "keywords": [
                    "外观大气",
                    "家族式设计",
                    "高端大气",
                    "时尚",
                    "耐看",
                    "辨识度高"
                ]
            },
            {
                "summary": "HUD抬头显示清晰，信息丰富，提升驾驶安全性。",
                "summary_topic": "HUD清晰又实用",
                "uuid": [
                    "013d4c5a-846e-4783-bfde-fb3a5bbf0b1a",
                    "a16b6794-341f-41e9-bfe1-c2f88bb0952e",
                    "7da9b994-c958-4bc4-990e-d75b95708b68",
                    "4d9c9fdf-c1a6-4b0e-8916-315f9d13fd78",
                    "a2808f74-e0d1-4997-b29a-5041b359b41c",
                    "40c8bd61-2f29-4b1b-a765-8ca106696f2d",
                    "e5caba4d-7e1c-4f3d-bbd9-e49bbb63db92",
                    "71463ed3-d053-4e94-827a-5747cc550827",
                    "e092080b-ab49-4d96-84e6-b020d1a49bf9",
                    "66da35dc-591f-4b2d-9057-4ba0af0bc215"
                ],
                "keywords": [
                    "HUD抬头显示",
                    "清晰",
                    "信息丰富",
                    "驾驶安全",
                    "转向影像"
                ]
            },
            {
                "summary": "全景天窗视野开阔，增强车内空间感，提升乘坐体验。",
                "summary_topic": "全景天窗视野好",
                "uuid": [
                    "4adb643d-c53f-4dfc-b601-b2f16de128c3",
                    "4bb35244-d253-48cf-9845-28a5ba262345",
                    "a16b6794-341f-41e9-bfe1-c2f88bb0952e",
                    "7da9b994-c958-4bc4-990e-d75b95708b68",
                    "013d4c5a-846e-4783-bfde-fb3a5bbf0b1a",
                    "90c5e835-c911-427f-983e-a0c487b03c5e",
                    "cc1e8cfa-3c1f-4f64-8746-4e6d30a3e46e",
                    "55c8325d-c5b6-431a-8f32-96184fd769f5",
                    "9d8f0f34-696d-4fbe-95e2-ca4120183437"
                ],
                "keywords": [
                    "全景天窗",
                    "视野开阔",
                    "空间感",
                    "乘坐体验",
                    "星空"
                ]
            }
        ],
        "disadvantage": [
            {
                "summary": "内饰用料方面，部分区域使用塑料材质，降低了豪华感。",
                "summary_topic": "部分塑料感略强",
                "uuid": [
                    "feddbeb4-852b-4ddf-9c6b-d906baccabc6",
                    "b7e5f639-d7fd-4dce-98d7-32316205cefb",
                    "cc1e8cfa-3c1f-4f64-8746-4e6d30a3e46e",
                    "9d8f0f34-696d-4fbe-95e2-ca4120183437",
                    "40c8bd61-2f29-4b1b-a765-8ca106696f2d",
                    "00d59200-1d10-44b1-aaa0-b069618be619"
                ],
                "keywords": [
                    "塑料",
                    "仿皮",
                    "豪华感",
                    "材质",
                    "门板"
                ]
            },
            {
                "summary": "后排容易进灰，尤其是雨天泥沙飞溅，影响车内清洁。",
                "summary_topic": "后排容易进灰尘",
                "uuid": [
                    "23e411ef-13fa-495c-9359-c9ca5b4a9592",
                    "a4aa6634-bae7-46c0-892b-584f342e90cd",
                    "af740b07-4dde-4bd0-b3f3-53dc6999a0c3",
                    "fd29d3dc-9252-4ebe-bdec-88875daebdb2"
                ],
                "keywords": [
                    "后门进灰",
                    "雨天",
                    "泥沙",
                    "灰尘",
                    "设计缺陷"
                ]
            },
            {
                "summary": "车门存在一些问题，如车门较软容易刮蹭，车门难关需要大力。",
                "summary_topic": "车门偏软难关闭",
                "uuid": [
                    "69205527-181a-4d1e-a1d7-98f1fffab60c",
                    "6e73256b-3291-49e1-b223-a85f311c0cae"
                ],
                "keywords": [
                    "车门软",
                    "刮蹭",
                    "难关",
                    "大力"
                ]
            },
            {
                "summary": "理想L6的内饰设计缺乏创新，与其他L系列车型高度相似，存在套娃现象。",
                "summary_topic": "内饰设计略套娃",
                "uuid": [
                    "feddbeb4-852b-4ddf-9c6b-d906baccabc6",
                    "0cff4248-eca9-4e17-add0-d193a88c3afb"
                ],
                "keywords": [
                    "套娃",
                    "设计",
                    "缺乏创新",
                    "相似"
                ]
            },
            {
                "summary": "仪表盘设计简陋，缺乏科技感，与整车豪华感不符。",
                "summary_topic": "仪表盘略简陋",
                "uuid": [
                    "90c31bec-8b1b-48b3-8d56-c992350f2a88"
                ],
                "keywords": [
                    "运动手表",
                    "仪表盘",
                    "简陋",
                    "科技感"
                ]
            }
        ],
        "theme": "外观内饰"
    },
    {
        "advantage": [
            {
                "summary": "理想L6的智能驾驶辅助系统，例如NOA和LCC，在高速和快速路上使用体验良好，可以减轻驾驶疲劳，提高驾驶安全性。",
                "summary_topic": "智驾辅助好用",
                "uuid": [
                    "2c0ca3b0-df76-473e-b855-6b124b0cb222",
                    "bd564e48-1f2c-496b-89eb-6d6b5eb45c3a",
                    "e2ba328d-3580-4466-bc29-50382cec3f74",
                    "9e1dc8dc-1b48-48c3-acc6-a070ba9ec6bb",
                    "013d4c5a-846e-4783-bfde-fb3a5bbf0b1a",
                    "a16b6794-341f-41e9-bfe1-c2f88bb0952e",
                    "798c82f9-a2f0-4d56-acf9-3df71acfe419",
                    "666e8972-582d-4ec6-a5b4-062e32c13683",
                    "9e647f1a-b87d-41b9-9070-8d51354a812b",
                    "afbd7baa-af4f-4cf4-ab38-d0e41613bcca",
                    "0ee236b0-c6ec-48f5-a81f-31b089eaefc3",
                    "ce0019ad-249d-4275-a824-b5bb6c81b208",
                    "278ed6e4-5eb3-4085-882d-8baacf7e3ffb",
                    "d7416d04-f72c-425d-81c9-52f86a2c7c45",
                    "aabf17fc-1652-47ab-9261-11a8317781d1",
                    "0ae084c6-1e46-47f4-aabd-ab778926e439",
                    "5065d0ea-cc03-4ab2-8fa1-81c17acf35d5",
                    "a2808f74-e0d1-4997-b29a-5041b359b41c",
                    "c6a2c08d-afa0-49a9-835c-e4819b3fe45a",
                    "4873a9ea-272f-43e2-abb3-bad2bad6bd74"
                ],
                "keywords": [
                    "NOA",
                    "LCC",
                    "智能辅助驾驶",
                    "高速NOA",
                    "智驾",
                    "自动驾驶"
                ]
            },
            {
                "summary": "理想L6的智能座舱体验出色，车机系统流畅，语音助手功能强大，可以方便地控制导航、音乐、空调等功能，并支持OTA升级，不断更新功能。",
                "summary_topic": "车机流畅功能多",
                "uuid": [
                    "2c0ca3b0-df76-473e-b855-6b124b0cb222",
                    "02eafc8f-9771-46c4-a4d4-cefe7f3bd1fe",
                    "013d4c5a-846e-4783-bfde-fb3a5bbf0b1a",
                    "a16b6794-341f-41e9-bfe1-c2f88bb0952e",
                    "4bb35244-d253-48cf-9845-28a5ba262345",
                    "206f6be8-9383-443a-bbba-9ca169dd72eb",
                    "c6a2c08d-afa0-49a9-835c-e4819b3fe45a",
                    "5065d0ea-cc03-4ab2-8fa1-81c17acf35d5",
                    "0ae084c6-1e46-47f4-aabd-ab778926e439",
                    "8fed59db-b868-40b9-a423-5519c4b76a99",
                    "cc1e8cfa-3c1f-4f64-8746-4e6d30a3e46e",
                    "7da9b994-c958-4bc4-990e-d75b95708b68",
                    "984d40c8-b8e6-49d5-84c1-807f923f3c86",
                    "efe09358-9794-4a56-8718-af55753c4de4",
                    "0ee236b0-c6ec-48f5-a81f-31b089eaefc3",
                    "3bde90e8-29bd-43ce-a45e-5379f56417b7"
                ],
                "keywords": [
                    "语音呼叫",
                    "大屏",
                    "语音控制",
                    "车机系统",
                    "智能座舱",
                    "理想同学",
                    "OTA",
                    "四屏交互",
                    "任务大师",
                    "调音大师"
                ]
            },
            {
                "summary": "理想L6的HUD抬头显示功能非常实用，显示清晰，信息丰富，提升了驾驶安全性。",
                "summary_topic": "HUD清晰好用",
                "uuid": [
                    "013d4c5a-846e-4783-bfde-fb3a5bbf0b1a",
                    "a16b6794-341f-41e9-bfe1-c2f88bb0952e",
                    "666e8972-582d-4ec6-a5b4-062e32c13683",
                    "9e1dc8dc-1b48-48c3-acc6-a070ba9ec6bb",
                    "013d4c5a-846e-4783-bfde-fb3a5bbf0b1a",
                    "7da9b994-c958-4bc4-990e-d75b95708b68",
                    "206f6be8-9383-443a-bbba-9ca169dd72eb",
                    "c6a2c08d-afa0-49a9-835c-e4819b3fe45a",
                    "4d9c9fdf-c1a6-4b0e-8916-315f9d13fd78",
                    "3bde90e8-29bd-43ce-a45e-5379f56417b7",
                    "40c8bd61-2f29-4b1b-a765-8ca106696f2d",
                    "a2808f74-e0d1-4997-b29a-5041b359b41c"
                ],
                "keywords": [
                    "HUD",
                    "抬头显示",
                    "清晰",
                    "信息丰富"
                ]
            },
            {
                "summary": "理想L6的自动泊车功能方便实用，可以轻松地将车辆停入车位，特别是在狭窄的车位更显优势。",
                "summary_topic": "自动泊车好用",
                "uuid": [
                    "013d4c5a-846e-4783-bfde-fb3a5bbf0b1a",
                    "cc1e8cfa-3c1f-4f64-8746-4e6d30a3e46e",
                    "9e647f1a-b87d-41b9-9070-8d51354a812b",
                    "984d40c8-b8e6-49d5-84c1-807f923f3c86",
                    "c6a2c08d-afa0-49a9-835c-e4819b3fe45a",
                    "71463ed3-d053-4e94-827a-5747cc550827",
                    "4d9c9fdf-c1a6-4b0e-8916-315f9d13fd78",
                    "f038c635-3de1-4302-b145-897faee15178",
                    "b6b588b1-3302-4738-a03c-8ba5659f0aff",
                    "40c8bd61-2f29-4b1b-a765-8ca106696f2d",
                    "233c1db2-0031-40ee-99cd-933b49602eee",
                    "6f24c83f-dac1-4084-a2a3-a84ffb53d565"
                ],
                "keywords": [
                    "自动泊车",
                    "泊车功能",
                    "停车方便",
                    "代客泊车"
                ]
            },
            {
                "summary": "理想L6的智能化配置丰富，例如任务大师、调音大师等功能，可以根据个人需求进行设置，提升用车体验。",
                "summary_topic": "智能配置丰富",
                "uuid": [
                    "2c0ca3b0-df76-473e-b855-6b124b0cb222",
                    "cc1e8cfa-3c1f-4f64-8746-4e6d30a3e46e",
                    "5fe73475-ea57-4dd8-9890-f65f020a7912",
                    "0ae084c6-1e46-47f4-aabd-ab778926e439",
                    "206f6be8-9383-443a-bbba-9ca169dd72eb",
                    "4d9c9fdf-c1a6-4b0e-8916-315f9d13fd78",
                    "0ee236b0-c6ec-48f5-a81f-31b089eaefc3",
                    "ce0019ad-249d-4275-a824-b5bb6c81b208",
                    "353f22ae-5276-4b3e-98fa-069234e1a562",
                    "299cf523-b697-484f-a13e-e9debeca9b25"
                ],
                "keywords": [
                    "任务大师",
                    "调音大师",
                    "智能配置",
                    "个性化设置"
                ]
            }
        ],
        "disadvantage": [
            {
                "summary": "部分用户反馈理想L6的车机系统存在一些bug，例如热点失效、驻车照片透明等问题。",
                "summary_topic": "车机系统bug",
                "uuid": [
                    "ae228d67-fb5d-4732-850d-0680724befd6",
                    "f96b9610-6825-4b8e-b7ca-4edbdd788671",
                    "f9f1d32c-f18b-4582-a6f3-37bae8e7ed4f",
                    "0568de4d-d61d-4566-9dc8-d4f91719ed1d",
                    "4e4afcf1-445e-443f-be42-8d029f0cc120"
                ],
                "keywords": [
                    "热点失效",
                    "驻车照片透明",
                    "车机bug"
                ]
            },
            {
                "summary": "理想L6的NOA智驾模式在复杂路况下，例如车辆加塞等情况，表现不够理想，需要驾驶员手动介入。",
                "summary_topic": "NOA复杂路况差",
                "uuid": [
                    "31dab4c9-7ac2-4e53-b615-db2996707639",
                    "2c0ca3b0-df76-473e-b855-6b124b0cb222",
                    "41a703b7-b2cc-46ba-99d8-3ce0ed20fe6c",
                    "30831bb5-37c9-457e-99bd-ab90ec48332e"
                ],
                "keywords": [
                    "NOA智驾模式",
                    "加塞",
                    "避让",
                    "手动介入"
                ]
            },
            {
                "summary": "理想L6不支持在中控屏幕上自由安装第三方应用，只能使用指定的应用，部分用户认为这限制了车机系统的扩展性。",
                "summary_topic": "不支持安装APP",
                "uuid": [
                    "cb58d0da-0da6-464b-bf91-e26f596bbe4c",
                    "597ba59e-0c7f-41d6-afe4-01aa610d6c7e",
                    "2b10a16c-0ed0-4c1a-9693-20b877ba29d4"
                ],
                "keywords": [
                    "安装APP",
                    "第三方应用",
                    "扩展性"
                ]
            },
            {
                "summary": "部分用户反映理想L6的APP体验不佳，存在车机激活、哨兵模式、停车拍照和车辆定位等功能使用权限的问题。",
                "summary_topic": "APP体验不佳",
                "uuid": [
                    "1cac8c2b-1d1d-4587-855c-59ff1eb05256",
                    "854897a9-47d9-4b61-86bf-8567c3a7f2b0"
                ],
                "keywords": [
                    "APP",
                    "车机激活",
                    "哨兵模式",
                    "停车拍照",
                    "车辆定位"
                ]
            },
            {
                "summary": "理想L6的自动大灯灵敏度过高，在白天光线较暗的环境下也会自动开启，部分用户认为不必要。",
                "summary_topic": "自动大灯过灵敏",
                "uuid": [
                    "d59ec162-5148-456c-8ff8-e38fcae98025",
                    "fbf6ebd5-24c3-49ca-9b2d-8850aeca23f5"
                ],
                "keywords": [
                    "自动大灯",
                    "灵敏度过高"
                ]
            }
        ],
        "theme": "智能系统"
    }
]