[
    {
        "advantage": [
            {
                "summary": "比亚迪推出的限时优惠活动，包括全车保险和置换补贴，吸引了很多消费者。",
                "summary_topic": "购车优惠多",
                "uuid": [
                    "6617c3aa-fa42-4857-888c-b2e624035f71",
                    "0e427b3e-fdb8-48a5-afa9-00ba3d4599b4",
                    "253b22e2-1873-4c29-979b-2e709bd4c97f"
                ],
                "keywords": [
                    "限时优惠",
                    "全车保险",
                    "置换补贴"
                ]
            },
            {
                "summary": "比亚迪的购车体验被描述为顺利和愉快，特别是在交车和服务方面。",
                "summary_topic": "购车体验好",
                "uuid": [
                    "321a7435-fe25-4725-8a90-8f321bb9e88c",
                    "35bc76e5-fc17-42cb-89dc-92ffd844c0e3"
                ],
                "keywords": [
                    "交车",
                    "服务",
                    "用车愉快"
                ]
            },
            {
                "summary": "比亚迪的购车政策包括0首付和0利息的金融方案，吸引了消费者。",
                "summary_topic": "金融政策优",
                "uuid": [
                    "6a08e673-4ef5-4271-b313-1e21af1b9bc6"
                ],
                "keywords": [
                    "0首付",
                    "0利息",
                    "金融方案"
                ]
            }
        ],
        "disadvantage": [
            {
                "summary": "消费者对比亚迪的售后服务表示不满，尤其是在解决车辆问题方面。",
                "summary_topic": "售后服务差",
                "uuid": [
                    "81cc6fa8-fca4-4f85-921d-7f3f3bff9b39",
                    "523b97f9-edb9-49e5-b58c-6967575d722c"
                ],
                "keywords": [
                    "维权",
                    "售后服务",
                    "4S店"
                ]
            },
            {
                "summary": "一些消费者在购车后遇到了车辆质量问题，如方向盘重、跑偏和异响。",
                "summary_topic": "车辆质量差",
                "uuid": [
                    "a2ccbd54-79aa-4154-ad61-5c4aa4540fb7"
                ],
                "keywords": [
                    "方向盘重",
                    "跑偏",
                    "异响"
                ]
            }
        ],
        "theme": "购买体验"
    },
    {
        "advantage": [
            {
                "summary": "比亚迪汉的车内空间宽敞，特别适合长途旅行和乘坐舒适。",
                "summary_topic": "空间宽敞舒适",
                "uuid": [
                    "75fc3e80-83f9-4c27-9e5d-ea99203486af",
                    "32836c39-11b6-4b70-933c-df76029b92d3",
                    "14f9a4b6-bc57-4b20-877e-6daa1014cf7b",
                    "aea03506-ef5c-411d-8d42-6c410d09c7a4"
                ],
                "keywords": [
                    "宽敞",
                    "车内空间",
                    "长途",
                    "舒适"
                ]
            },
            {
                "summary": "比亚迪汉的后排空间设计合理，提供了良好的头部空间。",
                "summary_topic": "后排空间合理",
                "uuid": [
                    "5ed05302-4518-49da-b747-ef6d97b48638"
                ],
                "keywords": [
                    "后排空间",
                    "车高",
                    "头部空间"
                ]
            }
        ],
        "disadvantage": [
            {
                "summary": "比亚迪汉的杯架设计不够宽敞，放置两杯饮料会显得拥挤。",
                "summary_topic": "杯架设计差",
                "uuid": [
                    "e9197cd8-b174-4995-8b1a-7db2e860aa7f",
                    "a3625a5b-e08d-46a6-aab9-98324f5a25b1",
                    "51ed1c20-05a7-49f8-801b-fb42fe664e40"
                ],
                "keywords": [
                    "杯架",
                    "瑞幸",
                    "宽敞"
                ]
            },
            {
                "summary": "比亚迪汉的转弯半径较大，影响停车和转弯的便捷性。",
                "summary_topic": "转弯半径大",
                "uuid": [
                    "7f8b7f4f-fe81-4943-9663-416b4327c3f2"
                ],
                "keywords": [
                    "转弯半径",
                    "停车"
                ]
            }
        ],
        "theme": "空间舒适"
    },
    {
        "advantage": [
            {
                "summary": "比亚迪售后提供了代用车服务，帮助用户在维修期间顺利完成出差任务。",
                "summary_topic": "代用车服务好",
                "uuid": [
                    "0a595d02-811a-4fec-92d9-d845c63e4a69"
                ],
                "keywords": [
                    "比亚迪",
                    "售后服务",
                    "代用车",
                    "出差",
                    "维修"
                ]
            },
            {
                "summary": "比亚迪售后服务体系完善，未来有望为企业赢得更多市场份额。",
                "summary_topic": "售后体系完善",
                "uuid": [
                    "82097d46-a28a-4758-ab58-1d044e2b586a"
                ],
                "keywords": [
                    "蔚来汽车",
                    "售后服务",
                    "市场份额"
                ]
            },
            {
                "summary": "比亚迪售后服务好，购车时因本地售后服务优质而选择比亚迪。",
                "summary_topic": "本地售后优质",
                "uuid": [
                    "85a4a1ef-14b3-407f-9e66-e5bade10038c"
                ],
                "keywords": [
                    "比亚迪",
                    "售后服务",
                    "本地售后"
                ]
            }
        ],
        "disadvantage": [
            {
                "summary": "比亚迪售后服务不佳，4S店在维修期间强行收回代步车，导致用户维权困难。",
                "summary_topic": "售后服务差",
                "uuid": [
                    "523b97f9-edb9-49e5-b58c-6967575d722c"
                ],
                "keywords": [
                    "事故车",
                    "维权",
                    "4S店",
                    "代步车"
                ]
            },
            {
                "summary": "比亚迪售后服务不力，车辆在4S店维修时遭遇火灾，赔偿方案不合理。",
                "summary_topic": "赔偿方案差",
                "uuid": [
                    "084811f3-940f-481d-ba60-2a39f8932a77"
                ],
                "keywords": [
                    "火灾",
                    "4S店",
                    "维修",
                    "赔偿",
                    "评估价值"
                ]
            },
            {
                "summary": "比亚迪售后服务效率低，车辆故障后4S店一周未能查出问题。",
                "summary_topic": "故障处理慢",
                "uuid": [
                    "bf1fb41d-09d7-438d-a877-4fd1daf91a2c"
                ],
                "keywords": [
                    "动力失去",
                    "4S店",
                    "检查",
                    "故障"
                ]
            },
            {
                "summary": "比亚迪售后服务存在问题，电池更换条件苛刻，限制用户享受免费服务。",
                "summary_topic": "电池更换难",
                "uuid": [
                    "4b7c6ce5-b28d-4d37-854f-ec6746445aad"
                ],
                "keywords": [
                    "电池更换",
                    "免费服务",
                    "条件苛刻"
                ]
            }
        ],
        "theme": "售后服务"
    },
    {
        "advantage": [
            {
                "summary": "比亚迪汉L的外观设计受到了广泛好评，许多用户称其为颜值担当，设计语言新颖，车身线条流畅，整体造型大气。",
                "summary_topic": "外观设计优",
                "uuid": [
                    "2bd5643a-01db-4283-8fef-27aa6282eef2",
                    "3710be8c-68c6-46a1-8c69-b3edfe0304fe",
                    "0565d971-e1b1-45b9-a4d5-b0a406111617",
                    "d0486661-e45b-47df-a438-55e8749d0f2f",
                    "f9337e59-6a01-45fd-bb32-f3891723ebc9"
                ],
                "keywords": [
                    "外观设计",
                    "颜值",
                    "设计语言",
                    "大气",
                    "流线"
                ]
            },
            {
                "summary": "比亚迪汉L的车身比例和细节设计被认为是令人舒心的，尤其是溜背设计和前脸细节。",
                "summary_topic": "细节设计优",
                "uuid": [
                    "2bd5643a-01db-4283-8fef-27aa6282eef2",
                    "3710be8c-68c6-46a1-8c69-b3edfe0304fe",
                    "0565d971-e1b1-45b9-a4d5-b0a406111617"
                ],
                "keywords": [
                    "车身比例",
                    "细节设计",
                    "溜背设计",
                    "前脸"
                ]
            },
            {
                "summary": "比亚迪汉L的设计被认为融合了中华文脉和现代美学，展现了东方力量和灵动流畅的线条。",
                "summary_topic": "美学设计优",
                "uuid": [
                    "7d57c913-6ab2-486c-9ce1-49c83320e94b",
                    "9b1025ea-ac9b-41bf-b4ba-8020ed7bc99e",
                    "5ab89234-4483-4771-ae37-c7227110b8fe"
                ],
                "keywords": [
                    "中华文脉",
                    "东方力量",
                    "灵动流畅",
                    "美学"
                ]
            }
        ],
        "disadvantage": [
            {
                "summary": "比亚迪汉L的设计在某些方面被认为不如现款，尤其是前脸灯设计和某些细节处理。",
                "summary_topic": "设计细节差",
                "uuid": [
                    "605f77dd-38b0-427a-9831-537dcf543cf5",
                    "326d0a52-e25c-4872-ae04-d4504cb37156"
                ],
                "keywords": [
                    "前脸灯",
                    "设计细节",
                    "不如现款"
                ]
            },
            {
                "summary": "比亚迪汉L的某些设计被认为过于复杂，尤其是侧窗玻璃的亮条设计，可能导致制造复杂性增加。",
                "summary_topic": "设计复杂差",
                "uuid": [
                    "971a5886-7084-4c3d-9def-f7a8560d3112"
                ],
                "keywords": [
                    "设计复杂",
                    "侧窗玻璃",
                    "亮条"
                ]
            }
        ],
        "theme": "外观内饰"
    },
    {
        "advantage": [
            {
                "summary": "比亚迪汉的价格在国内市场相对较低，性价比高，能够与同级别车型竞争。",
                "summary_topic": "性价比高",
                "uuid": [
                    "ff8abc45-ff90-497b-8db7-28a5766a0d23",
                    "ccd5bc56-2826-4ebb-9016-0356822c7c82",
                    "070764ef-00fa-4cd5-9443-cabc67717b89",
                    "c749d677-ce2f-4c4c-878b-48f8240a5122",
                    "5d6b0ce5-bc23-452d-8e81-e6c786e3512d"
                ],
                "keywords": [
                    "比亚迪汉",
                    "性价比",
                    "价格",
                    "竞争"
                ]
            },
            {
                "summary": "比亚迪汉在国内市场提供了多种优惠政策，包括置换补贴和金融方案，吸引消费者。",
                "summary_topic": "优惠政策多",
                "uuid": [
                    "6617c3aa-fa42-4857-888c-b2e624035f71",
                    "0e427b3e-fdb8-48a5-afa9-00ba3d4599b4",
                    "c7c0d28b-c2de-4433-8e77-091c5e62c9fc",
                    "12ce04d2-9c57-4285-a3a3-a8b40ed3f485",
                    "a8923c37-b89d-495b-a53f-4b51c92204eb"
                ],
                "keywords": [
                    "优惠",
                    "置换补贴",
                    "金融方案",
                    "比亚迪"
                ]
            }
        ],
        "disadvantage": [
            {
                "summary": "比亚迪汉在海外市场的售价较高，导致消费者对其价格策略产生质疑。",
                "summary_topic": "海外售价高",
                "uuid": [
                    "7025b403-4950-4a76-affb-ac9b731b2391",
                    "42ec3c55-c8f2-4d5d-a46b-f752c3303f82",
                    "63f613b1-97ac-4be4-b855-8cc856359e8f",
                    "304a7e50-6a03-4975-85e0-6642cd32dabd",
                    "f9c14235-2066-45f1-8d85-b0e57d288e14"
                ],
                "keywords": [
                    "海外价格",
                    "市场",
                    "比亚迪汉",
                    "售价"
                ]
            },
            {
                "summary": "比亚迪汉的贬值速度较快，二手车市场价格大幅下跌，影响车主的保值率。",
                "summary_topic": "贬值速度快",
                "uuid": [
                    "a8923c37-b89d-495b-a53f-4b51c92204eb",
                    "7642091f-107a-458d-b9bb-cfa83cf57541",
                    "2b8f24c5-6334-499e-8d85-7d7365f2fa0e",
                    "084811f3-940f-481d-ba60-2a39f8932a77",
                    "d1a149e6-7b00-4d7f-83b4-fe6717229b22"
                ],
                "keywords": [
                    "贬值",
                    "二手车",
                    "保值率",
                    "价格下跌"
                ]
            }
        ],
        "theme": "价格成本"
    },
    {
        "advantage": [
            {
                "summary": "比亚迪汉L的强劲动力表现被广泛赞誉，尤其是其后电机功率达到580kW，提供了卓越的加速性能，甚至被称为电动肌肉车。",
                "summary_topic": "动力性能强",
                "uuid": [
                    "0e5e6ee9-1cbe-4cf6-b82b-b6fa718db530",
                    "594f29dd-5c3c-452d-bc27-24aaf1decd2f",
                    "f9337e59-6a01-45fd-bb32-f3891723ebc9",
                    "6074eb0c-c997-4dca-a4ea-4706bddd330c",
                    "345386e9-3117-4391-8ede-f6667db67e4c"
                ],
                "keywords": [
                    "580kW",
                    "电动肌肉车",
                    "强劲动力",
                    "加速性能"
                ]
            },
            {
                "summary": "比亚迪汉L的双电机配置和后驱设计使其具备出色的操控性能，能够在冰面上行驶，展现出卓越的驾驶稳定性。",
                "summary_topic": "操控性能佳",
                "uuid": [
                    "abd314bf-82cf-4ac8-9cdd-3e55b10abaf4",
                    "8ddd445a-a41c-43ec-a554-3c3eb7065ee4",
                    "6c4b72b3-256b-4ce0-8cb5-3a596479e572"
                ],
                "keywords": [
                    "双电机",
                    "后驱",
                    "操控性能",
                    "驾驶稳定性"
                ]
            },
            {
                "summary": "比亚迪汉L的高阶智能驾驶系统，包括激光雷达和DiPilot 300，提供了全面的驾驶辅助功能，提升了驾驶的便捷性和安全性。",
                "summary_topic": "智能驾驶强",
                "uuid": [
                    "be3df81d-eeb0-4e6d-901d-40a4378eeb44",
                    "c4fe99a4-c9b0-45df-a377-0b5bb73f28a8",
                    "e7c74fdb-6f82-4ccd-9dea-a43a10bdd820"
                ],
                "keywords": [
                    "智能驾驶",
                    "激光雷达",
                    "DiPilot 300",
                    "驾驶辅助"
                ]
            }
        ],
        "disadvantage": [
            {
                "summary": "一些用户对比亚迪汉的电机功率580kW表示怀疑，认为可能存在误解，实际功率可能低于宣传。",
                "summary_topic": "功率宣传疑",
                "uuid": [
                    "a79de274-38db-4d97-a231-9b073fc7e8bd",
                    "b05bdfee-0641-430f-9a52-5f73e05b05dc"
                ],
                "keywords": [
                    "580kW",
                    "功率误解",
                    "宣传质疑"
                ]
            },
            {
                "summary": "比亚迪汉的续航能力被批评不如预期，特别是在冬季或高速行驶时，续航里程明显减少。",
                "summary_topic": "续航能力弱",
                "uuid": [
                    "d1a149e6-7b00-4d7f-83b4-fe6717229b22",
                    "6a03b417-6d1b-429b-9486-4c7c68c2fed4"
                ],
                "keywords": [
                    "续航能力",
                    "冬季续航",
                    "高速续航"
                ]
            },
            {
                "summary": "比亚迪汉在驾驶过程中出现了方向盘重、跑偏和异响等问题，影响了驾驶体验。",
                "summary_topic": "驾驶体验差",
                "uuid": [
                    "a2ccbd54-79aa-4154-ad61-5c4aa4540fb7"
                ],
                "keywords": [
                    "方向盘重",
                    "跑偏",
                    "异响",
                    "驾驶体验"
                ]
            }
        ],
        "theme": "驾驶性能"
    },
    {
        "advantage": [
            {
                "summary": "比亚迪的智能驾驶系统“天神之眼”在激光雷达的支持下，提供了高阶智能驾驶辅助功能，包括高速、城市路段的领航驾驶辅助和代客泊车等，表现出色。",
                "summary_topic": "智能驾驶出色",
                "uuid": [
                    "be3df81d-eeb0-4e6d-901d-40a4378eeb44",
                    "0e5a9409-9cae-4df6-b580-014abdf8827d",
                    "aa2ad9b2-069c-4eef-9d10-487a3fb133a5",
                    "62ba80c4-1f72-4e39-bae5-dc73dc166673",
                    "a899a01a-5b95-4e1b-87df-c04aeccad2b2"
                ],
                "keywords": [
                    "天神之眼",
                    "激光雷达",
                    "高阶智能驾驶",
                    "DiPilot 300",
                    "代客泊车"
                ]
            },
            {
                "summary": "比亚迪汉系列车型搭载的高阶智驾系统在城市领航功能上表现优异，实现了几乎0接管的智能驾驶体验。",
                "summary_topic": "智驾体验优异",
                "uuid": [
                    "16c703f0-da45-4186-a218-a897fb4f4669",
                    "d97bcdbf-2715-4b4b-a762-86e7b545e25e",
                    "eb87e78d-2593-47f8-80d7-dfba1ac83e2c",
                    "6674945e-7e2d-4f75-b5a1-a197faab00c6",
                    "e03d4096-e4e8-42cb-9286-42ba57b77943"
                ],
                "keywords": [
                    "城市领航",
                    "0接管",
                    "智驾体验",
                    "智能驰骋",
                    "高阶智驾"
                ]
            },
            {
                "summary": "比亚迪汉的智驾系统在高速和城区驾驶中表现稳定，具备自主变道、避障等功能，提升了驾驶安全性和便利性。",
                "summary_topic": "智驾功能稳定",
                "uuid": [
                    "03460d7d-4fce-45e3-846e-145d9ba13442",
                    "2194c2e2-710e-4eb8-94d0-afd3702e9580",
                    "7069afb1-b270-435b-b20b-ba68d2b662c9",
                    "7b18a5bf-62d0-4349-ba6d-36823325751b",
                    "e37d6a32-8678-42d4-b2e6-4b89b740f1c3"
                ],
                "keywords": [
                    "自主变道",
                    "避障",
                    "驾驶安全性",
                    "便利性",
                    "智驾系统"
                ]
            }
        ],
        "disadvantage": [
            {
                "summary": "比亚迪汉的智能驾驶系统在某些情况下可能存在不够灵敏的问题，特别是在复杂路况下表现不佳。",
                "summary_topic": "智驾灵敏不足",
                "uuid": [
                    "93d45f64-9689-43b8-b129-e81309af8071",
                    "9971d53b-5920-4787-9e44-b1e14f1f4468",
                    "faacafce-399c-4a8e-a346-bf15efb8dcb9",
                    "e87b4989-a427-41f5-9b80-c80b5e929cf8"
                ],
                "keywords": [
                    "智能领航系统",
                    "复杂路况",
                    "灵敏度",
                    "车机卡顿",
                    "安卓大屏幕"
                ]
            },
            {
                "summary": "比亚迪汉的智驾系统在某些情况下可能会出现降级或需要手动接管，影响了驾驶的连续性和流畅性。",
                "summary_topic": "智驾需手动接管",
                "uuid": [
                    "8e191d4e-9acc-4a6d-a8aa-c3e2e9833a79",
                    "417ebaf8-3c7c-4116-9b51-5b2144414215",
                    "986b32e3-abda-4ea8-a24f-d0da46fecb8f",
                    "e6bf513b-7181-4ef8-a66a-8eeb6e6c0b91"
                ],
                "keywords": [
                    "手动接管",
                    "智驾降级",
                    "驾驶连续性",
                    "流畅性",
                    "智驾系统"
                ]
            }
        ],
        "theme": "智能系统"
    },
    {
        "advantage": [
            {
                "summary": "比亚迪品牌在新能源汽车市场中表现出色，销量持续增长，尤其是在国内市场中占据了领先地位，品牌影响力不断提升。",
                "summary_topic": "品牌影响力强",
                "uuid": [
                    "afa728c9-b8d7-4c71-984d-822d03efaeb8",
                    "410c947f-368d-4ed9-9e3b-83eb65f1282c",
                    "32836c39-11b6-4b70-933c-df76029b92d3",
                    "9fea2ae9-25df-41c6-866a-9cbbde758897",
                    "b244cc58-846b-49d9-bcda-e016dc032eae"
                ],
                "keywords": [
                    "比亚迪",
                    "销量",
                    "市场表现",
                    "品牌影响力"
                ]
            },
            {
                "summary": "比亚迪在技术创新方面表现突出，特别是在电池技术和智能驾驶领域，获得了市场的广泛认可。",
                "summary_topic": "技术创新优",
                "uuid": [
                    "709c8db6-b372-4851-905b-03245ca32cd9",
                    "e78a1df0-eb83-4935-9079-627e6ebe5325",
                    "c6dc8304-0b1b-4ce5-ae36-24dbcef8fb27",
                    "67b1b6c0-4e5e-4e0b-a968-99ff05fda70f",
                    "4b70dcbe-950c-4f26-a972-1fe221f3436c"
                ],
                "keywords": [
                    "技术创新",
                    "电池技术",
                    "智能驾驶",
                    "市场认可"
                ]
            },
            {
                "summary": "比亚迪品牌在全球市场的销量表现出色，尤其是在新能源汽车领域，展现了强大的市场竞争力和品牌影响力。",
                "summary_topic": "品牌影响力强",
                "uuid": [
                    "2edd4947-9ce4-4ffe-b9c1-c3ef18f2987d",
                    "d7a547ea-80c4-446a-8f77-557675ced4d8",
                    "286b8290-9b50-4e7b-8a27-1a4166a5ca9b"
                ],
                "keywords": [
                    "比亚迪",
                    "全球销量",
                    "市场竞争力",
                    "品牌影响力"
                ]
            },
            {
                "summary": "比亚迪在技术创新和市场战略方面表现突出，推动了新能源汽车行业的发展，并成为行业的领军者。",
                "summary_topic": "技术创新领先",
                "uuid": [
                    "d7a547ea-80c4-446a-8f77-557675ced4d8",
                    "4c249d54-a8b4-479e-821f-c731fa116194"
                ],
                "keywords": [
                    "技术创新",
                    "市场战略",
                    "领军者",
                    "新能源汽车"
                ]
            },
            {
                "summary": "比亚迪通过品牌焕新和推出多款新能源车型，成功开拓了海外市场，进一步提升了品牌知名度。",
                "summary_topic": "品牌知名度高",
                "uuid": [
                    "d4e15578-ea65-44b7-885e-a4ffb5fc9ad7",
                    "5e94016c-a329-4a72-9867-f57e9a6e3287"
                ],
                "keywords": [
                    "品牌焕新",
                    "新能源车型",
                    "海外市场",
                    "知名度"
                ]
            }
        ],
        "disadvantage": [
            {
                "summary": "比亚迪在海外市场的价格策略受到质疑，部分地区售价偏高，影响了品牌的国际竞争力。",
                "summary_topic": "海外定价高",
                "uuid": [
                    "7025b403-4950-4a76-affb-ac9b731b2391",
                    "2b832d54-3368-4694-9177-994406a8a474",
                    "42ec3c55-c8f2-4d5d-a46b-f752c3303f82",
                    "63f613b1-97ac-4be4-b855-8cc856359e8f",
                    "e8f5176e-d0b2-409a-9328-7761f3b840f7"
                ],
                "keywords": [
                    "海外价格",
                    "国际竞争力",
                    "定价策略"
                ]
            },
            {
                "summary": "比亚迪的售后服务和产品质量问题引发消费者不满，部分车主反映车辆存在质量问题且售后服务不及时。",
                "summary_topic": "售后服务差",
                "uuid": [
                    "a2ccbd54-79aa-4154-ad61-5c4aa4540fb7",
                    "523b97f9-edb9-49e5-b58c-6967575d722c",
                    "9971d53b-5920-4787-9e44-b1e14f1f4468",
                    "e9a0c2ca-0217-4b77-85b3-ec047569f977",
                    "0b1e200c-54f5-4f47-b076-ddabf11f8b64"
                ],
                "keywords": [
                    "售后服务",
                    "质量问题",
                    "消费者不满"
                ]
            },
            {
                "summary": "比亚迪在部分市场的品牌传播较弱，未能充分展现其高科技和智能化的品牌形象。",
                "summary_topic": "品牌传播不足",
                "uuid": [
                    "fe66bf23-2076-425c-a78e-fd687f9fe697"
                ],
                "keywords": [
                    "品牌传播",
                    "高科技",
                    "智能化",
                    "形象"
                ]
            },
            {
                "summary": "比亚迪品牌在某些市场面临负面评价，可能影响其整体品牌形象和市场接受度。",
                "summary_topic": "负面评价多",
                "uuid": [
                    "d49067c3-81d7-4f95-a712-7bc53d82045d"
                ],
                "keywords": [
                    "负面评价",
                    "品牌形象",
                    "市场接受度"
                ]
            }
        ],
        "theme": "品牌口碑"
    }
]