[
    {
        "overall_score": 90,
        "dimensions": [
            {
                "dimension": "空间舒适性",
                "score": 95
            },
            {
                "dimension": "续航能力",
                "score": 90
            },
            {
                "dimension": "操作便利性",
                "score": 85
            },
            {
                "dimension": "成本效益",
                "score": 92
            }
        ],
        "keywords": [
            "空间",
            "续航",
            "舒适",
            "商务",
            "成本"
        ],
        "uuid": [
            "4004ce5a-b01b-4023-aba5-fc2f4852cd3a",
            "0438bac2-f348-4ec3-9631-8d98f3c741f6",
            "4ba407a5-089a-4743-af66-f676c3d93dfc",
            "174147da-1349-4663-b088-0af1b3d44326",
            "fa1af4e8-df32-4d8d-84a0-458c02b29a9d"
        ],
        "scenario": "商务接待",
        "description": "用于接送客户、商务会议、出差等正式场合。"
    },
    {
        "overall_score": 85,
        "dimensions": [
            {
                "dimension": "豪华感",
                "score": 90
            },
            {
                "dimension": "身份展示",
                "score": 85
            },
            {
                "dimension": "驾驶乐趣",
                "score": 80
            },
            {
                "dimension": "社交活动适用性",
                "score": 85
            }
        ],
        "keywords": [
            "豪华",
            "身份",
            "驾驶乐趣",
            "高端",
            "社交"
        ],
        "uuid": [
            "5671ce1c-f08c-4158-8701-ee2dc6c245a3",
            "736ea5ce-7ce9-4c72-8d98-a3e78d30b7ff",
            "3ba0dfda-74a1-4506-810d-38fd82537903",
            "72d1960c-a0f9-4a28-929d-a82a960b53fe",
            "d95ca98b-dcd8-44e6-a7ef-d7ba7fdcd71d"
        ],
        "scenario": "高端奢华",
        "description": "用于展示身份、享受驾驶乐趣、参加高端社交活动。"
    },
    {
        "overall_score": 60,
        "dimensions": [
            {
                "dimension": "价格",
                "score": 50
            },
            {
                "dimension": "舒适性",
                "score": 70
            },
            {
                "dimension": "操控性",
                "score": 65
            },
            {
                "dimension": "创新性",
                "score": 75
            }
        ],
        "keywords": [
            "价格",
            "舒适性",
            "操控性",
            "创新性",
            "性价比"
        ],
        "uuid": [
            "2c8446e0-7625-44a7-807d-61c86a7fd021",
            "0d6bd390-f055-433b-8f67-038e0e65f24c"
        ],
        "scenario": "老年人代步",
        "description": "用于老年人日常出行、购物、就医等。"
    },
    {
        "overall_score": 85,
        "dimensions": [
            {
                "dimension": "续航能力",
                "score": 90
            },
            {
                "dimension": "越野性能",
                "score": 80
            },
            {
                "dimension": "空间与舒适性",
                "score": 85
            },
            {
                "dimension": "电能利用",
                "score": 88
            },
            {
                "dimension": "底盘通过性",
                "score": 75
            }
        ],
        "keywords": [
            "四驱",
            "续航",
            "露营",
            "越野",
            "电能"
        ],
        "uuid": [
            "24533d7e-8562-4701-b58d-16c96bd8a8ca",
            "c18dc3ce-621f-4af9-a0fa-bdb061024d8f",
            "347e335b-8e40-4e97-a2a4-5a00b25ed521",
            "07a2a3d5-f475-445a-9d3c-ec9b8d534c73",
            "4cbe8aee-bcef-4e9f-8a1a-305065dc8fee"
        ],
        "scenario": "户外探险",
        "description": "用于越野、露营、长途自驾等户外活动。"
    },
    {
        "overall_score": 75,
        "dimensions": [
            {
                "dimension": "续航里程",
                "score": 80
            },
            {
                "dimension": "充电便利性",
                "score": 90
            },
            {
                "dimension": "能耗经济性",
                "score": 85
            },
            {
                "dimension": "驾驶体验",
                "score": 70
            },
            {
                "dimension": "舒适性",
                "score": 60
            }
        ],
        "keywords": [
            "城市通勤",
            "续航",
            "充电",
            "电耗",
            "家用充电桩"
        ],
        "uuid": [
            "6e8dcfb3-167d-4e53-82d4-9f42958d3118",
            "94852ee2-3368-4a5e-b9b1-ee395e8ab9fa",
            "fdfd6db3-7d27-4d02-9ccd-f695d2a923d4",
            "6b659647-e9e8-4b5d-a8ae-9b78d544bfde",
            "472ccd54-ba0e-495f-9742-1be9b9029497"
        ],
        "scenario": "城市通勤",
        "description": "用于日常上下班、短途出行等城市内活动。"
    },
    {
        "overall_score": 85,
        "dimensions": [
            {
                "dimension": "空间",
                "score": 80
            },
            {
                "dimension": "续航",
                "score": 90
            },
            {
                "dimension": "能耗",
                "score": 85
            },
            {
                "dimension": "舒适性",
                "score": 88
            },
            {
                "dimension": "安全性",
                "score": 82
            }
        ],
        "keywords": [
            "家用",
            "出行",
            "续航",
            "空间",
            "舒适"
        ],
        "uuid": [
            "80858359-9064-4995-a893-5cdc5636f760",
            "d61089ff-1383-4e19-bb50-1ef30c8ff4aa",
            "07dea9b5-c635-437a-982c-b4633a2c8448",
            "f53f1945-29e0-42a4-ac39-6b9398d69cb8",
            "34c88c28-f961-44c7-a942-dcbe0d3445d0"
        ],
        "scenario": "家庭出行",
        "description": "用于日常通勤、周末郊游、长途旅行等家庭活动。"
    },
    {
        "overall_score": 85,
        "dimensions": [
            {
                "dimension": "外观",
                "score": 90
            },
            {
                "dimension": "内饰",
                "score": 85
            },
            {
                "dimension": "科技感",
                "score": 90
            },
            {
                "dimension": "驾驶体验",
                "score": 80
            },
            {
                "dimension": "性价比",
                "score": 85
            }
        ],
        "keywords": [
            "外观",
            "大屏",
            "科技感",
            "驾驶",
            "性价比"
        ],
        "uuid": [
            "308c75c4-a4d7-4fcf-8a58-f481d8276b15",
            "f1ecf648-bf53-4e99-977d-2dcc910547b8",
            "46f28d2e-35f7-40b5-98a8-5b62d70a8105",
            "16cbd75b-227d-4f19-b936-1e7f56edc1e2",
            "fe222d93-e53e-455d-ba36-1ae2c9e07590"
        ],
        "scenario": "年轻个性",
        "description": "用于展示个性、社交、短途旅行等。"
    }
]