[
    {
        "advantage": [
            {
                "summary": "吉利售后服务态度好，能够快速响应用户反馈，提供及时的解决方案。",
                "summary_topic": "售后服务好",
                "uuid": [
                    "604fb914-aea5-4471-815c-644c44b88765",
                    "2e4975a4-4fed-4119-aa1c-4bb21b44b6b2"
                ],
                "keywords": [
                    "吉利售后",
                    "服务态度",
                    "快速响应",
                    "解决方案"
                ]
            },
            {
                "summary": "售后服务能够提供免费更换和升级，用户体验较好。",
                "summary_topic": "售后体验好",
                "uuid": [
                    "c7fca8b5-2a5b-4d8e-8f68-75785aa30cb0",
                    "7b70a275-9ab0-4419-bf35-c5813c3fef5a"
                ],
                "keywords": [
                    "免费更换",
                    "升级",
                    "售后服务"
                ]
            }
        ],
        "disadvantage": [
            {
                "summary": "售后服务响应慢，用户反馈问题未能及时解决，影响用户体验。",
                "summary_topic": "售后响应慢",
                "uuid": [
                    "d5815ed2-5584-4d03-98f6-39ea5eee8557",
                    "513ba1de-1374-4b86-9617-1367d4d11a72"
                ],
                "keywords": [
                    "售后响应",
                    "问题未解决",
                    "用户体验"
                ]
            },
            {
                "summary": "售后服务不专业，维修时间长，影响用户正常使用。",
                "summary_topic": "售后不专业",
                "uuid": [
                    "d5815ed2-5584-4d03-98f6-39ea5eee8557",
                    "cba1f51d-12f3-4e5e-9c6a-177e057bff6b"
                ],
                "keywords": [
                    "售后不专业",
                    "维修时间长",
                    "用户使用"
                ]
            },
            {
                "summary": "售后服务态度差，用户反馈问题未得到重视和解决。",
                "summary_topic": "售后态度差",
                "uuid": [
                    "fc19c60b-7d33-4a20-832d-8febba9cbe72",
                    "a6fe8bdc-1cd5-4238-b84d-ba7211d5f383"
                ],
                "keywords": [
                    "售后态度",
                    "问题未解决",
                    "用户反馈"
                ]
            }
        ],
        "theme": "售后服务"
    },
    {
        "advantage": [
            {
                "summary": "吉利银河品牌在国内拥有较高的知名度，并且其品牌历史悠久，给消费者带来了信任感。",
                "summary_topic": "品牌知名度高",
                "uuid": [
                    "1e29f376-11bf-439e-829b-915118e3dbd9",
                    "570c1ad8-dd8a-4d74-99b0-5d0596415f76"
                ],
                "keywords": [
                    "吉利银河",
                    "品牌",
                    "知名度",
                    "信任感"
                ]
            },
            {
                "summary": "吉利银河E8在市场上获得了一些消费者的好评，尤其是在外观设计和性价比方面。",
                "summary_topic": "性价比高",
                "uuid": [
                    "9da813bf-fe70-4068-81aa-35c4b4f4293a",
                    "b4131064-e518-4402-b3ce-122ba006f190"
                ],
                "keywords": [
                    "性价比",
                    "外观设计",
                    "好评"
                ]
            },
            {
                "summary": "吉利银河E8的售后服务被部分用户认可，认为其服务质量较好。",
                "summary_topic": "售后服务好",
                "uuid": [
                    "604fb914-aea5-4471-815c-644c44b88765"
                ],
                "keywords": [
                    "售后服务",
                    "服务质量"
                ]
            },
            {
                "summary": "银河之光量产版e8在车展上备受关注，给人留下深刻印象，显示出品牌的吸引力和潜在竞争力。",
                "summary_topic": "品牌吸引力强",
                "uuid": [
                    "01048b08-389b-4e49-995a-a09f4bd8d473"
                ],
                "keywords": [
                    "银河之光量产版e8",
                    "车展",
                    "心心念念",
                    "过目不忘",
                    "小帕美",
                    "汉"
                ]
            }
        ],
        "disadvantage": [
            {
                "summary": "吉利银河E8的销量不佳，市场表现不如预期，受到其他品牌的竞争压力。",
                "summary_topic": "销量表现差",
                "uuid": [
                    "65ab961a-aaf0-4d6c-971f-d5c159accfb9",
                    "93403530-4b3f-4c8f-accf-11fa499b0560"
                ],
                "keywords": [
                    "销量",
                    "市场表现",
                    "竞争压力"
                ]
            },
            {
                "summary": "吉利银河E8在品牌价值感上不如一些竞争对手，导致消费者对其品牌溢价能力存疑。",
                "summary_topic": "品牌价值低",
                "uuid": [
                    "337acb97-9ea4-4f51-ac44-ca7c778880b5"
                ],
                "keywords": [
                    "品牌价值",
                    "溢价能力",
                    "竞争对手"
                ]
            },
            {
                "summary": "吉利银河E8的品牌认知度在某些市场中仍需提升，消费者对其品牌的认可度不高。",
                "summary_topic": "品牌认知低",
                "uuid": [
                    "570c1ad8-dd8a-4d74-99b0-5d0596415f76"
                ],
                "keywords": [
                    "品牌认知度",
                    "认可度",
                    "市场"
                ]
            },
            {
                "summary": "吉利银河E8的品牌营销策略被认为不够有效，未能充分吸引消费者。",
                "summary_topic": "营销策略弱",
                "uuid": [
                    "17fd37f9-739a-49f0-85aa-428d6195bfdb"
                ],
                "keywords": [
                    "品牌营销",
                    "吸引消费者",
                    "策略"
                ]
            },
            {
                "summary": "吉利和领克08的预热时间过长，导致消费者对品牌的期待感降低。",
                "summary_topic": "品牌预热太久",
                "uuid": [
                    "b283590f-f555-4786-992d-c7d04889983b"
                ],
                "keywords": [
                    "预热",
                    "吉利",
                    "领克08",
                    "价格",
                    "墨迹"
                ]
            }
        ],
        "theme": "品牌口碑"
    },
    {
        "advantage": [
            {
                "summary": "银河E8的空间表现出色，前后排空间宽敞，储物空间丰富，适合家庭出行。",
                "summary_topic": "空间表现好",
                "uuid": [
                    "f1ecf648-bf53-4e99-977d-2dcc910547b8",
                    "af75eb8a-864f-4def-b1a9-c5b9355a181a",
                    "4004ce5a-b01b-4023-aba5-fc2f4852cd3a",
                    "356725f9-9e7c-4066-95d8-1a25c3067b9d",
                    "24bde115-f186-4d28-89bd-70f731c14e89"
                ],
                "keywords": [
                    "空间",
                    "舒适",
                    "储物空间",
                    "后备箱",
                    "宽敞"
                ]
            },
            {
                "summary": "后排空间宽敞，乘坐舒适，适合长途旅行。",
                "summary_topic": "乘坐舒适好",
                "uuid": [
                    "af75eb8a-864f-4def-b1a9-c5b9355a181a",
                    "4004ce5a-b01b-4023-aba5-fc2f4852cd3a",
                    "356725f9-9e7c-4066-95d8-1a25c3067b9d",
                    "24bde115-f186-4d28-89bd-70f731c14e89",
                    "dbb880f1-4c49-463c-8b59-c3a5db968fd9"
                ],
                "keywords": [
                    "后排空间",
                    "舒适",
                    "宽敞",
                    "乘坐舒适"
                ]
            },
            {
                "summary": "E8的车内空间宽敞，尤其是前排和后备箱，适合长途旅行和家庭使用。",
                "summary_topic": "空间宽敞舒适",
                "uuid": [
                    "d76515b6-daa4-4ce7-9e81-586b25316e82",
                    "b4090a46-4b3d-4fae-ba55-02c49c4c18fc",
                    "5b4bfc41-ccc1-4e16-aeb2-83d17d05a21f"
                ],
                "keywords": [
                    "车内空间",
                    "后备箱",
                    "宽敞",
                    "舒适"
                ]
            },
            {
                "summary": "E8的驾驶体验舒适，底盘稳固，适合长途驾驶。",
                "summary_topic": "驾驶舒适稳固",
                "uuid": [
                    "7e7fc72f-2d34-4a5f-b354-38e896587213",
                    "c5f7b9e5-861b-44a3-bb51-61bdfd98caa2",
                    "432e1071-2969-4eda-a5c3-a51c75c82a62"
                ],
                "keywords": [
                    "驾驶体验",
                    "底盘",
                    "舒适",
                    "稳固"
                ]
            },
            {
                "summary": "后备箱空间较大，能够容纳一家人的行李，适合家用。",
                "summary_topic": "后备箱空间大",
                "uuid": [
                    "c6fe5768-be8a-4485-bc87-01d06a16710f"
                ],
                "keywords": [
                    "后备箱",
                    "空间",
                    "家用"
                ]
            }
        ],
        "disadvantage": [
            {
                "summary": "后排座椅较短，长时间乘坐舒适性欠佳。",
                "summary_topic": "座椅舒适差",
                "uuid": [
                    "25a4aa66-4d3a-472e-8720-df048a556cf1",
                    "303d952d-3396-45db-a20a-4a919880fd07",
                    "49655cc6-764d-44cf-9f9b-ba95b41c5246",
                    "535ab09c-a704-48c0-a218-a45a14cc5329",
                    "986518ac-8cf7-445e-a2b6-e028d1b39756"
                ],
                "keywords": [
                    "后排座椅",
                    "舒适性",
                    "座椅短",
                    "乘坐舒适"
                ]
            },
            {
                "summary": "后备箱开口小，影响大件物品的存放。",
                "summary_topic": "后备箱小",
                "uuid": [
                    "1cde2dee-4330-4222-8acb-728f8009ae59",
                    "b1d920ca-6fcf-4da5-9e52-12a50e6a9cec",
                    "59d073c9-4b02-46a5-954f-55c3d2e141a8",
                    "7bbb574a-467e-4d51-8d1a-0fab00ea6682",
                    "4525637b-a353-4c5d-99f5-1d750bc84915"
                ],
                "keywords": [
                    "后备箱",
                    "开口小",
                    "存放",
                    "空间"
                ]
            },
            {
                "summary": "后排空间不足，尤其是高个子乘客容易顶头。",
                "summary_topic": "后排空间不足",
                "uuid": [
                    "1c8ba07c-f399-492b-9c27-35997c9a3fd4",
                    "edf367ee-5cec-4010-9e82-689071739739",
                    "3546edd7-301d-408f-99f1-17329b6e5d39",
                    "41cde970-076c-479a-ac89-e40c71922063",
                    "f4f0811d-5c08-461c-af48-f8bb585a8cc0"
                ],
                "keywords": [
                    "后排空间",
                    "顶头",
                    "地台高",
                    "坐垫短"
                ]
            },
            {
                "summary": "E8的后排座椅较矮，长时间乘坐不舒适，腿部支撑不足。",
                "summary_topic": "后排座椅矮",
                "uuid": [
                    "8886f42a-404a-4cba-b948-5894f3ac5996",
                    "ad479a8d-4777-4b50-a00b-e65ba01eb2ed",
                    "cfadc3cd-5de9-4a4c-ad53-bfc740e3dcb6"
                ],
                "keywords": [
                    "后排座椅",
                    "矮",
                    "不舒适",
                    "腿部支撑"
                ]
            },
            {
                "summary": "后排地台较高，影响乘坐舒适性。",
                "summary_topic": "后排地台高",
                "uuid": [
                    "edf367ee-5cec-4010-9e82-689071739739",
                    "41cde970-076c-479a-ac89-e40c71922063"
                ],
                "keywords": [
                    "后排地台",
                    "地台高",
                    "舒适性"
                ]
            }
        ],
        "theme": "空间舒适"
    },
    {
        "advantage": [
            {
                "summary": "购买体验中，价格优惠较大，尤其是通过置换、补贴等方式可获得显著的价格优势。",
                "summary_topic": "价格优惠大",
                "uuid": [
                    "973ce5c1-81df-4dbe-9418-f955bf8ddd99",
                    "e8a96f97-bfc8-496e-b777-65bbb8140380",
                    "d7a25a3e-609f-4cf1-afb2-013ef651507c",
                    "c6d93327-1ef7-441a-82a2-f83f554fde5f",
                    "d6224a48-da5b-46fe-8328-b65fcfc0c6c0"
                ],
                "keywords": [
                    "价格优惠",
                    "置换",
                    "补贴",
                    "店补",
                    "省补"
                ]
            },
            {
                "summary": "许多用户提到在购车过程中享受到了置换补贴、免息贷款等优惠政策，使得购车成本降低，增加了购买的吸引力。",
                "summary_topic": "购车优惠多",
                "uuid": [
                    "836daf74-4a98-4e6a-8305-f1170ea59d2f",
                    "9f361747-8f93-465e-b50a-2c927fac1bd2",
                    "d8dc83c8-b8c8-4e52-ab66-08df6f582339",
                    "e7adceb8-4f53-4355-9c45-4226bf4bde9f",
                    "90e612ad-9725-41ce-be60-7e7c39f64fc8"
                ],
                "keywords": [
                    "置换补贴",
                    "免息贷款",
                    "优惠政策",
                    "购车成本"
                ]
            },
            {
                "summary": "购买体验中，提车速度快，现车充足，购车流程简便。",
                "summary_topic": "提车速度快",
                "uuid": [
                    "c6d93327-1ef7-441a-82a2-f83f554fde5f",
                    "d882c0e2-9e97-4e25-a95e-74e73010732e",
                    "c5390783-ca7c-452e-8c90-ca0e81f5bfbc"
                ],
                "keywords": [
                    "提车速度",
                    "现车",
                    "购车流程"
                ]
            },
            {
                "summary": "购车过程中，部分用户提到4S店提供了较为满意的服务，包括送车上门、快速办理手续等，提升了整体购买体验。",
                "summary_topic": "服务体验好",
                "uuid": [
                    "4b43f283-ccb6-489c-8b06-89e736216b09",
                    "f881dabb-65d8-4085-b344-2f9a68405abe",
                    "e0c7daa9-88d4-4230-a542-6b7b1d203c20"
                ],
                "keywords": [
                    "服务",
                    "送车上门",
                    "快速办理"
                ]
            },
            {
                "summary": "购买体验中，销售服务态度良好，提供了较多的优惠和赠品，整体购车过程顺利。",
                "summary_topic": "销售服务好",
                "uuid": [
                    "b6989e24-7519-4fac-85be-aefb98a90988",
                    "c23c3599-602c-451e-ac55-d9a637169614",
                    "c2f6fa7a-2717-45c8-ab15-a7264323eff2"
                ],
                "keywords": [
                    "销售服务",
                    "优惠",
                    "赠品",
                    "购车过程"
                ]
            }
        ],
        "disadvantage": [
            {
                "summary": "购买体验中，销售服务态度不佳，存在霸王条款或不合理收费。",
                "summary_topic": "销售态度差",
                "uuid": [
                    "621c0fb4-46b1-4691-bc20-45cbea90981f",
                    "e68d5940-b87c-4f5e-bf53-667dd07e1b26",
                    "bdf90877-8af8-488a-b427-37805dc5d6ba"
                ],
                "keywords": [
                    "销售态度",
                    "霸王条款",
                    "收费"
                ]
            },
            {
                "summary": "购买体验中，提车等待时间长，交付延迟，影响用户体验。",
                "summary_topic": "提车等待长",
                "uuid": [
                    "f1e82eaf-f960-48ed-81bc-daa174a24304",
                    "954222f1-902e-4c67-a74e-dfee86265c70",
                    "bdf90877-8af8-488a-b427-37805dc5d6ba"
                ],
                "keywords": [
                    "提车等待",
                    "交付延迟"
                ]
            },
            {
                "summary": "一些用户反映在购车过程中遇到4S店销售人员态度冷淡、信息不透明等问题，影响了购车体验。",
                "summary_topic": "销售态度差",
                "uuid": [
                    "e9ceb5d4-1839-4f75-8263-99e6bb50b423",
                    "f8803fac-ad8e-4574-8f48-e8972b963aab",
                    "6f891736-6987-4427-97bd-24d8028f0b8f"
                ],
                "keywords": [
                    "销售态度",
                    "信息不透明",
                    "购车体验"
                ]
            },
            {
                "summary": "部分用户提到购车过程中遇到的价格不透明、优惠政策不一致的问题，导致购车决策困难。",
                "summary_topic": "价格不透明",
                "uuid": [
                    "9cfc1b62-663e-4d2d-8478-622f98ec4cc2",
                    "e0686dad-4e3b-4a3e-a680-37a8e138dc31",
                    "f538b4f3-75ce-436e-8427-68e7dcb18479"
                ],
                "keywords": [
                    "价格",
                    "优惠政策",
                    "购车决策"
                ]
            },
            {
                "summary": "购买过程中，部分销售存在欺骗行为，承诺的定金退还难以兑现。",
                "summary_topic": "定金退还难",
                "uuid": [
                    "c85a1489-6eea-45be-a59c-9bb54961783a",
                    "a916b8ac-14a4-43b0-bfe0-3f0082a52941",
                    "1a295190-a16a-4c1b-9664-8e385f74a7ed"
                ],
                "keywords": [
                    "定金",
                    "退还",
                    "欺骗",
                    "承诺"
                ]
            }
        ],
        "theme": "购买体验"
    },
    {
        "advantage": [
            {
                "summary": "银河E8的车机系统搭载了银河NOS系统，经过多次OTA升级，系统流畅性和使用体验得到了提升，尤其是与魅族手机的互联功能增强了车机的娱乐性。",
                "summary_topic": "车机体验好",
                "uuid": [
                    "27eb01ab-82cd-4d84-9906-a8d3c3bfd1db",
                    "70827243-e7df-4aae-9fbb-b1e27729f076",
                    "5a245be0-e230-4902-852f-5392f600263f",
                    "e253b28f-46e4-455c-a5ae-c7e230293dbe",
                    "e996d922-a2f1-416d-be39-7c848f70d961"
                ],
                "keywords": [
                    "车机系统",
                    "银河NOS",
                    "OTA升级",
                    "流畅性",
                    "魅族手机"
                ]
            },
            {
                "summary": "银河E8的智能巡航辅助功能在高速上表现良好，能够有效降低驾驶强度，提供了较为舒适的驾驶体验。",
                "summary_topic": "智能巡航好",
                "uuid": [
                    "a59e4f84-54c1-48ec-8e41-ab583d40a7a2",
                    "356a2446-5c96-4e56-ac0e-5d315e2d53e0",
                    "6d238067-cc0e-4f1f-b919-b269dd59e97d",
                    "422e5430-cd76-4189-945d-7b58e2c2d2a8",
                    "d81d71b9-7331-485a-8cde-2de116ff1ff1"
                ],
                "keywords": [
                    "智能巡航",
                    "驾驶强度",
                    "高速",
                    "舒适"
                ]
            },
            {
                "summary": "E8的车机系统搭载了高通骁龙8295芯片，流畅度高，支持多任务处理和游戏，用户体验良好。",
                "summary_topic": "车机体验好",
                "uuid": [
                    "0aa6e777-de0b-4ec9-8457-4900c45bc2f0",
                    "75b7e727-33b0-420b-bd3b-0f1d28611c51",
                    "92071f9c-6c42-4cd0-a9b2-c565eb5da8eb",
                    "b4131064-e518-4402-b3ce-122ba006f190",
                    "f1c82f2b-d84b-40cd-b61b-13f5079dc29a"
                ],
                "keywords": [
                    "8295芯片",
                    "车机流畅度",
                    "智能座舱",
                    "游戏",
                    "多任务处理"
                ]
            },
            {
                "summary": "银河E8的智能巡航辅助功能在高速行驶中表现出色，能够保持车道居中行驶，并根据前方车辆自动调整速度，减轻驾驶员的疲劳感。",
                "summary_topic": "智能巡航好",
                "uuid": [
                    "03426b47-087c-452a-86a4-6c0b09c6887e",
                    "faa53d58-0ac2-4fd6-8c67-7407de4f95ed",
                    "40c8c01a-1452-4c14-acde-1e21f53246d8",
                    "c9e194c6-4c8a-427f-9390-3eb9b739117a"
                ],
                "keywords": [
                    "智能巡航",
                    "高速",
                    "车道居中",
                    "自动调整速度"
                ]
            },
            {
                "summary": "银河E8的AI精灵功能经过OTA升级后，能够提供丰富的互动体验，包括语音控制、音乐播放、导航等，提升了用户的驾驶乐趣。",
                "summary_topic": "AI精灵好",
                "uuid": [
                    "1b32d17c-39e1-42a3-9c6d-0b87e61ca3c9",
                    "5f27cd6a-82a7-4f53-9ba7-a72f7f615880",
                    "c547b64f-4dc9-4fae-aa8c-7b4115fa300a",
                    "c7046733-9972-4efb-baf0-780009de7f23"
                ],
                "keywords": [
                    "AI精灵",
                    "语音控制",
                    "音乐播放",
                    "导航"
                ]
            }
        ],
        "disadvantage": [
            {
                "summary": "银河E8的车机系统存在应用商店软件少的问题，用户无法自定义壁纸，且部分功能受限，影响了用户的使用体验。",
                "summary_topic": "车机功能差",
                "uuid": [
                    "a98b4551-ffb6-4029-b56e-78da744f215c",
                    "859a131e-4a88-4fc5-8ffa-0d02fae3aadb",
                    "5200ec25-7cab-484d-a7cd-0432d7e079fa",
                    "f7bbddf4-9789-49f1-9deb-42f9dd6ca702",
                    "6cc2b44d-f7ee-44d0-ba8f-1cb1cdca3967"
                ],
                "keywords": [
                    "应用商店",
                    "自定义壁纸",
                    "功能受限",
                    "使用体验"
                ]
            },
            {
                "summary": "银河E8的蓝牙钥匙功能不够稳定，用户反馈有时无法自动连接，需要手动操作，影响了便捷性。",
                "summary_topic": "蓝牙钥匙差",
                "uuid": [
                    "2b0fc16e-45e2-4811-a529-75cf1fc36098",
                    "e966f226-425e-4cd1-81d9-bf9e3c95acd2",
                    "7991696f-6570-4254-9b3c-cdcbc22d56e4",
                    "8db7e352-ac79-4d7a-b990-2d5c0f9f77fa",
                    "e4054eb0-b847-42f3-9fcb-ae9a7f91b606"
                ],
                "keywords": [
                    "蓝牙钥匙",
                    "自动连接",
                    "手动操作",
                    "便捷性"
                ]
            },
            {
                "summary": "银河E8的车机系统应用商店软件数量较少，用户无法随心所欲下载需要的应用，限制了车机的使用体验。",
                "summary_topic": "车机软件少",
                "uuid": [
                    "3eda7fe2-74e3-4c16-a30f-a40b0e84c0a9",
                    "4652982f-9280-4b2d-a064-6328486ed5f2",
                    "a0a3b3c9-5f02-4cca-8852-8796b167c639"
                ],
                "keywords": [
                    "应用商店",
                    "软件数量",
                    "车机"
                ]
            },
            {
                "summary": "银河E8的车机系统在导航时缺乏车道级地图，导致用户在复杂路口时可能走错路，影响导航的实用性。",
                "summary_topic": "导航实用差",
                "uuid": [
                    "4652982f-9280-4b2d-a064-6328486ed5f2",
                    "6c171e85-7b25-4efd-b937-0f3f06eaa7f5",
                    "ad00e34f-f6a8-4b0c-ae59-a156dd25059c"
                ],
                "keywords": [
                    "导航",
                    "车道级地图",
                    "实用性"
                ]
            },
            {
                "summary": "银河E8的车机系统在某些情况下会出现死机或卡顿现象，影响用户的使用体验和车机的流畅度。",
                "summary_topic": "车机流畅差",
                "uuid": [
                    "3b57f561-71ed-478c-b659-d24cd9f50b52",
                    "ac748962-5760-4885-81be-ad1cfddc8427",
                    "cfd2c9c5-9798-45fa-8862-36039e74531e"
                ],
                "keywords": [
                    "车机",
                    "死机",
                    "卡顿",
                    "流畅度"
                ]
            }
        ],
        "theme": "智能系统"
    },
    {
        "advantage": [
            {
                "summary": "银河E8的外观设计受到广泛好评，车身线条流畅，溜背造型和无框车门设计使其看起来非常时尚和现代，吸引了很多消费者的目光。",
                "summary_topic": "外观设计好",
                "uuid": [
                    "308c75c4-a4d7-4fcf-8a58-f481d8276b15",
                    "f1ecf648-bf53-4e99-977d-2dcc910547b8",
                    "25a4aa66-4d3a-472e-8720-df048a556cf1",
                    "654bf914-a362-45b8-aa0f-57d0ea89cd30",
                    "b892c62e-563f-4370-a681-b9bfdf0251a9"
                ],
                "keywords": [
                    "外观",
                    "溜背",
                    "无框车门",
                    "线条流畅",
                    "时尚"
                ]
            },
            {
                "summary": "银河E8的内饰设计被认为科技感十足，尤其是大屏幕设计给用户带来了震撼的视觉体验。",
                "summary_topic": "内饰科技感强",
                "uuid": [
                    "f1ecf648-bf53-4e99-977d-2dcc910547b8",
                    "25a4aa66-4d3a-472e-8720-df048a556cf1",
                    "b4bfa8a6-7bb8-4d8c-b05e-a4fe82e29e28",
                    "1eb7be52-86ab-4ed4-bd7c-cf96920bbfdd",
                    "f13655df-0f47-45c8-bf51-8272ea05465d"
                ],
                "keywords": [
                    "内饰",
                    "科技感",
                    "大屏幕",
                    "视觉体验"
                ]
            },
            {
                "summary": "外观设计时尚，车身线条流畅，溜背造型和无边框车门增加了视觉冲击力，吸引了众多消费者。",
                "summary_topic": "外观设计好",
                "uuid": [
                    "c5f7b9e5-861b-44a3-bb51-61bdfd98caa2",
                    "3e797d48-406b-4f14-8da0-64c156d536cc",
                    "9ec886d6-5279-4e9f-99e9-212bcc9f109a",
                    "1bff5491-8a43-4c3f-bf00-3efa5de8eb8e",
                    "e7789c5a-4bc6-454c-8220-5db3ca141e40"
                ],
                "keywords": [
                    "外观设计",
                    "溜背造型",
                    "无边框车门",
                    "视觉冲击"
                ]
            },
            {
                "summary": "内饰设计精致，采用大屏幕和翻毛皮等高档材质，提升了车内的科技感和豪华感。",
                "summary_topic": "内饰设计好",
                "uuid": [
                    "c5f7b9e5-861b-44a3-bb51-61bdfd98caa2",
                    "8529b522-dafc-4804-babe-50c6867b5552",
                    "70827243-e7df-4aae-9fbb-b1e27729f076",
                    "85dae1b5-f9a3-41f3-bcfe-a77bf25e1592",
                    "c7e5429f-f659-479c-abfc-ae190eccf1c8"
                ],
                "keywords": [
                    "内饰设计",
                    "大屏幕",
                    "翻毛皮",
                    "科技感"
                ]
            },
            {
                "summary": "外观设计受到广泛好评，许多用户认为其外观时尚动感，符合年轻人的审美。",
                "summary_topic": "外观设计好",
                "uuid": [
                    "b4d42c0c-06be-427b-a0a9-bad6fde23fb6",
                    "732ae6bd-714f-43b0-a2f4-36b703f89fc9",
                    "dfe12094-c885-4dbf-8ac5-45c6bfe6e805",
                    "ad2e18c1-6032-4ca0-b161-89f86a6829a2",
                    "38b0f5a8-9227-4ae8-9850-7347766e50f0"
                ],
                "keywords": [
                    "外观",
                    "设计",
                    "时尚",
                    "动感",
                    "年轻"
                ]
            }
        ],
        "disadvantage": [
            {
                "summary": "银河E8的内饰虽然科技感强，但有用户反映其内饰质感较差，部分材料使用不够高级，影响整体体验。",
                "summary_topic": "内饰质感差",
                "uuid": [
                    "89bd4d0b-99c5-457f-99a8-c6eeff50d99d",
                    "f1e82eaf-f960-48ed-81bc-daa174a24304",
                    "80dc7cd0-0d54-4930-bb7a-93002afba4a0",
                    "085fdf57-9123-4888-bd7b-11cccef13de8",
                    "6b93e017-3673-4a47-93eb-5304bea97121"
                ],
                "keywords": [
                    "内饰",
                    "质感",
                    "材料",
                    "体验"
                ]
            },
            {
                "summary": "银河E8的底盘较低，容易在不平整的路面上刮蹭，影响车辆的通过性。",
                "summary_topic": "底盘通过性差",
                "uuid": [
                    "a621d3f6-f2af-43b5-9a80-6bb230d417af",
                    "34693c3d-ffc1-43dd-9adb-606b8a6df91f",
                    "f1e82eaf-f960-48ed-81bc-daa174a24304",
                    "e87e5ade-6306-4982-8ea8-958721417fa1",
                    "59d073c9-4b02-46a5-954f-55c3d2e141a8"
                ],
                "keywords": [
                    "底盘",
                    "通过性",
                    "刮蹭",
                    "路面"
                ]
            },
            {
                "summary": "内饰用料被批评为廉价，塑料感强，影响整体质感。",
                "summary_topic": "内饰用料差",
                "uuid": [
                    "847a526e-b5cb-4fcf-b1e9-b2e16cd44c53",
                    "c440bdbe-7627-4d01-a3a6-32698683651a",
                    "ba4dd3d0-e0ff-4c91-97f4-a1d579eadf6d",
                    "52020dfd-3d17-4267-85a3-1b905ba7394d",
                    "a1fd9ebd-10bc-498b-b308-2dbbe64f2965"
                ],
                "keywords": [
                    "内饰",
                    "用料",
                    "塑料感",
                    "廉价"
                ]
            },
            {
                "summary": "后排空间被认为不够舒适，座椅设计不合理，影响乘坐体验。",
                "summary_topic": "后排空间差",
                "uuid": [
                    "f346ca07-a927-4e2f-a475-1d63936f3d7b",
                    "47749498-daf1-4079-b6d2-b640a0a33fe0",
                    "a84a5c71-f7bf-4204-a04a-0c236edc14a9",
                    "1c8ba07c-f399-492b-9c27-35997c9a3fd4",
                    "edf367ee-5cec-4010-9e82-689071739739"
                ],
                "keywords": [
                    "后排",
                    "空间",
                    "座椅",
                    "舒适性"
                ]
            },
            {
                "summary": "大屏幕设计被部分用户认为过于夸张，影响驾驶体验。",
                "summary_topic": "大屏设计差",
                "uuid": [
                    "f104b718-bd4f-43aa-b29e-18bfafc242a4",
                    "546948db-4902-494b-85a1-44b214a1ab73",
                    "544327ca-0041-44ab-ad05-0a0058d2886d",
                    "f2c1edad-ff9f-43c4-b39c-46dd849b8bc8",
                    "4cbaa995-a00a-457c-a8fa-5cc1f0ce099f"
                ],
                "keywords": [
                    "大屏幕",
                    "设计",
                    "驾驶体验"
                ]
            }
        ],
        "theme": "外观内饰"
    },
    {
        "advantage": [
            {
                "summary": "车辆动力强劲，尤其是在高速行驶时表现出色，提供了良好的驾驶体验。",
                "summary_topic": "动力强劲",
                "uuid": [
                    "304d806d-68f8-45b8-8dc6-881d2d897a85",
                    "8a304ca5-a73d-407b-9c65-e3c32e04c5be",
                    "33cd7086-e83f-403b-be32-b2ae5b20e74f",
                    "e418b8ca-2aac-47eb-9090-d0e829485560",
                    "8ab37d99-8eba-401e-92b3-61e93a1189dd"
                ],
                "keywords": [
                    "动力强劲",
                    "推背感",
                    "高速",
                    "抓地力",
                    "驾驶乐趣"
                ]
            },
            {
                "summary": "E8的驾驶性能表现出色，动力充沛，操控灵活，尤其是在高速和市区驾驶中表现优异，驾驶体验令人满意。",
                "summary_topic": "驾驶性能好",
                "uuid": [
                    "b771e28e-8460-4dd7-81fe-ff9eb6cd71ce",
                    "6b93e017-3673-4a47-93eb-5304bea97121",
                    "e0a9d412-14d7-4cb8-9a59-a1687b929fa5",
                    "9b6cf4c3-4bba-4cb2-8566-6bf0339d7d7a",
                    "d53691e4-dc08-4bd1-a22e-cf5ba65ad584"
                ],
                "keywords": [
                    "驾驶感受",
                    "动力",
                    "操控",
                    "驾驶体验",
                    "高速"
                ]
            },
            {
                "summary": "E8在驾驶过程中提供了良好的稳定性和舒适性，尤其是在高速行驶和转弯时表现出色，底盘稳固。",
                "summary_topic": "驾驶稳定性好",
                "uuid": [
                    "d4558162-31cf-4350-a648-1d7f7cb16754",
                    "bfb696ac-6a40-4938-aef0-69e00b0f39ff",
                    "1eb7be52-86ab-4ed4-bd7c-cf96920bbfdd",
                    "d7c57678-5b7a-40bf-97fd-1693c8f6144b",
                    "e87e5ade-6306-4982-8ea8-958721417fa1"
                ],
                "keywords": [
                    "底盘",
                    "稳定性",
                    "舒适",
                    "转弯",
                    "高速"
                ]
            },
            {
                "summary": "车辆在高速行驶时表现出色，电耗控制良好，续航达成率高。",
                "summary_topic": "高速续航表现好",
                "uuid": [
                    "e38e8c33-f38d-42b6-9c8c-6ed911280863",
                    "6d238067-cc0e-4f1f-b919-b269dd59e97d",
                    "9d1cff04-39a0-46b9-9706-826446b928e6",
                    "b023d6db-992e-4110-a4ed-6126e78c9994",
                    "65ca21c8-a3f5-43c1-b4f4-77244b44ce17"
                ],
                "keywords": [
                    "高速",
                    "续航",
                    "电耗",
                    "定速巡航",
                    "达成率"
                ]
            },
            {
                "summary": "驾驶体验良好，车辆在高速行驶时稳定性高，操控性强。",
                "summary_topic": "高速操控性强",
                "uuid": [
                    "d7e67075-d795-4aba-8a0c-6c01a7b1dc41",
                    "c21deae0-a84a-47d0-af9a-63d90d24b35f",
                    "c156e964-4c0e-4803-9998-de06319c9547",
                    "f5901e5d-ecb0-4bb5-bfe6-b7ed32d084e6",
                    "ce9171b6-aad3-473c-aeb5-1810670098f2"
                ],
                "keywords": [
                    "操控",
                    "稳定性",
                    "驾驶体验",
                    "高速",
                    "底盘"
                ]
            }
        ],
        "disadvantage": [
            {
                "summary": "E8在高速行驶时噪音较大，尤其是风噪和胎噪明显，影响驾驶舒适性。",
                "summary_topic": "高速噪音大",
                "uuid": [
                    "92eb64ae-4f9e-48f4-885e-f3ff2d896aca",
                    "6b93e017-3673-4a47-93eb-5304bea97121",
                    "21b62ade-f1ca-4f8a-bb0d-1464355a1ef2",
                    "9b6cf4c3-4bba-4cb2-8566-6bf0339d7d7a",
                    "e87e5ade-6306-4982-8ea8-958721417fa1"
                ],
                "keywords": [
                    "风噪",
                    "胎噪",
                    "噪音",
                    "高速",
                    "NVH"
                ]
            },
            {
                "summary": "E8的底盘较低，容易在不平路面或地库中刮底，影响驾驶体验。",
                "summary_topic": "底盘过低",
                "uuid": [
                    "78746c61-2132-42e6-9753-ad3d04daa935",
                    "bfb696ac-6a40-4938-aef0-69e00b0f39ff",
                    "5d422ce8-5f3f-45f4-80e7-867bd0ffce3c",
                    "e87e5ade-6306-4982-8ea8-958721417fa1",
                    "22299671-6c18-4a26-a72a-1c82aea3e097"
                ],
                "keywords": [
                    "底盘",
                    "刮底",
                    "地库",
                    "通过性"
                ]
            },
            {
                "summary": "车辆在高速行驶时电耗较高，续航表现不佳。",
                "summary_topic": "高速续航表现差",
                "uuid": [
                    "a8e345e6-74a2-4a6d-82cb-ee70f65b162b",
                    "4ea375e3-8787-44dc-a52e-c490acd5e98b",
                    "e248423b-e8f3-42ce-9c0a-019fec1fc7b1",
                    "7933f7da-3eaa-4c87-b12a-e9e5522488d5",
                    "a0ce7b63-c1f7-4b80-82d5-9db6ec935bc0"
                ],
                "keywords": [
                    "电耗",
                    "续航",
                    "高速",
                    "能耗"
                ]
            },
            {
                "summary": "车辆在高速行驶时底盘较低，容易刮蹭，影响驾驶体验。",
                "summary_topic": "高速底盘刮蹭",
                "uuid": [
                    "6ff89d5e-87ea-4ff6-bd8f-86338c8dc780",
                    "e00c1c85-dbc2-46ec-b3f2-68a0124e6c19",
                    "384a3d5e-4222-43da-ae01-4c236299ff04",
                    "b4513557-2d6e-4e07-bb03-e48bb0722528",
                    "f39cc039-5bee-4991-aba0-a875fa4cd40c"
                ],
                "keywords": [
                    "底盘",
                    "刮蹭",
                    "高速",
                    "离地间隙"
                ]
            },
            {
                "summary": "E8的车机系统存在一些问题，如语音识别不灵敏，导航不够智能。",
                "summary_topic": "车机系统差",
                "uuid": [
                    "cba1f51d-12f3-4e5e-9c6a-177e057bff6b",
                    "2a38db6f-b411-48c2-9848-7ecd51c507f8",
                    "0a6b4969-6547-4c18-9c42-9589cc214341",
                    "d394c22d-e803-4cc8-9f07-e1f47e842e65",
                    "2c0d0508-dc86-4542-9e9e-940ac10ebcf8"
                ],
                "keywords": [
                    "车机系统",
                    "语音识别",
                    "导航",
                    "智能",
                    "系统问题"
                ]
            }
        ],
        "theme": "驾驶性能"
    },
    {
        "advantage": [
            {
                "summary": "银河E8的价格相对较低，购车成本较为实惠，用户普遍认为性价比高。",
                "summary_topic": "价格性价比高",
                "uuid": [
                    "308c75c4-a4d7-4fcf-8a58-f481d8276b15",
                    "617502c3-6faa-487e-a624-217e5862ec2c",
                    "b7adcb0c-4750-4072-b8b9-5ebded955875",
                    "f53f1945-29e0-42a4-ac39-6b9398d69cb8",
                    "e50aeca3-5ff5-40da-a860-616bc9b48533"
                ],
                "keywords": [
                    "价格",
                    "性价比",
                    "实惠",
                    "购车成本"
                ]
            },
            {
                "summary": "银河E8的用车成本低，电费相对便宜，充电成本较低。",
                "summary_topic": "用车成本低",
                "uuid": [
                    "617502c3-6faa-487e-a624-217e5862ec2c",
                    "b0bba43c-2078-4ab1-953f-2d38cb9237ec",
                    "9b299993-be67-4523-9921-09e8393e0b58",
                    "f53f1945-29e0-42a4-ac39-6b9398d69cb8",
                    "03b41811-5fdd-48ec-a2fc-a0020d8bad0b"
                ],
                "keywords": [
                    "用车成本",
                    "电费",
                    "充电成本",
                    "省钱"
                ]
            },
            {
                "summary": "电动车的用车成本非常低，特别是在家用充电桩充电时，电费仅为几毛钱一度，整体用车费用大幅降低。",
                "summary_topic": "用车成本低",
                "uuid": [
                    "df846a1b-9677-449b-abcb-5752b6c9bd81",
                    "e0a9d412-14d7-4cb8-9a59-a1687b929fa5",
                    "0219722b-9d25-4db6-ba14-1f2c1d4490e9",
                    "1db5fb92-cede-4c4f-919a-33c2e64cab29",
                    "83dc313b-b27e-480d-902d-f6e71777bb9a"
                ],
                "keywords": [
                    "用车成本",
                    "电费",
                    "充电桩",
                    "省钱"
                ]
            },
            {
                "summary": "电动车在高速和市区驾驶时的电费远低于油车的油费，尤其是在家用充电桩充电时更为经济。",
                "summary_topic": "电费低于油费",
                "uuid": [
                    "eb294e0e-8990-453d-a74d-27e53f217177",
                    "75a3d90e-3985-4467-90b8-17cee284e572",
                    "e98e66d2-c049-4190-84da-01b562768887",
                    "d6315f94-5010-4b84-a9b4-f9d00e63a053",
                    "a3cfd81f-9714-41a9-9f7a-398100eacfed"
                ],
                "keywords": [
                    "电费",
                    "油费",
                    "充电桩",
                    "续航"
                ]
            },
            {
                "summary": "电动车的充电成本在市区和家用充电桩充电时非常低，尤其是使用谷电时更加便宜。",
                "summary_topic": "充电成本低",
                "uuid": [
                    "6fab061a-4ebf-48ea-94d1-e91d5eb970e7",
                    "545e1128-8c98-491f-ae45-799197cea92c",
                    "1ca06bc7-2413-4889-bdda-c35672e830f8",
                    "9cc5dcd0-20f7-4ea5-93db-affc64fe629b",
                    "9f67319c-0354-4d74-b148-a132cd43726d"
                ],
                "keywords": [
                    "充电成本",
                    "谷电",
                    "市区",
                    "家用充电桩"
                ]
            }
        ],
        "disadvantage": [
            {
                "summary": "部分用户认为银河E8的价格仍然偏高，尤其是高配版本。",
                "summary_topic": "高配价格高",
                "uuid": [
                    "84c96800-dd63-4a01-97a6-132499fc23f0",
                    "b1c77189-e50b-4d0d-910a-dd3ab840c7f2",
                    "d54c86b4-8221-4c5b-9dca-8c4596688e32",
                    "621c0fb4-46b1-4691-bc20-45cbea90981f",
                    "f53f1945-29e0-42a4-ac39-6b9398d69cb8"
                ],
                "keywords": [
                    "价格",
                    "高配",
                    "贵",
                    "费用"
                ]
            },
            {
                "summary": "部分用户对银河E8的保值率表示担忧，认为电动车贬值较快。",
                "summary_topic": "保值率低",
                "uuid": [
                    "e17ac342-d4b1-4081-b379-955328e6e7e3",
                    "7b3097b7-9a69-4324-8b63-6d97263d1bf0",
                    "25150c9d-8bb3-4eae-be60-ae84528bf61f",
                    "e43d02ab-e26b-45d0-bcb7-281921f89721",
                    "9e484a0c-1897-4df3-b5b6-38946e2f9616"
                ],
                "keywords": [
                    "保值率",
                    "贬值",
                    "电动车",
                    "担忧"
                ]
            },
            {
                "summary": "在高速服务区充电的费用较高，尤其是与家用充电桩相比，价格差距明显。",
                "summary_topic": "高速充电贵",
                "uuid": [
                    "87e6d3de-9cd0-49bc-801e-cd74909118d9",
                    "3032d758-362b-497c-8002-619f82043c63",
                    "35c2048a-ade1-4db7-add9-08733bbbd16c",
                    "5ccb61a8-3111-4820-954a-857ade6e956b",
                    "e6b1c69a-d882-4de7-bbf7-8aa3beabfcfb"
                ],
                "keywords": [
                    "高速充电",
                    "服务区",
                    "费用",
                    "价格"
                ]
            },
            {
                "summary": "部分用户对置换补贴政策感到不满，认为没有置换的用户在购车成本上处于不利地位。",
                "summary_topic": "置换政策差",
                "uuid": [
                    "de75b8b2-4f37-463d-8ebf-301d0c933742",
                    "33727ca2-923a-4c30-9ea9-91c2e6492952",
                    "f586f180-a0d1-4892-9eb8-3ed0fde27375",
                    "396feaa2-10f6-4d0f-b21d-85cf0a3fcddb",
                    "5337bd56-6163-4721-9a54-c5a1ebd668c2"
                ],
                "keywords": [
                    "置换补贴",
                    "优惠",
                    "购车成本",
                    "政策",
                    "置换"
                ]
            },
            {
                "summary": "部分用户对价格不满，认为价格过高，尤其是在没有享受置换补贴的情况下。",
                "summary_topic": "价格过高",
                "uuid": [
                    "a1221525-90f5-493e-a7a6-8b7767565a81",
                    "4c2ea4da-ed94-40f1-99b7-729fbbd1b0ef",
                    "a3c4c7db-3139-48be-8af6-d5bfbe89342c",
                    "91875ce4-419a-4309-bc00-5378b3b0a9cf",
                    "9cb15072-a980-4899-b686-1598bfd078b5"
                ],
                "keywords": [
                    "价格",
                    "置换",
                    "优惠",
                    "购车成本",
                    "高"
                ]
            }
        ],
        "theme": "价格成本"
    }
]